player_name,elo,hard_elo,clay_elo,grass_elo,rank,rank_points,age,ht,is_left,matches_played,win_last_5,win_last_25,win_last_50,win_last_100,elo_grad_20,elo_grad_35,elo_grad_50,elo_grad_100
Ivo Lagzdins,1393.284001008522,1393.284001008522,1400.0,1393.284001008522,2000.0,0.0,44.8,185.67156964873536,0,1,0.0,0.0,0.0,0.0,-6.715998991478045,-6.715998991478045,-6.715998991478045,-6.715998991478045
Jonathan Stark,1746.0959375302857,1756.863623584101,1746.0959375302857,1756.863623584101,1014.0,5.0,54.2,188.0,0,51,0.0,0.0,0.0,0.0,-10.767686053815623,-10.767686053815623,-10.767686053815623,-10.767686053815623
Juan Carlos Saez,1442.9974505652715,1442.9974505652715,1442.9974505652715,1442.9974505652715,241.0,199.0,34.1,186.27336318231923,0,2,1.0,1.0,1.0,1.0,42.99745056527149,42.99745056527149,42.99745056527149,42.99745056527149
Purav Raja,1400.0,1400.0,1400.0,1400.0,907.0,11.0,39.7,183.0,0,0,0.0,0.0,0.0,0.0,0.0,0.0,0.0,0.0
Hernan Casanova,1400.0,1400.0,1400.0,1400.0,321.0,147.0,31.4,178.0,0,0,0.0,0.0,0.0,0.0,0.0,0.0,0.0,0.0
Tomislav Jotovski,1367.1028680865968,1400.0,1373.1152071807471,1367.1028680865968,1412.0,2.0,34.6,185.67156964873536,0,2,0.0,0.0,0.0,0.0,-32.8971319134032,-32.8971319134032,-32.8971319134032,-32.8971319134032
Alex Kuznetsov,1498.107404543519,1490.7888973845834,1438.4038501674077,1413.8565145996677,311.0,153.0,38.4,183.0,0,38,0.2,0.24,0.2368421052631578,0.2368421052631578,22.208201050809063,112.76089107528242,98.10740454351868,98.10740454351868
Brandon Burke,1400.0,1400.0,1400.0,1400.0,2000.0,0.0,32.4,185.67156964873536,0,0,0.0,0.0,0.0,0.0,0.0,0.0,0.0,0.0
Facundo Diaz Acosta,1580.7389435778875,1372.9319950992272,1641.451239786463,1400.0,67.0,830.0,24.8,183.0,1,40,0.2,0.48,0.45,0.45,-76.27936603844864,152.04590071430425,180.73894357788757,180.73894357788757
Evan Furness,1404.5809995111715,1404.5809995111715,1404.5809995111715,1404.5809995111715,208.0,245.0,27.1,173.0,0,0,0.0,0.0,0.0,0.0,0.0,0.0,0.0,0.0
Ulises Blanch,1400.0,1400.0,1400.0,1400.0,244.0,207.0,27.4,188.0,0,0,0.0,0.0,0.0,0.0,0.0,0.0,0.0,0.0
Petr Nesterov,1423.3002723042628,1400.0,1400.0,1423.3002723042628,413.0,112.0,22.5,185.67156964873536,0,1,1.0,1.0,1.0,1.0,23.30027230426276,23.30027230426276,23.30027230426276,23.30027230426276
Olivier Mutis,1757.6987105800638,1684.6625419644577,1891.9832040651925,1796.8158802717849,125.0,345.0,47.1,175.0,0,109,0.2,0.32,0.4,0.4067796610169492,-75.1046145367036,-107.037654864532,-63.85620247812244,-37.22688391968745
Predrag Rusevski,1445.4359688491827,1432.402795300966,1438.4087886412667,1445.4359688491827,1533.0,1.0,41.8,185.67156964873536,0,14,0.2,0.4285714285714285,0.4285714285714285,0.4285714285714285,45.4359688491827,45.4359688491827,45.4359688491827,45.4359688491827
Gvidas Sabeckis,1373.8264038506932,1400.0,1400.0,1373.8264038506932,564.0,72.0,41.2,185.67156964873536,0,1,0.0,0.0,0.0,0.0,-26.17359614930683,-26.17359614930683,-26.17359614930683,-26.17359614930683
Ilou Lonfo,1386.137556722162,1400.0,1400.0,1386.137556722162,2000.0,0.0,51.4,186.27336318231923,0,1,0.0,0.0,0.0,0.0,-13.862443277837883,-13.862443277837883,-13.862443277837883,-13.862443277837883
Suwandi Suwandi,1536.9598220876708,1578.2457502390623,1536.9598220876708,1536.9598220876708,751.0,21.0,49.0,178.0,0,32,0.2,0.5909090909090909,0.5909090909090909,0.5909090909090909,-111.45071740937146,-79.54740538871488,-79.54740538871488,-79.54740538871488
Arjun Kadhe,1359.1593757676906,1359.1593757676906,1359.1593757676906,1359.1593757676906,778.0,26.0,31.0,185.0,0,3,0.0,0.0,0.0,0.0,-40.84062423230944,-40.84062423230944,-40.84062423230944,-40.84062423230944
Christophe Tholl,1341.4190628646304,1367.1281697020202,1400.0,1341.4190628646304,2000.0,0.0,30.1,185.67156964873536,0,3,0.0,0.0,0.0,0.0,-58.5809371353696,-58.5809371353696,-58.5809371353696,-58.5809371353696
Abdelhak Hameurlaine,1378.137302872467,1378.137302872467,1378.137302872467,1378.137302872467,2000.0,0.0,53.2,185.67156964873536,0,5,0.2,0.2,0.2,0.2,-21.86269712753301,-21.86269712753301,-21.86269712753301,-21.86269712753301
Elmer Moller,1440.2969669415315,1412.7373734884336,1400.0,1440.2969669415315,247.0,231.0,22.1,183.0,0,5,0.6,0.6,0.6,0.6,40.29696694153154,40.29696694153154,40.29696694153154,40.29696694153154
Konstantin Don Gruber,1699.7195617275106,1699.7195617275106,1699.7195617275106,1699.7195617275106,633.0,25.0,45.9,183.0,0,51,1.0,1.0,1.0,1.0,9.149725414527438,9.149725414527438,9.149725414527438,9.149725414527438
Damian Patriarca,1400.0,1400.0,1400.0,1400.0,284.0,128.0,42.0,185.67156964873536,0,0,0.0,0.0,0.0,0.0,0.0,0.0,0.0,0.0
Yanquiel Medina Sobrino,1400.0,1400.0,1400.0,1400.0,2000.0,0.0,42.0,186.27336318231923,0,0,0.0,0.0,0.0,0.0,0.0,0.0,0.0,0.0
Nik Razborsek,1405.2072855825295,1367.199495235253,1405.2072855825295,1400.0,700.0,26.0,31.4,173.0,1,3,0.3333333333333333,0.3333333333333333,0.3333333333333333,0.3333333333333333,5.207285582529721,5.207285582529721,5.207285582529721,5.207285582529721
Farrukh Dustov,1424.098538984969,1426.0159041353431,1451.256795539825,1333.8644086589904,225.0,240.0,39.1,196.0,0,35,0.0,0.28,0.2857142857142857,0.2857142857142857,32.64066680994006,45.68463813291828,24.09853898496908,24.09853898496908
Jean Christophe Faurel,1618.5525921803885,1675.295965067217,1591.9157547573698,1631.3732361881775,148.0,288.0,44.4,175.0,0,18,0.2,0.25,0.25,0.25,-12.82064400778927,-12.82064400778927,-12.82064400778927,-12.82064400778927
Jicham Zaatini,1438.6016261013492,1594.3427435590586,1653.3623202403123,1649.9462348496656,2000.0,0.0,48.8,185.67156964873536,0,22,0.2,0.1666666666666666,0.1666666666666666,0.1666666666666666,-233.04562995193143,-233.04562995193143,-233.04562995193143,-233.04562995193143
Dominic Stricker,1645.3288246351203,1554.4871931487762,1441.8428933858158,1488.3156465318912,258.0,212.0,23.1,183.0,1,48,0.6,0.44,0.5,0.5,-111.38389659110815,55.80342622274134,245.32882463512036,245.32882463512036
Ruan Roelofse,1334.8615577487533,1344.2246676234524,1400.0,1334.8615577487533,787.0,25.0,35.8,188.0,0,9,0.2,0.2222222222222222,0.2222222222222222,0.2222222222222222,-65.13844225124672,-65.13844225124672,-65.13844225124672,-65.13844225124672
Jan Zielinski,1400.0,1400.0,1400.0,1400.0,860.0,18.0,28.1,180.0,0,0,0.0,0.0,0.0,0.0,0.0,0.0,0.0,0.0
Juan Pablo Ficovich,1375.7482135396626,1375.7482135396626,1375.7482135396626,1375.7482135396626,230.0,277.0,28.0,191.0,0,1,0.0,0.0,0.0,0.0,-24.25178646033737,-24.25178646033737,-24.25178646033737,-24.25178646033737
Marc Fornell Mestres,1613.005426238439,1613.005426238439,1613.005426238439,1613.005426238439,284.0,132.0,43.1,185.67156964873536,0,10,0.0,0.0,0.0,0.0,0.0,0.0,0.0,0.0
Federico Rodriguez,1372.5601723126222,1400.0,1396.148935394837,1372.5601723126222,2000.0,0.0,45.2,185.67156964873536,0,2,0.0,0.0,0.0,0.0,-27.43982768737783,-27.43982768737783,-27.43982768737783,-27.43982768737783
Laurent Recouderc,1424.6719344347152,1362.4763477605868,1463.4430689285605,1424.6719344347152,207.0,239.0,41.2,178.0,0,14,0.2,0.2142857142857142,0.2142857142857142,0.2142857142857142,24.67193443471524,24.67193443471524,24.67193443471524,24.67193443471524
Nam Hoang Ly,1443.0103551283362,1459.333718506395,1400.0,1443.0103551283362,554.0,67.0,27.9,175.0,0,7,0.6,0.5714285714285714,0.5714285714285714,0.5714285714285714,43.01035512833619,43.01035512833619,43.01035512833619,43.01035512833619
Florian Mayer,1651.197203990033,1333.2849349939834,1401.1913224203302,1736.3160998483445,193.0,288.0,41.8,190.0,0,507,0.2,0.28,0.28,0.38,-227.02334451121828,-152.1609489860125,-257.7264789847775,-377.17762213340256
Miha Gregorc,1675.3111416231511,1675.3111416231511,1675.3111416231511,1675.3111416231511,579.0,28.0,46.1,185.67156964873536,0,10,0.0,0.0,0.0,0.0,0.0,0.0,0.0,0.0
Jo-Wilfried Tsonga,1776.6403451133035,1483.0105661707958,1380.99007826251,1577.1229531013714,297.0,168.0,40.0,188.0,0,713,0.2,0.28,0.44,0.53,-283.60543254593745,-248.22051088653689,-291.55083804853143,-376.0326641109466
Gastao Elias,1543.3127826325624,1264.368949248622,1721.5899870185654,1372.494729235599,215.0,306.0,34.8,180.0,0,84,0.0,0.32,0.38,0.3452380952380952,-66.77074945645177,-86.67241696509495,22.1013560910842,143.3127826325624
Aleksandar Kovacevic,1449.140433263463,1489.858738151973,1347.303861555508,1429.7192469384177,101.0,607.0,27.1,183.0,0,47,0.2,0.28,0.3404255319148936,0.3404255319148936,-69.78922813900408,-58.52492329573397,49.14043326346268,49.14043326346268
Sergio Roitman,1553.191507206106,1580.2895490434944,1776.3267906263063,1723.3000518508256,121.0,563.0,46.1,185.0,0,136,0.2,0.2,0.28,0.2906976744186046,-82.62122247445404,-149.68404012517658,-96.67049304791452,-188.5195225324924
Kiranpal Pannu,1364.785055038106,1364.785055038106,1364.785055038106,1364.785055038106,454.0,94.0,28.6,185.0,0,6,0.2,0.1666666666666666,0.1666666666666666,0.1666666666666666,-35.214944961893934,-35.214944961893934,-35.214944961893934,-35.214944961893934
Andrey Golubev,1620.86261245461,1571.6655926634608,1542.966669996327,1378.4157029890946,154.0,344.0,38.1,180.0,0,183,0.2,0.24,0.32,0.29,-80.49271753378184,-144.38502999780826,-119.97765903039569,-277.78834965673263
Yazan Al Kasim,1400.0,1400.0,1400.0,1400.0,2000.0,0.0,40.6,185.67156964873536,0,0,0.0,0.0,0.0,0.0,0.0,0.0,0.0,0.0
Alberto Brause,1567.37695261686,1583.7310270409807,1583.7310270409807,1567.37695261686,1135.0,3.0,49.6,186.27336318231923,0,11,0.0,0.0,0.0,0.0,-16.35407442412088,-16.35407442412088,-16.35407442412088,-16.35407442412088
Diego Acuna,1574.9444023343788,1574.9444023343788,1611.5736717800655,1574.9444023343788,891.0,9.0,43.8,185.67156964873536,0,11,0.0,0.0,0.0,0.0,-36.62926944568676,-36.62926944568676,-36.62926944568676,-36.62926944568676
Jorge Aguilar,1489.252138163848,1400.0,1467.1377908019167,1489.252138163848,431.0,91.0,40.2,178.0,0,10,0.4,0.4,0.4,0.4,89.25213816384803,89.25213816384803,89.25213816384803,89.25213816384803
Mikhail Biryukov,1393.096338611755,1393.096338611755,1393.096338611755,1393.096338611755,310.0,136.0,33.3,185.67156964873536,0,1,0.0,0.0,0.0,0.0,-6.903661388244927,-6.903661388244927,-6.903661388244927,-6.903661388244927
Karim Alayli,1226.1792437903346,1272.0157815914718,1377.6290614023137,1226.1792437903346,2000.0,0.0,41.9,185.67156964873536,0,21,0.2,0.1428571428571428,0.1428571428571428,0.1428571428571428,-144.99502254907816,-173.82075620966543,-173.82075620966543,-173.82075620966543
Chia Yen Tsai,1581.0331272448875,1579.904849811281,1566.017592260695,1581.0331272448875,1245.0,2.0,50.5,185.67156964873536,0,13,0.6666666666666666,0.6666666666666666,0.6666666666666666,0.6666666666666666,15.015534984192756,15.015534984192756,15.015534984192756,15.015534984192756
Galo Blanco,1690.4320096341105,1826.6110081619704,1912.5400507087927,1899.734068145811,347.0,92.0,48.5,173.0,0,296,0.2,0.28,0.38,0.38,-110.02637944702953,-173.866664578504,-140.52695143181109,-274.7290327601579
Antal Van Der Duim,1400.0,1400.0,1400.0,1400.0,995.0,8.0,37.4,185.0,0,0,0.0,0.0,0.0,0.0,0.0,0.0,0.0,0.0
Dias Doskarayev,1432.160399088728,1412.11147913231,1432.160399088728,1432.160399088728,2000.0,0.0,40.8,185.67156964873536,0,4,0.5,0.5,0.5,0.5,32.1603990887279,32.1603990887279,32.1603990887279,32.1603990887279
Chemseddine Belal,1624.7483471342362,1624.7483471342362,1624.7483471342362,1624.7483471342362,553.0,31.0,47.4,180.0,0,10,0.0,0.0,0.0,0.0,0.0,0.0,0.0,0.0
Rayane Roumane,1400.0,1400.0,1400.0,1400.0,431.0,78.0,25.0,193.0,0,0,0.0,0.0,0.0,0.0,0.0,0.0,0.0,0.0
Sebastien De Chaunac,1758.4680800712756,1785.3896677725177,1821.5432256351996,1758.4680800712756,144.0,424.0,47.9,183.0,0,82,0.4,0.36,0.34375,0.34375,-39.64756045426043,-52.532362850265145,-52.532362850265145,-52.532362850265145
Lorenzo Musetti,1949.9657882039817,1422.821503112242,1759.3569385440385,1494.4755386432398,17.0,2600.0,23.7,185.0,0,244,0.6,0.64,0.66,0.57,9.052062831550984,115.0545246749225,164.80723082436975,104.948034351846
Hasan Ibrahim,1400.0,1400.0,1400.0,1400.0,1507.0,2.0,29.5,185.67156964873536,0,0,0.0,0.0,0.0,0.0,0.0,0.0,0.0,0.0
Martin Vaisse,1400.0,1400.0,1400.0,1400.0,309.0,146.0,37.7,185.67156964873536,0,0,0.0,0.0,0.0,0.0,0.0,0.0,0.0,0.0
Yshai Oliel,1338.8007236756437,1341.2933791422329,1370.6989797412498,1338.8007236756437,463.0,91.0,25.6,188.0,1,9,0.2,0.2222222222222222,0.2222222222222222,0.2222222222222222,-61.19927632435633,-61.19927632435633,-61.19927632435633,-61.19927632435633
Edouard Roger-Vasselin,1722.1888856522494,1607.1100581880596,1502.76474814774,1506.1253710531078,186.0,290.0,41.5,185.0,0,207,0.4,0.28,0.32,0.41,-27.018057793131906,-170.09055733800164,-193.82925952792107,-73.0162672477552
Hubert Hurkacz,1976.1120657766296,1729.3985066760877,1503.5057859440478,1568.660542675744,14.0,2810.0,28.7,196.0,0,349,0.4,0.68,0.68,0.68,-60.75256762479535,27.503646777737004,-21.93018625555624,27.3740164624212
Max Mirnyi,1635.543525421931,1810.1202715674392,1728.113407975016,1991.363047204297,373.0,84.0,48.0,196.0,0,590,0.2,0.24,0.32,0.41,-187.3609681510759,-247.44658181583145,-279.691636362702,-355.0842340781128
Juan Antonio Marin,1643.206054603254,1861.256181024764,1775.364768835492,1946.4705879957228,259.0,148.0,50.1,175.0,0,238,0.2,0.28,0.32,0.3409090909090909,-115.90502615330524,-164.00031236907876,-164.89610972974424,-303.2645333924688
Joaquin  Aguilar Cardozo ,1429.3461955539487,1429.3461955539487,1429.3461955539487,1429.3461955539487,851.0,22.0,20.4,185.67156964873536,0,3,0.6666666666666666,0.6666666666666666,0.6666666666666666,0.6666666666666666,29.346195553948743,29.346195553948743,29.346195553948743,29.346195553948743
Rogelio Siller,1400.0,1400.0,1400.0,1400.0,2000.0,0.0,29.7,186.27336318231923,0,0,0.0,0.0,0.0,0.0,0.0,0.0,0.0,0.0
Marco Aurelio Nunez,1400.0,1400.0,1400.0,1400.0,2000.0,0.0,32.4,185.67156964873536,1,0,0.0,0.0,0.0,0.0,0.0,0.0,0.0,0.0
Gilbert Wong,1375.0,1375.0,1375.0,1375.0,2000.0,0.0,36.6,185.67156964873536,0,1,0.0,0.0,0.0,0.0,-25.0,-25.0,-25.0,-25.0
Luca Vanni,1438.716711287478,1393.9959963886752,1525.5996345303445,1448.9214853815129,163.0,325.0,39.6,198.0,0,22,0.0,0.2272727272727272,0.2272727272727272,0.2272727272727272,-34.58218036271137,-10.204774094034974,-10.204774094034974,-10.204774094034974
Vasilly Kazhera,1590.5774607245128,1590.5774607245128,1590.5774607245128,1590.5774607245128,1087.0,3.0,43.4,185.67156964873536,0,10,0.0,0.0,0.0,0.0,0.0,0.0,0.0,0.0
Patrik Niklas Salminen,1400.344566524118,1397.6905728920349,1400.0,1400.344566524118,491.0,73.0,28.5,188.0,1,3,0.3333333333333333,0.3333333333333333,0.3333333333333333,0.3333333333333333,0.3445665241181359,0.3445665241181359,0.3445665241181359,0.3445665241181359
Martin Spottl,1800.5481840205434,1809.0411827738533,1809.0411827738533,1800.5481840205434,193.0,184.0,49.2,180.0,0,51,0.0,0.0,0.0,0.0,-8.492998753309848,-8.492998753309848,-8.492998753309848,-8.492998753309848
Brandon Holt,1392.938454966036,1392.938454966036,1392.938454966036,1392.938454966036,227.0,255.0,27.3,185.0,0,8,0.2,0.25,0.25,0.25,-7.061545033963967,-7.061545033963967,-7.061545033963967,-7.061545033963967
Leonardo Olguin,1726.7524600488323,1726.7524600488323,1726.7524600488323,1726.7524600488323,235.0,150.0,49.2,185.67156964873536,0,50,0.0,0.0,0.0,0.0,0.0,0.0,0.0,0.0
Zachary Svajda,1432.1237425369468,1454.804632533815,1432.1237425369468,1400.0,131.0,452.0,22.8,175.0,0,21,0.4,0.2857142857142857,0.2857142857142857,0.2857142857142857,15.510775543858472,32.12374253694679,32.12374253694679,32.12374253694679
Charalampos Kapogiannis,1365.1433190052346,1365.1433190052346,1365.1433190052346,1365.1433190052346,949.0,13.0,35.2,185.67156964873536,0,2,0.0,0.0,0.0,0.0,-34.856680994765384,-34.856680994765384,-34.856680994765384,-34.856680994765384
Oliver Golding,1370.4639028156791,1370.4639028156791,1370.4639028156791,1370.4639028156791,491.0,68.0,31.7,188.0,0,2,0.0,0.0,0.0,0.0,-29.53609718432085,-29.53609718432085,-29.53609718432085,-29.53609718432085
Paul Capdeville,1584.890168684995,1584.4062788114695,1584.974422130264,1550.3997200130202,151.0,370.0,42.4,190.0,0,136,0.4,0.28,0.3,0.36,-52.185113218097285,-43.43442457684069,-136.8835153190264,-206.4824903299177
Gyorgy Balazs,1483.543169054646,1400.0,1421.981767243603,1483.543169054646,2000.0,0.0,40.1,185.67156964873536,0,4,0.75,0.75,0.75,0.75,83.54316905464589,83.54316905464589,83.54316905464589,83.54316905464589
Adelo Abadia,1370.3583034972823,1400.0,1381.1802954707966,1370.3583034972823,2000.0,0.0,47.8,186.27336318231923,0,4,0.25,0.25,0.25,0.25,-29.64169650271765,-29.64169650271765,-29.64169650271765,-29.64169650271765
Sam Groth,1636.641717908153,1394.0238315716315,1406.1426998114375,1641.995138897538,201.0,262.0,37.7,193.0,0,99,0.2,0.24,0.38,0.3838383838383838,-57.54260520024104,-137.63285327063568,33.25562913025078,236.6417179081529
Todd Perry,1658.34974255248,1658.34974255248,1658.34974255248,1658.34974255248,484.0,44.0,48.8,175.0,0,10,0.0,0.0,0.0,0.0,0.0,0.0,0.0,0.0
Pete Sampras,2001.273972115604,2358.637825219205,2147.5296505369183,2343.645539229852,17.0,1560.0,54.0,185.0,0,644,0.4,0.44,0.6,0.63,-156.44888983058215,-202.45368830678308,-174.4685346130086,-278.0045422955254
Magnus Norman,1763.7995248481689,2008.4983858241987,1974.3042347105995,2147.172622283296,75.0,483.0,49.3,188.0,0,499,0.2,0.32,0.38,0.42,-131.82959849897065,-115.86117504467506,-145.89673165433442,-429.1016642763116
Guillermo Garcia Lopez,1634.8049324163298,1420.099520702197,1659.0290691447794,1394.1088936360916,165.0,326.0,42.2,188.0,0,652,0.2,0.32,0.42,0.36,-82.56165474290924,-68.7976385183506,-39.77492153152889,-238.01616142087917
Jun Chao Xu,1400.0,1400.0,1400.0,1400.0,594.0,39.0,37.0,185.67156964873536,0,0,0.0,0.0,0.0,0.0,0.0,0.0,0.0,0.0
Jose Baires,1400.0,1400.0,1400.0,1400.0,1162.0,2.0,45.1,185.67156964873536,0,0,0.0,0.0,0.0,0.0,0.0,0.0,0.0,0.0
Alex Molcan,1763.284847424926,1434.4811822730162,1709.1175102099216,1399.8173139525677,135.0,473.0,27.2,178.0,1,94,0.6,0.56,0.48,0.5319148936170213,-2.5676226248795047,28.527847641991457,-59.64692612805402,363.28484742492606
Konstantin Kravchuk,1408.3409084314392,1334.5543641855447,1452.8680819143194,1363.696265050398,260.0,195.0,40.6,190.0,0,37,0.2,0.24,0.2702702702702703,0.2702702702702703,-55.74692513453124,-29.715153702322823,8.340908431439175,8.340908431439175
Scott Willinsky,1347.254366096082,1386.4805853145065,1400.0,1347.254366096082,2000.0,0.0,50.1,185.67156964873536,0,6,0.2,0.1666666666666666,0.1666666666666666,0.1666666666666666,-52.74563390391813,-52.74563390391813,-52.74563390391813,-52.74563390391813
Rajeev Rajapakse,1400.0,1400.0,1377.1048454850716,1400.0,2000.0,0.0,44.8,185.67156964873536,0,0,0.0,0.0,0.0,0.0,0.0,0.0,0.0,0.0
Febi Widhiyanto,1725.110053753869,1725.110053753869,1725.110053753869,1725.110053753869,2000.0,0.0,45.1,186.27336318231923,0,23,1.0,0.7692307692307693,0.7692307692307693,0.7692307692307693,101.61599639894962,101.61599639894962,101.61599639894962,101.61599639894962
Ariez Elyaas Deen Heshaam,1325.6594104441851,1325.6594104441851,1325.6594104441851,1325.6594104441851,1557.0,1.0,31.7,185.67156964873536,0,3,0.0,0.0,0.0,0.0,-74.34058955581486,-74.34058955581486,-74.34058955581486,-74.34058955581486
Gouichi Motomura,1683.8792477473232,1705.1445396716751,1849.8047995755476,1841.329629569607,273.0,146.0,51.7,173.0,0,96,0.4,0.44,0.4347826086956521,0.4347826086956521,-125.13214237110628,-149.1323544595382,-165.92555182822412,-165.92555182822412
Adrian Mannarino,1574.929603336624,1648.774166554202,1116.6101077054734,1686.6348524837929,54.0,1019.0,37.3,180.0,1,647,0.4,0.32,0.4,0.52,-52.380525188611045,-259.5563105977674,-218.331740382627,-141.6789174185226
Horacio Zeballos,1670.4823362358425,1605.362376540918,1662.4723907469513,1326.044518904658,152.0,373.0,40.3,188.0,1,223,0.4,0.4,0.48,0.43,-7.124457695914771,-85.40282828506133,15.932238444436052,30.428682506693576
Kuan Yi Lee,1432.8396181852409,1432.8396181852409,1432.8396181852409,1432.8396181852409,598.0,48.0,28.3,178.0,0,3,0.6666666666666666,0.6666666666666666,0.6666666666666666,0.6666666666666666,32.83961818524085,32.83961818524085,32.83961818524085,32.83961818524085
Juan Albert Viloca Puig,1920.1056804872635,1905.247681055629,1873.5768123734365,1920.1056804872635,148.0,269.0,52.2,185.0,0,61,0.6,0.5454545454545454,0.5454545454545454,0.5454545454545454,69.41153722259469,69.41153722259469,69.41153722259469,69.41153722259469
Greg Jones,1361.5986615067602,1366.1699201216604,1361.5986615067602,1400.0,373.0,108.0,35.9,190.0,0,5,0.0,0.0,0.0,0.0,-38.40133849323979,-38.40133849323979,-38.40133849323979,-38.40133849323979
Evan King,1407.899206641859,1407.899206641859,1407.899206641859,1407.899206641859,200.0,276.0,32.9,185.0,1,4,0.25,0.25,0.25,0.25,7.899206641859337,7.899206641859337,7.899206641859337,7.899206641859337
Malek Jaziri,1562.9600694130854,1524.3384371727936,1506.0779075197834,1343.1508101045413,444.0,95.0,41.1,185.0,0,242,0.4,0.36,0.34,0.37,-93.03423873072325,-109.49077862547551,-137.99133719111774,-255.78130780634208
Jad Ayoub,1400.0,1400.0,1400.0,1400.0,2000.0,0.0,41.7,186.27336318231923,0,0,0.0,0.0,0.0,0.0,0.0,0.0,0.0,0.0
Casper Ruud,1839.483660751473,1429.2465887132826,1935.37156299608,1307.0729556138692,7.0,3855.0,26.8,183.0,0,393,0.2,0.4,0.62,0.64,-164.34809551270905,-153.34747160462257,-168.23609280747564,-124.70857238632992
Yusuke Takahashi,1400.0,1400.0,1400.0,1400.0,262.0,194.0,27.9,170.0,0,0,0.0,0.0,0.0,0.0,0.0,0.0,0.0,0.0
Gabor Borsos,1364.8468742131947,1412.1828416082851,1377.5310206572512,1364.8468742131947,552.0,7.0,33.5,193.0,0,4,0.25,0.25,0.25,0.25,-35.15312578680528,-35.15312578680528,-35.15312578680528,-35.15312578680528
Alex Bogomolov Jr,1648.780921609724,1639.5651073878348,1349.9558527548963,1489.6468084485432,85.0,625.0,41.9,178.0,0,177,0.2,0.36,0.3,0.4,-3.3755785953621853,-27.34456490993398,-97.06048765351056,-194.85436360516317
Kevin Jonckheer,1388.9952804963807,1388.9952804963807,1400.0,1388.9952804963807,2000.0,0.0,53.2,185.67156964873536,0,1,0.0,0.0,0.0,0.0,-11.0047195036193,-11.0047195036193,-11.0047195036193,-11.0047195036193
Nasser Ghanim Al Khulaifi,1400.0,1400.0,1400.0,1400.0,2000.0,0.0,52.1,185.67156964873536,0,0,0.0,0.0,0.0,0.0,0.0,0.0,0.0,0.0
Jay Clarke,1361.8062112277692,1400.0,1361.8062112277692,1377.3742161335265,156.0,361.0,26.9,183.0,0,12,0.0,0.1666666666666666,0.1666666666666666,0.1666666666666666,-38.193788772230846,-38.193788772230846,-38.193788772230846,-38.193788772230846
Colin Ebelthite,1400.0,1400.0,1400.0,1400.0,254.0,300.0,40.1,185.67156964873536,0,0,0.0,0.0,0.0,0.0,0.0,0.0,0.0,0.0
Brian Dabul,1635.0788132479042,1567.7861680877652,1541.5603948647702,1512.5399478185548,164.0,332.0,41.3,170.0,1,41,0.2,0.32,0.3658536585365853,0.3658536585365853,47.78174361304582,88.42642952959613,151.00234629293004,151.00234629293004
Zack Fleishman,1687.6379178627378,1696.7118289951038,1687.6379178627378,1669.370803054689,437.0,67.0,45.3,188.0,0,33,0.2,0.3043478260869565,0.3043478260869565,0.3043478260869565,-10.417189365959755,14.17159778125938,14.17159778125938,14.17159778125938
Daniel Koellerer,1616.6673630218938,1446.4274130404788,1636.5920860991816,1361.945356737645,109.0,450.0,41.8,180.0,0,54,0.2,0.32,0.34,0.3518518518518518,-66.39177111850063,-2.7638394910443367,136.37389868565333,216.66736302189383
Jorge Tejada,1400.0,1400.0,1400.0,1400.0,2000.0,0.0,56.7,185.67156964873536,0,0,0.0,0.0,0.0,0.0,0.0,0.0,0.0,0.0
Dong Hyun Kim,1625.4492083120556,1620.185222290785,1595.2663730832878,1625.4492083120556,425.0,54.0,46.4,185.67156964873536,0,15,0.6,0.6,0.6,0.6,30.18283522876777,30.18283522876777,30.18283522876777,30.18283522876777
Daniel Kosakowski,1427.56602227259,1427.56602227259,1427.56602227259,1427.56602227259,366.0,114.0,33.0,185.0,0,2,0.5,0.5,0.5,0.5,27.566022272589866,27.566022272589866,27.566022272589866,27.566022272589866
Wilfredo Gonzalez,1421.2177208885334,1445.48779079241,1400.0,1421.2177208885334,1089.0,7.0,32.1,188.0,0,9,0.6,0.5555555555555556,0.5555555555555556,0.5555555555555556,21.21772088853345,21.21772088853345,21.21772088853345,21.21772088853345
Denis Istomin,1569.7653971239242,1423.0694529093712,1390.0159974595226,1594.3000359307,420.0,97.0,39.0,185.0,0,497,0.2,0.2,0.3,0.39,-141.39157591944218,-136.2358938449231,-221.17224054979147,-199.92367696004635
Saketh Myneni,1434.884698692542,1403.7498248569898,1434.884698692542,1400.0,192.0,287.0,37.2,193.0,0,4,0.5,0.5,0.5,0.5,34.88469869254186,34.88469869254186,34.88469869254186,34.88469869254186
Shane Stone,1351.713765109776,1351.713765109776,1351.713765109776,1351.713765109776,1371.0,1.0,47.7,185.67156964873536,0,2,0.0,0.0,0.0,0.0,-48.28623489022402,-48.28623489022402,-48.28623489022402,-48.28623489022402
Vicente Elberto Anasta,1381.1651549816315,1381.1651549816315,1381.1651549816315,1381.1651549816315,2000.0,0.0,43.0,185.67156964873536,0,1,0.0,0.0,0.0,0.0,-18.83484501836847,-18.83484501836847,-18.83484501836847,-18.83484501836847
Kento Takeuchi,1400.0,1400.0,1400.0,1400.0,441.0,92.0,37.7,185.67156964873536,1,0,0.0,0.0,0.0,0.0,0.0,0.0,0.0,0.0
Javier Barranco Cosano,1400.0,1400.0,1400.0,1400.0,254.0,233.0,26.5,180.0,1,0,0.0,0.0,0.0,0.0,0.0,0.0,0.0,0.0
Zach Dailey,1400.0,1400.0,1400.0,1400.0,868.0,10.0,43.2,185.67156964873536,0,0,0.0,0.0,0.0,0.0,0.0,0.0,0.0,0.0
Juan Giner,1754.737211028556,1754.737211028556,1754.737211028556,1754.737211028556,558.0,34.0,47.1,178.0,0,54,0.5,0.5,0.5,0.5,37.29502110171416,37.29502110171416,37.29502110171416,37.29502110171416
David Sherwood,1618.486673403664,1601.9691308507165,1601.9691308507165,1601.9691308507165,233.0,162.0,45.3,193.0,0,13,0.3333333333333333,0.3333333333333333,0.3333333333333333,0.3333333333333333,16.51754255294759,16.51754255294759,16.51754255294759,16.51754255294759
Arthur Fery,1397.2348791766033,1397.2348791766033,1397.2348791766033,1397.2348791766033,247.0,243.0,22.9,175.0,0,1,0.0,0.0,0.0,0.0,-2.765120823396728,-2.765120823396728,-2.765120823396728,-2.765120823396728
Nicklas Timfjord,1706.3733191952724,1706.3733191952724,1706.3733191952724,1706.3733191952724,421.0,57.0,48.3,180.0,0,50,0.0,0.0,0.0,0.0,0.0,0.0,0.0,0.0
Matwe Middelkoop,1418.2095082416722,1429.1933255885313,1403.334211579824,1403.334211579824,2000.0,0.0,41.4,191.0,0,3,0.3333333333333333,0.3333333333333333,0.3333333333333333,0.3333333333333333,14.875296661848097,14.875296661848097,14.875296661848097,14.875296661848097
Jaime Faria,1353.1626165285072,1377.4173764804073,1375.0,1353.1626165285072,157.0,376.0,22.0,188.0,0,2,0.0,0.0,0.0,0.0,-46.83738347149279,-46.83738347149279,-46.83738347149279,-46.83738347149279
Marcelo Barboza,1578.991916624682,1578.991916624682,1578.991916624682,1578.991916624682,582.0,27.0,45.0,186.27336318231923,0,11,1.0,1.0,1.0,1.0,12.97432436398708,12.97432436398708,12.97432436398708,12.97432436398708
Flavio Saretta,1860.6794988586523,1743.482551932792,1891.3643944245907,1732.4920650849078,544.0,90.0,44.6,183.0,0,206,0.8,0.52,0.46,0.49,46.32449018183797,10.020149000630454,-82.57438614839043,-125.94895391583692
Mads Gottlieb,1566.017592260695,1566.017592260695,1566.017592260695,1566.017592260695,1225.0,2.0,45.2,185.67156964873536,0,10,0.0,0.0,0.0,0.0,0.0,0.0,0.0,0.0
Christopher Kas,1606.6969974119916,1615.7698834338848,1615.7698834338848,1606.6969974119916,2000.0,0.0,44.6,188.0,0,11,0.0,0.0,0.0,0.0,-9.072886021893282,-9.072886021893282,-9.072886021893282,-9.072886021893282
Nicolas Todero,1633.883686584713,1633.883686584713,1633.883686584713,1633.883686584713,332.0,89.0,46.2,183.0,0,10,0.0,0.0,0.0,0.0,0.0,0.0,0.0,0.0
Ki Lung Ng,1399.781448206013,1399.781448206013,1399.781448206013,1399.781448206013,2102.0,1.0,24.1,185.67156964873536,0,2,0.5,0.5,0.5,0.5,-0.2185517939869896,-0.2185517939869896,-0.2185517939869896,-0.2185517939869896
Alejandro Davidovich Fokina,1713.722858273106,1611.2572660894311,1606.9445408136507,1369.624779815699,62.0,860.0,26.3,183.0,0,232,0.4,0.44,0.46,0.51,-34.52063472123268,-141.1006269622144,-162.39772657153003,-24.956544041935103
Leroy Tujeehut,1400.0,1400.0,1400.0,1400.0,2000.0,0.0,44.2,185.67156964873536,0,0,0.0,0.0,0.0,0.0,0.0,0.0,0.0,0.0
James Blake,1626.9315934938927,1974.656032321987,1643.5386509909565,1684.2200782727602,100.0,553.0,45.6,185.0,0,669,0.4,0.4,0.42,0.46,-47.74184647150423,-40.25467662879987,-152.04670940324468,-279.82176286411755
Tomas Cakl,1619.7395219474597,1565.705518354583,1605.590347276437,1619.7395219474597,283.0,135.0,43.7,178.0,0,21,0.2,0.2727272727272727,0.2727272727272727,0.2727272727272727,14.14917467102282,14.14917467102282,14.14917467102282,14.14917467102282
Ekkarin Pisuth Arnonth,1611.1471956396272,1611.1471956396272,1611.1471956396272,1611.1471956396272,920.0,6.0,49.0,185.67156964873536,0,10,0.0,0.0,0.0,0.0,0.0,0.0,0.0,0.0
Jean Marc Bazanne,1400.0,1379.5826135652585,1400.0,1400.0,2000.0,0.0,35.5,185.67156964873536,0,0,0.0,0.0,0.0,0.0,0.0,0.0,0.0,0.0
Robert Lindstedt,1651.973530492149,1667.426122077929,1651.973530492149,1651.973530492149,2000.0,0.0,48.2,190.0,0,11,0.0,0.0,0.0,0.0,-15.452591585780056,-15.452591585780056,-15.452591585780056,-15.452591585780056
Lofo Ramiaramanana,1349.7906571970668,1400.0,1400.0,1349.7906571970668,1602.0,2.0,35.7,175.0,1,2,0.0,0.0,0.0,0.0,-50.20934280293318,-50.20934280293318,-50.20934280293318,-50.20934280293318
Marco Antonio Rojas,1400.0,1400.0,1400.0,1400.0,1739.0,1.0,34.7,185.67156964873536,0,0,0.0,0.0,0.0,0.0,0.0,0.0,0.0,0.0
F Egyir,1400.0,1400.0,1400.0,1400.0,2000.0,0.0,49.289787853299686,186.27336318231923,0,0,0.0,0.0,0.0,0.0,0.0,0.0,0.0,0.0
David Vega Hernandez,1400.0,1400.0,1400.0,1400.0,440.0,90.0,30.8,188.0,0,0,0.0,0.0,0.0,0.0,0.0,0.0,0.0,0.0
Balazs Veress,1618.5942707571369,1618.5942707571369,1618.5942707571369,1618.5942707571369,1321.0,2.0,44.7,186.27336318231923,0,10,0.0,0.0,0.0,0.0,0.0,0.0,0.0,0.0
Conor Niland,1464.136139893063,1464.2777441067808,1431.8961063723862,1390.4913802067676,312.0,139.0,43.5,185.0,0,26,0.4,0.4,0.3846153846153846,0.3846153846153846,119.33276603380956,64.13613989306305,64.13613989306305,64.13613989306305
Rihards Emulins,1400.0,1400.0,1400.0,1400.0,2000.0,0.0,37.8,185.67156964873536,0,0,0.0,0.0,0.0,0.0,0.0,0.0,0.0,0.0
Pablo Andujar,1516.286905768811,1371.9101949319142,1685.7473375499635,1280.1031877534526,323.0,155.0,39.2,180.0,0,407,0.2,0.36,0.38,0.39,-135.83520774475437,-75.9608394444972,-84.74628621786428,-98.46282863416786
Vit Kopriva,1422.8978660501753,1407.636877501027,1428.6029371458096,1400.0,113.0,553.0,28.1,178.0,0,17,0.0,0.3529411764705882,0.3529411764705882,0.3529411764705882,22.897866050175253,22.897866050175253,22.897866050175253,22.897866050175253
Benjamin Mitchell,1356.421512824607,1356.421512824607,1356.421512824607,1356.421512824607,231.0,225.0,32.0,183.0,0,4,0.0,0.0,0.0,0.0,-43.57848717539332,-43.57848717539332,-43.57848717539332,-43.57848717539332
Krystian Pfeiffer,1681.023893665015,1681.023893665015,1681.023893665015,1681.023893665015,629.0,23.0,46.6,185.67156964873536,0,15,0.6,0.6,0.6,0.6,5.247436030942026,5.247436030942026,5.247436030942026,5.247436030942026
Quinton Vega,1376.714472664084,1376.714472664084,1376.714472664084,1376.714472664084,2000.0,0.0,32.2,185.0,0,1,0.0,0.0,0.0,0.0,-23.28552733591596,-23.28552733591596,-23.28552733591596,-23.28552733591596
Santiago Fa Rodriguez Taverna,1409.0411827738533,1409.0411827738533,1409.0411827738533,1409.0411827738533,201.0,287.0,25.8,191.0,0,0,0.0,0.0,0.0,0.0,0.0,0.0,0.0,0.0
James Greenhalgh,1400.0,1400.0,1400.0,1400.0,766.0,12.0,50.1,183.0,0,0,0.0,0.0,0.0,0.0,0.0,0.0,0.0,0.0
Coleman Wong,1469.945224805009,1483.0665340808123,1469.945224805009,1400.0,133.0,452.0,21.3,191.0,0,14,0.6,0.5,0.5,0.5,69.94522480500905,69.94522480500905,69.94522480500905,69.94522480500905
Antony Dupuis,1764.4184350864955,1821.3539177955145,1851.1729717515493,1935.9671277944876,221.0,177.0,52.3,185.0,0,342,0.8,0.44,0.42,0.43,-5.166891303359989,7.09002698072868,-40.07825064896747,-35.89099658064879
Mark Philippoussis,1867.2006559782728,1827.301460226452,2023.92093080552,2241.5744778313297,117.0,381.0,48.8,196.0,0,540,0.6,0.52,0.46,0.5,18.063861668654223,-3.161931602076038,-84.92124168765599,-283.4927456977241
Solon Peppas,1823.699415036672,1802.0992417213747,1804.6732178345271,1823.699415036672,606.0,27.0,50.8,185.67156964873536,0,62,0.6,0.6666666666666666,0.6666666666666666,0.6666666666666666,21.600173315297297,21.600173315297297,21.600173315297297,21.600173315297297
Stefano Cobolli,1703.4584695565854,1703.4584695565854,1703.4584695565854,1703.4584695565854,400.0,61.0,48.3,175.0,0,50,0.0,0.0,0.0,0.0,0.0,0.0,0.0,0.0
Karim Mohamed Maamoun,1342.8470849894802,1436.6247847230122,1319.3721414121642,1342.8470849894802,721.0,37.0,34.4,175.0,0,12,0.0,0.3333333333333333,0.3333333333333333,0.3333333333333333,-57.15291501051979,-57.15291501051979,-57.15291501051979,-57.15291501051979
Pablo Nunez,1382.854019878315,1382.854019878315,1382.854019878315,1382.854019878315,2000.0,0.0,34.2,185.67156964873536,0,1,0.0,0.0,0.0,0.0,-17.145980121684943,-17.145980121684943,-17.145980121684943,-17.145980121684943
Daniele Bracciali,1750.7301279621315,1596.6624592638948,1740.436284640974,1787.0257527757783,2000.0,0.0,47.6,180.0,0,95,0.0,0.28,0.36,0.3764705882352941,-97.06326880272172,-142.58519212445526,-82.37572030614797,74.72038764340505
Gaston Etlis,1855.3301466037688,1948.5957286351356,1796.7773082285887,1855.3301466037688,260.0,130.0,50.8,185.0,0,78,0.6,0.36,0.3571428571428571,0.3571428571428571,39.77234596996209,-4.608180885165439,-4.608180885165439,-4.608180885165439
Ruben Torres,1400.0,1400.0,1400.0,1400.0,2000.0,0.0,43.9,185.67156964873536,0,0,0.0,0.0,0.0,0.0,0.0,0.0,0.0,0.0
Daniil Glinka,1425.0,1425.0,1425.0,1425.0,818.0,23.0,25.3,188.0,1,1,1.0,1.0,1.0,1.0,25.0,25.0,25.0,25.0
Kwasi Ahenkora,1423.798786377125,1400.0,1400.0,1423.798786377125,2000.0,0.0,43.2,185.67156964873536,0,1,1.0,1.0,1.0,1.0,23.798786377125,23.798786377125,23.798786377125,23.798786377125
Andreja Petrovic,1400.0,1400.0,1400.0,1400.0,1265.0,4.0,24.9,188.0,0,0,0.0,0.0,0.0,0.0,0.0,0.0,0.0,0.0
Bjorn Phau,1613.3483019877017,1802.1091592304924,1762.583014264683,1577.2516591158023,223.0,219.0,45.3,175.0,0,261,0.6,0.36,0.36,0.38,9.80457446760397,30.332893375111095,10.584785267619282,-48.03381274493495
Tobias Kamke,1709.310846188251,1474.974702245464,1522.2094640695343,1540.3020914362,231.0,201.0,39.2,180.0,0,165,0.4,0.4,0.38,0.39,-8.663014725495032,-16.163694361833905,-65.93463301708653,82.05815227793983
Nour Nehme,1400.0,1400.0,1400.0,1400.0,2000.0,0.0,27.6,185.67156964873536,0,0,0.0,0.0,0.0,0.0,0.0,0.0,0.0,0.0
Adolfo Daniel Vallejo,1428.6762067403445,1428.6762067403445,1428.6762067403445,1428.6762067403445,2000.0,0.0,21.3,183.0,0,3,0.6666666666666666,0.6666666666666666,0.6666666666666666,0.6666666666666666,28.67620674034447,28.67620674034447,28.67620674034447,28.67620674034447
Boris Pashanski,1701.0194649915634,1521.699003077518,1614.9577160485112,1393.641322121518,174.0,307.0,42.2,180.0,0,80,0.4,0.36,0.3,0.375,-96.72141355377858,59.549881687919424,2.9347650634326783,301.0194649915634
Victor Baluda,1400.0,1400.0,1400.0,1400.0,466.0,80.0,33.0,185.67156964873536,0,0,0.0,0.0,0.0,0.0,0.0,0.0,0.0,0.0
Cesar Cruz,1325.62339445828,1400.0,1377.221805110782,1325.62339445828,2000.0,0.0,18.9,185.67156964873536,0,3,0.0,0.0,0.0,0.0,-74.37660554171998,-74.37660554171998,-74.37660554171998,-74.37660554171998
Roberto Carballes Baena,1686.4219484100984,1486.6549095658008,1680.0779284277337,1326.192019494173,56.0,981.0,32.6,183.0,0,264,0.4,0.48,0.5,0.48,27.059119506959178,73.71094384450498,80.04870841142156,98.8424358428565
Dmitriy Makeyev,1323.807824351327,1400.1565659133053,1400.0,1323.807824351327,1245.0,3.0,40.2,185.67156964873536,0,10,0.4,0.2,0.2,0.2,-76.19217564867267,-76.19217564867267,-76.19217564867267,-76.19217564867267
Radoslaw Nijaki,1560.5900258570728,1560.5900258570728,1560.5900258570728,1560.5900258570728,890.0,8.0,43.4,186.27336318231923,0,11,0.0,0.0,0.0,0.0,-5.427566403622222,-5.427566403622222,-5.427566403622222,-5.427566403622222
Ville Liukko,1872.462215763645,1845.684430421664,1872.462215763645,1872.462215763645,572.0,28.0,50.8,173.0,0,57,0.6,0.5714285714285714,0.5714285714285714,0.5714285714285714,51.90756266650578,51.90756266650578,51.90756266650578,51.90756266650578
Gunawan Trismuwantara,1380.889979958327,1425.0,1380.889979958327,1400.0,2050.0,1.0,22.6,185.67156964873536,0,1,0.0,0.0,0.0,0.0,-19.11002004167267,-19.11002004167267,-19.11002004167267,-19.11002004167267
Gregoire Barrere,1572.5507557451094,1489.6194363171792,1460.8881032464344,1450.6906829002617,166.0,362.0,31.7,183.0,0,100,0.2,0.36,0.44,0.38,-77.3740123925329,-101.32746569597792,-14.416308746187042,174.9538167175051
Ayoub Chakrouni,1400.0,1400.0,1400.0,1400.0,1206.0,6.0,33.8,186.27336318231923,0,0,0.0,0.0,0.0,0.0,0.0,0.0,0.0,0.0
Bernardo Mota,1723.1671819957526,1664.3308752491323,1732.881786946568,1723.1671819957526,744.0,16.0,53.7,178.0,0,65,0.6,0.4,0.4,0.4,13.207718669628548,13.207718669628548,13.207718669628548,13.207718669628548
Marcelo Arevalo,1623.981914174199,1642.5544631101122,1372.8782085113269,1623.981914174199,2000.0,0.0,34.8,193.0,0,47,1.0,0.84,0.6170212765957447,0.6170212765957447,89.04351161508657,350.2215209048934,223.98191417419864,223.98191417419864
Neville Godwin,1774.432212386267,1709.603760154573,1774.432212386267,1923.2155437401505,209.0,167.0,50.5,173.0,0,82,0.0,0.36,0.375,0.375,-5.7231543745488125,-28.901999193556776,-28.901999193556776,-28.901999193556776
Barry Cowan,1709.0942733469217,1758.5048391236771,1782.1909140221003,1772.7043344712702,251.0,136.0,50.8,188.0,1,66,0.2,0.25,0.25,0.25,-73.09664067517883,-73.09664067517883,-73.09664067517883,-73.09664067517883
Robbie Koenig,1400.0,1400.0,1400.0,1400.0,2000.0,0.0,54.2,173.0,0,0,0.0,0.0,0.0,0.0,0.0,0.0,0.0,0.0
Andy Ram,1667.1825659803974,1675.9702088679778,1702.0107314044992,1708.1766649024771,2000.0,0.0,44.9,180.0,0,66,0.4,0.25,0.25,0.25,-45.84264690023247,-45.84264690023247,-45.84264690023247,-45.84264690023247
Sebastian Ofner,1628.2861345496349,1487.9804346377662,1490.215059847299,1481.2509443018869,58.0,904.0,29.2,191.0,0,92,0.2,0.4,0.44,0.4456521739130434,-64.35167344523029,-149.6316949347572,-75.47565176814055,228.28613454963488
Jesse Levine,1617.9328873393724,1599.9610912388198,1376.8960264275256,1498.0184921928824,132.0,442.0,37.8,175.0,1,93,0.2,0.32,0.28,0.3225806451612903,-72.89578118174586,31.053527928222596,-69.36163287234672,217.93288733937243
Chris Rodesch,1420.8758333982994,1400.0,1406.387015332503,1420.8758333982994,507.0,77.0,24.1,198.0,0,5,0.6,0.6,0.6,0.6,20.87583339829939,20.87583339829939,20.87583339829939,20.87583339829939
Wolfgang Schranz,1751.1769467143438,1751.1769467143438,1751.1769467143438,1751.1769467143438,318.0,92.0,49.3,178.0,0,51,1.0,1.0,1.0,1.0,24.768709704765342,24.768709704765342,24.768709704765342,24.768709704765342
Felipe Rios,1400.0,1400.0,1400.0,1400.0,1285.0,2.0,32.9,185.67156964873536,0,0,0.0,0.0,0.0,0.0,0.0,0.0,0.0,0.0
Bogdan Borza,1400.0,1400.0,1400.0,1400.0,797.0,21.0,27.8,186.27336318231923,1,0,0.0,0.0,0.0,0.0,0.0,0.0,0.0,0.0
Marko Tkalec,1737.0896695590634,1669.617467842358,1790.3281066108043,1696.444486287966,330.0,108.0,48.3,178.0,0,79,0.6,0.64,0.6551724137931034,0.6551724137931034,-16.438512121985923,40.64518327109749,40.64518327109749,40.64518327109749
Brian Wilson,1415.2677706141208,1438.5347470005795,1415.2677706141208,1400.0,249.0,161.0,42.7,190.0,0,4,0.25,0.25,0.25,0.25,15.267770614120764,15.267770614120764,15.267770614120764,15.267770614120764
Mikhail Ledovskikh,1455.141209888794,1440.6225577922423,1400.0,1417.205987662927,417.0,100.0,38.7,188.0,0,16,0.0,0.25,0.25,0.25,55.14120988879404,55.14120988879404,55.14120988879404,55.14120988879404
Paul Hanley,1697.9226274316975,1702.2735928693714,1716.4830075977975,1697.9226274316975,2000.0,0.0,47.2,183.0,0,52,0.0,0.0,0.0,0.0,-18.560380166099776,-18.560380166099776,-18.560380166099776,-18.560380166099776
Tilen Zitnik,1383.5249711568476,1383.5249711568476,1383.5249711568476,1383.5249711568476,1644.0,1.0,33.7,185.67156964873536,0,1,0.0,0.0,0.0,0.0,-16.47502884315236,-16.47502884315236,-16.47502884315236,-16.47502884315236
Jonathan Eysseric,1385.3783310262145,1400.0,1387.3849797196044,1385.3783310262145,290.0,169.0,35.2,180.0,1,3,0.0,0.0,0.0,0.0,-14.621668973785518,-14.621668973785518,-14.621668973785518,-14.621668973785518
Andreas Beck,1648.5233115119345,1423.6006141268597,1525.8324931038055,1514.7425195560731,338.0,138.0,39.2,190.0,1,106,0.0,0.2,0.28,0.39,-138.21003951004514,-111.40244520772148,-228.19979567901373,207.45056739264805
Stefan Koubek,1637.6062787429405,1943.5161988995096,1828.711927567712,1852.4209407239005,206.0,249.0,48.1,175.0,1,691,0.0,0.32,0.4,0.44,-135.8476574886506,-212.3908716525034,-176.10294805113313,-124.80060437548082
Ricardo Mello,1581.0017768915156,1683.3001489849194,1762.7477175475783,1582.0299368213343,346.0,121.0,44.1,175.0,1,203,0.2,0.24,0.34,0.33,-115.52836270988904,-104.9634768100134,-118.96213341220732,-314.7613726910488
Andrej Kracman,1634.5260068098785,1666.3148282434006,1717.20211767499,1634.5260068098785,2000.0,0.0,42.5,186.27336318231923,0,21,0.4,0.4545454545454545,0.4545454545454545,0.4545454545454545,-46.72455628229045,-46.72455628229045,-46.72455628229045,-46.72455628229045
Hamza Karmoussi,1400.0,1400.0,1400.0,1400.0,2000.0,0.0,27.401225585090053,185.67156964873536,0,0,0.0,0.0,0.0,0.0,0.0,0.0,0.0,0.0
Juan Ignacio Londero,1474.003145942441,1357.245963980013,1582.0700560780413,1382.3404139118632,142.0,442.0,31.7,180.0,0,84,0.2,0.24,0.32,0.4166666666666667,-163.76860648561114,-213.6507034809661,-208.60558190478537,74.00314594244105
Marc Andrea Huesler,1485.166508621387,1544.2331667516714,1399.6998777320953,1361.4534309527826,152.0,383.0,29.3,196.0,1,82,0.4,0.28,0.32,0.3902439024390244,-69.81161920798127,-151.53743380933292,-149.45878614579055,85.16650862138704
Rachid Baba Aissa,1374.590975820489,1374.590975820489,1374.590975820489,1374.590975820489,2000.0,0.0,41.6,185.67156964873536,0,1,0.0,0.0,0.0,0.0,-25.409024179511107,-25.409024179511107,-25.409024179511107,-25.409024179511107
Gianni Mina,1371.651523625569,1371.651523625569,1371.651523625569,1371.651523625569,269.0,184.0,33.2,185.0,0,3,0.0,0.0,0.0,0.0,-28.348476374430675,-28.348476374430675,-28.348476374430675,-28.348476374430675
Abdulhameed Alshatti,1372.8542481551303,1372.8542481551303,1372.8542481551303,1372.8542481551303,2017.0,1.0,29.6,185.67156964873536,0,1,0.0,0.0,0.0,0.0,-27.145751844869665,-27.145751844869665,-27.145751844869665,-27.145751844869665
Victor Estrella,1550.097306068158,1374.3658454297033,1673.7981633075024,1324.8086880733288,198.0,291.0,44.9,173.0,0,158,0.0,0.32,0.34,0.43,-191.10748094186943,-204.5877037288069,-276.51819352528014,-167.0772243787212
Todd Widom,1586.6076039761472,1586.6076039761472,1586.6076039761472,1586.6076039761472,232.0,326.0,41.8,185.67156964873536,0,9,0.6,0.5555555555555556,0.5555555555555556,0.5555555555555556,186.6076039761472,186.6076039761472,186.6076039761472,186.6076039761472
Botic Van De Zandschulp,1689.6017268587157,1586.1744739662356,1490.4882760131147,1424.780232494664,80.0,712.0,30.1,191.0,0,185,0.6,0.44,0.44,0.44,27.36071205859457,9.503731971889238,-35.55544863303976,-251.42070036976224
Andrei Ciumac,1375.955919315992,1400.0,1375.955919315992,1375.955919315992,892.0,17.0,39.4,185.67156964873536,1,1,0.0,0.0,0.0,0.0,-24.04408068400812,-24.04408068400812,-24.04408068400812,-24.04408068400812
Artem Smirnov,1342.694321310668,1430.4989434332213,1370.7617029241874,1400.0,505.0,66.0,36.9,188.0,1,8,0.0,0.25,0.25,0.25,-57.3056786893319,-57.3056786893319,-57.3056786893319,-57.3056786893319
Yuri Schukin,1702.601869634941,1601.830611042153,1811.6301612579043,1702.601869634941,127.0,448.0,45.6,188.0,0,85,0.6,0.44,0.4,0.4,-5.660207900226169,-12.426804461666052,-22.77912149154622,-22.77912149154622
Omar Awadhy,1368.746427667781,1368.746427667781,1368.746427667781,1368.746427667781,2000.0,0.0,43.1,185.67156964873536,0,9,0.0,0.0,0.0,0.0,-31.253572332218937,-31.253572332218937,-31.253572332218937,-31.253572332218937
Dudi Sela,1671.8010297579256,1610.4365144466017,1233.3580445111434,1562.5279605816477,146.0,373.0,40.4,175.0,0,335,0.4,0.48,0.42,0.41,-35.030773749452464,23.71234072163952,-27.95999953929504,-49.74991953678705
Benoit Paire,1455.8089839279194,1402.180542941942,1437.2153856347325,1420.4159416083955,227.0,261.0,36.1,196.0,0,540,0.4,0.16,0.24,0.29,-86.43090200450547,-189.632712202216,-134.77611361733238,-399.3138532544404
Tuomas Ketola,1715.4015680731106,1813.1945635841605,1805.6526438879448,1839.3478143576772,210.0,185.0,50.3,185.0,0,82,0.4,0.28,0.34375,0.34375,-108.261073256396,-120.14527751257992,-120.14527751257992,-120.14527751257992
Giovanni Mpetshi Perricard,1734.4344825791482,1549.2831714069573,1556.9106376294787,1475.0650199078138,31.0,1519.0,22.3,203.0,0,32,1.0,0.56,0.5625,0.5625,144.1012903596952,334.4344825791481,334.4344825791481,334.4344825791481
Arthur De Greef,1445.3580463410376,1415.617864794619,1432.667610500392,1445.3580463410376,202.0,253.0,32.8,183.0,0,9,0.2,0.3333333333333333,0.3333333333333333,0.3333333333333333,45.35804634103761,45.35804634103761,45.35804634103761,45.35804634103761
Marcello Craca,1807.751188626036,1807.751188626036,1807.751188626036,1807.751188626036,325.0,89.0,50.9,180.0,0,50,0.0,0.0,0.0,0.0,0.0,0.0,0.0,0.0
Jose Hernandez,1440.0525018318274,1418.8842490903523,1390.8533085192405,1440.0525018318274,289.0,142.0,34.9,183.0,0,25,0.6,0.44,0.44,0.44,5.12573415492966,40.052501831827385,40.052501831827385,40.052501831827385
Damar Johnson,1414.1912984632736,1382.1479061807904,1400.0,1414.1912984632736,2000.0,0.0,41.1,185.67156964873536,0,2,0.5,0.5,0.5,0.5,14.191298463273595,14.191298463273595,14.191298463273595,14.191298463273595
Andrei Pavel,1619.4388898718898,1775.1787549716903,2018.131667300553,1877.4524551410464,646.0,40.0,51.6,183.0,0,695,0.0,0.32,0.38,0.41,-136.77134277392224,-98.74392003883304,-111.00402982458718,-254.6440263076065
August Holmgren,1419.7205880652498,1417.6474201152646,1400.0,1419.7205880652498,166.0,353.0,27.3,188.0,0,8,0.2,0.5,0.5,0.5,19.720588065249785,19.720588065249785,19.720588065249785,19.720588065249785
Michael Lai,1459.1966291981182,1434.2279775215193,1400.0,1459.1966291981182,2000.0,0.0,38.1,185.67156964873536,0,7,0.8,0.7142857142857143,0.7142857142857143,0.7142857142857143,59.19662919811822,59.19662919811822,59.19662919811822,59.19662919811822
Matteo Trevisan,1400.0,1400.0,1400.0,1400.0,451.0,84.0,35.9,185.67156964873536,0,0,0.0,0.0,0.0,0.0,0.0,0.0,0.0,0.0
Cristian Rodriguez,1400.0,1400.0,1400.0,1400.0,388.0,106.0,34.6,180.0,0,0,0.0,0.0,0.0,0.0,0.0,0.0,0.0,0.0
Lucas Gomez,1276.6254974896335,1334.6406048866463,1320.15238605205,1276.6254974896335,735.0,23.0,30.0,178.0,1,15,0.2,0.1333333333333333,0.1333333333333333,0.1333333333333333,-123.37450251036648,-123.37450251036648,-123.37450251036648,-123.37450251036648
Tim Henman,1776.6071553156012,2028.352549494883,1972.9066208814504,2166.6807462023685,92.0,445.0,51.0,185.0,0,748,0.2,0.4,0.52,0.53,-234.21531237412432,-184.29074882882836,-179.1632866979587,-339.17696012097304
Jose Zunino,1375.6161147831183,1400.0,1400.0,1375.6161147831183,1043.0,7.0,38.6,185.67156964873536,0,1,0.0,0.0,0.0,0.0,-24.38388521688171,-24.38388521688171,-24.38388521688171,-24.38388521688171
Juan Carlos Rebaza Lozano,1393.0037262722103,1400.0,1393.0037262722103,1393.0037262722103,2000.0,0.0,39.5,185.67156964873536,0,1,0.0,0.0,0.0,0.0,-6.9962737277894576,-6.9962737277894576,-6.9962737277894576,-6.9962737277894576
Patrik Rosenholm,1438.6894046893044,1438.6894046893044,1438.6894046893044,1438.6894046893044,531.0,65.0,36.9,178.0,0,3,0.3333333333333333,0.3333333333333333,0.3333333333333333,0.3333333333333333,38.68940468930441,38.68940468930441,38.68940468930441,38.68940468930441
Mohsen Hossein Zade,1333.6670107142156,1368.6934906841054,1375.9154450292665,1333.6670107142156,2000.0,0.0,34.4,185.67156964873536,0,3,0.0,0.0,0.0,0.0,-66.33298928578438,-66.33298928578438,-66.33298928578438,-66.33298928578438
Sebastian Rieschick,1425.30807636,1437.8509271731612,1392.851962001412,1425.30807636,253.0,191.0,39.6,185.67156964873536,0,3,0.3333333333333333,0.3333333333333333,0.3333333333333333,0.3333333333333333,25.30807635999986,25.30807635999986,25.30807635999986,25.30807635999986
Nigel Badza,1400.0,1400.0,1400.0,1400.0,2000.0,0.0,41.5,185.67156964873536,0,0,0.0,0.0,0.0,0.0,0.0,0.0,0.0,0.0
James Mcgee,1400.9005582096877,1338.4438297032443,1375.0,1400.9005582096877,272.0,193.0,38.2,183.0,0,18,0.2,0.5,0.5,0.5,0.9005582096876878,0.9005582096876878,0.9005582096876878,0.9005582096876878
Pablo Bianchi,1551.0297125841016,1551.0297125841016,1551.0297125841016,1551.0297125841016,662.0,22.0,50.3,185.67156964873536,0,18,0.4,0.5,0.5,0.5,-70.60526431668632,-70.60526431668632,-70.60526431668632,-70.60526431668632
Radomir Vasek,1776.5140882110309,1776.5140882110309,1776.5140882110309,1776.5140882110309,470.0,44.0,52.8,188.0,0,50,0.0,0.0,0.0,0.0,0.0,0.0,0.0,0.0
Attila Savolt,1768.9764323721338,1723.3793798957092,2013.0206793541383,1834.8736533542792,592.0,29.0,49.6,183.0,0,130,0.2,0.32,0.36,0.3875,-94.40578764778591,-20.70158360434243,-43.07874109201157,-78.19618991116181
Juan Balcells,1891.0300080523152,1872.0671054348595,1941.3008758244528,1759.3638708059768,106.0,374.0,49.6,190.0,0,133,0.2,0.32,0.38,0.4578313253012048,-46.63283032597974,-183.93996263329475,-152.37332948081826,91.36613339759448
Michael Chang,1831.232843020098,1904.4089067306527,1934.616898193807,2016.1250917507368,222.0,158.0,53.5,175.0,0,441,0.2,0.32,0.34,0.41,-66.66625728586496,-147.04659062762676,-149.97739492029336,-273.1688870788105
Sunil Kumar,1576.354245070345,1576.354245070345,1576.354245070345,1576.354245070345,1199.0,3.0,41.7,185.67156964873536,0,10,0.0,0.0,0.0,0.0,0.0,0.0,0.0,0.0
Diego Hidalgo,1400.0,1400.0,1400.0,1400.0,974.0,8.0,31.8,180.0,1,0,0.0,0.0,0.0,0.0,0.0,0.0,0.0,0.0
Daniel Vacek,1875.6484193246536,1934.1038735470988,1979.8042258477255,2004.8775926190624,377.0,77.0,53.7,190.0,0,327,0.2,0.2,0.2222222222222222,0.2222222222222222,-103.4943054095056,-134.31104400147046,-134.31104400147046,-134.31104400147046
Christian Vinck,1732.7818279745131,1750.3728422430847,1773.6717928890496,1846.1059576875448,267.0,108.0,49.4,183.0,1,86,0.2,0.16,0.2777777777777778,0.2777777777777778,-93.06028012437446,-72.89540165833523,-58.69982122020906,-58.69982122020906
Filippo Baldi,1381.3015495326983,1381.3015495326983,1381.3015495326983,1381.3015495326983,149.0,370.0,29.5,183.0,0,2,0.0,0.0,0.0,0.0,-18.69845046730165,-18.69845046730165,-18.69845046730165,-18.69845046730165
Daniel Yoo,1400.0,1400.0,1400.0,1400.0,2000.0,0.0,39.8,185.67156964873536,1,0,0.0,0.0,0.0,0.0,0.0,0.0,0.0,0.0
Mahmoud Ezz,1375.0,1400.0,1375.0,1375.0,1384.0,5.0,37.6,185.67156964873536,0,1,0.0,0.0,0.0,0.0,-25.0,-25.0,-25.0,-25.0
Jason Engelhardt,1400.0,1400.0,1400.0,1400.0,2000.0,0.0,42.1,185.67156964873536,0,0,0.0,0.0,0.0,0.0,0.0,0.0,0.0,0.0
Joshua Eagle,1400.0,1400.0,1400.0,1400.0,2000.0,0.0,51.8,183.0,0,0,0.0,0.0,0.0,0.0,0.0,0.0,0.0,0.0
Alvaro Lopez San Martin,1400.0,1400.0,1400.0,1400.0,298.0,170.0,27.9,178.0,0,0,0.0,0.0,0.0,0.0,0.0,0.0,0.0,0.0
Andrea Basso,1400.0,1400.0,1400.0,1400.0,416.0,28.0,31.5,185.67156964873536,1,0,0.0,0.0,0.0,0.0,0.0,0.0,0.0,0.0
Ti Chen,1480.2635606638996,1369.0691255401664,1480.5205645172334,1400.0,322.0,147.0,41.3,183.0,0,34,0.4,0.4,0.4117647058823529,0.4117647058823529,-0.0056011716606008,80.26356066389963,80.26356066389963,80.26356066389963
Rajeev Ram,1678.0563875331366,1477.977042925624,1402.778251012074,1622.5685658473135,235.0,218.0,41.3,193.0,0,150,0.4,0.36,0.44,0.39,-67.28413170395288,37.161991433567664,98.28533689058328,60.9958021188404
Arnau Brugues Davi,1396.6351288663388,1424.6277703393205,1429.3414659277355,1396.6351288663388,184.0,268.0,39.9,183.0,1,2,0.0,0.0,0.0,0.0,-32.70633706139665,-32.70633706139665,-32.70633706139665,-32.70633706139665
Devin Britton,1389.1767126680206,1389.1767126680206,1389.1767126680206,1389.1767126680206,1461.0,2.0,33.8,193.0,0,2,0.0,0.0,0.0,0.0,-10.823287331979373,-10.823287331979373,-10.823287331979373,-10.823287331979373
Kyle Edmund,1689.58280590015,1611.6133372087952,1500.3134668497885,1403.4278851931356,473.0,85.0,30.3,188.0,0,246,0.0,0.4,0.42,0.48,-186.98455698888029,-120.7791547520867,-186.13110266065155,-270.0265671038985
Nathan Pasha,1400.0,1400.0,1400.0,1400.0,1187.0,6.0,33.0,191.0,0,0,0.0,0.0,0.0,0.0,0.0,0.0,0.0,0.0
Stefanos Tsitsipas,1962.2279203371177,1560.0832549999952,1910.0667309133555,1305.0153999289123,11.0,3325.0,27.2,193.0,0,510,0.8,0.6,0.66,0.64,-24.914300606626284,-73.01268805724862,-26.61708954144888,-127.61109694851666
Juncheng Shang,1679.992180031515,1609.9494173742423,1376.888053025488,1436.9257903483815,50.0,1115.0,20.8,180.0,1,59,0.2,0.6,0.54,0.4915254237288136,9.24085667420627,83.12093631836842,241.22172303402888,279.9921800315151
Mauricio Hadad,1484.9961378866117,1484.9961378866117,1484.9961378866117,1484.9961378866117,255.0,138.0,53.3,170.0,0,4,0.5,0.5,0.5,0.5,84.99613788661168,84.99613788661168,84.99613788661168,84.99613788661168
Frederick Sletting Johnsen,1423.198843743149,1423.198843743149,1423.198843743149,1423.198843743149,1380.0,2.0,38.8,185.67156964873536,0,2,0.5,0.5,0.5,0.5,23.198843743148927,23.198843743148927,23.198843743148927,23.198843743148927
Niki Kaliyanda Poonacha,1400.0,1400.0,1400.0,1400.0,795.0,27.0,29.7,191.0,0,0,0.0,0.0,0.0,0.0,0.0,0.0,0.0,0.0
Sergei Yaroshenko,1599.723555305792,1562.2168532033918,1579.904849811281,1599.723555305792,500.0,49.0,48.4,185.67156964873536,0,16,0.6,0.6666666666666666,0.6666666666666666,0.6666666666666666,33.70596304509695,33.70596304509695,33.70596304509695,33.70596304509695
Soong Jae Cho,1400.0,1400.0,1400.0,1400.0,746.0,19.0,34.1,186.27336318231923,0,0,0.0,0.0,0.0,0.0,0.0,0.0,0.0,0.0
Rodrigo Arus,1358.2675582780942,1387.545591572956,1400.0,1358.2675582780942,2000.0,0.0,29.9,186.27336318231923,0,2,0.0,0.0,0.0,0.0,-41.73244172190584,-41.73244172190584,-41.73244172190584,-41.73244172190584
Mark Woodforde,1844.3570314621131,1855.1284043284757,1844.3570314621131,1865.8169943079488,191.0,191.0,59.7,188.0,1,59,0.4,0.3333333333333333,0.3333333333333333,0.3333333333333333,-21.459962845835435,-21.459962845835435,-21.459962845835435,-21.459962845835435
Daniel Michalski,1425.0,1397.2578622223054,1425.0,1425.0,260.0,204.0,24.9,180.0,0,1,1.0,1.0,1.0,1.0,25.0,25.0,25.0,25.0
Rainer Schuettler,1500.3647058770607,1821.9900223519476,1628.5427562482369,2077.2325565170263,113.0,481.0,49.1,180.0,0,879,0.4,0.28,0.36,0.37,-75.47665258386405,-122.24768939496948,-120.02647075554457,-246.331435751918
Rouzbeh Kamran,1398.456162351377,1373.456162351377,1400.0,1398.456162351377,1793.0,1.0,41.8,185.67156964873536,0,2,0.5,0.5,0.5,0.5,-1.5438376486226844,-1.5438376486226844,-1.5438376486226844,-1.5438376486226844
Hugo Grenier,1439.901909726383,1408.1270215555178,1428.0959600465703,1400.0,173.0,341.0,29.4,196.0,0,23,0.2,0.3043478260869565,0.3043478260869565,0.3043478260869565,50.74741359393556,39.90190972638311,39.90190972638311,39.90190972638311
Andres Weisskopf,1347.7614543166774,1400.0,1373.316158872782,1347.7614543166774,2000.0,0.0,40.4,185.67156964873536,0,2,0.0,0.0,0.0,0.0,-52.23854568332263,-52.23854568332263,-52.23854568332263,-52.23854568332263
Scott Humphries,1652.9405482559189,1656.465075512563,1671.8732549730364,1652.9405482559189,615.0,23.0,49.2,185.0,0,13,0.0,0.0,0.0,0.0,-18.93270671711753,-18.93270671711753,-18.93270671711753,-18.93270671711753
Michel Kratochvil,1827.0454300201577,1853.898373233021,1836.993216874102,1901.837539244959,1511.0,1.0,46.2,185.0,0,220,0.4,0.36,0.36,0.38,-53.28301706479874,-82.62500250050994,-80.08727942569067,-215.0207016250058
Tunde Segodo,1400.0,1400.0,1400.0,1400.0,2000.0,0.0,30.1,185.67156964873536,0,0,0.0,0.0,0.0,0.0,0.0,0.0,0.0,0.0
Antoine Hoang,1495.6165197881148,1422.459974090092,1528.78783234337,1474.9018574259812,155.0,466.0,29.8,183.0,0,18,0.2,0.3333333333333333,0.3333333333333333,0.3333333333333333,47.57240031179708,47.57240031179708,47.57240031179708,47.57240031179708
Zdenek Kolar,1436.6999757368994,1436.6999757368994,1438.2084502240427,1400.0,119.0,503.0,28.7,183.0,0,3,0.3333333333333333,0.3333333333333333,0.3333333333333333,0.3333333333333333,36.69997573689943,36.69997573689943,36.69997573689943,36.69997573689943
Guilherme Clezar,1346.1259119724866,1381.1810683272445,1325.9490192752066,1346.1259119724866,234.0,225.0,32.2,183.0,0,14,0.2,0.0714285714285714,0.0714285714285714,0.0714285714285714,-53.87408802751338,-53.87408802751338,-53.87408802751338,-53.87408802751338
Henri Squire,1390.8028069622897,1400.0,1433.5958874009525,1369.6773370709234,187.0,314.0,24.9,196.0,0,5,0.2,0.2,0.2,0.2,-9.197193037710347,-9.197193037710347,-9.197193037710347,-9.197193037710347
Rasid Winklaar,1299.1564551539786,1333.7512731910529,1385.8222563738327,1299.1564551539786,1299.0,3.0,37.1,186.27336318231923,1,5,0.0,0.0,0.0,0.0,-100.84354484602136,-100.84354484602136,-100.84354484602136,-100.84354484602136
Peter Tramacchi,1690.8311971720846,1690.8311971720846,1690.8311971720846,1690.8311971720846,1164.0,2.0,54.7,185.0,0,50,0.0,0.0,0.0,0.0,0.0,0.0,0.0,0.0
Giorgi Javakhishvili,1400.0,1400.0,1400.0,1400.0,1105.0,9.0,29.3,185.67156964873536,0,0,0.0,0.0,0.0,0.0,0.0,0.0,0.0,0.0
Cheng Yu Yu,1400.0,1400.0,1400.0,1400.0,699.0,30.0,29.8,185.67156964873536,0,0,0.0,0.0,0.0,0.0,0.0,0.0,0.0,0.0
Tiago Godinho,1400.0,1400.0,1400.0,1400.0,1274.0,2.0,41.0,185.67156964873536,0,0,0.0,0.0,0.0,0.0,0.0,0.0,0.0,0.0
Oscar Hernandez,1548.0346784430144,1460.5284375954616,1866.60542654275,1556.566666288014,125.0,419.0,47.1,180.0,0,199,0.2,0.16,0.3,0.36,-132.3865960787923,-192.21674667234996,-134.53512323137534,-65.80290592605547
Miguel Angel Reyes Varela,1463.9049050850767,1468.9259710898975,1400.0,1463.9049050850767,648.0,41.0,38.2,175.0,0,7,0.6,0.5714285714285714,0.5714285714285714,0.5714285714285714,63.904905085076734,63.904905085076734,63.904905085076734,63.904905085076734
Ibrahim Abou Chahine,1338.6215905753731,1355.910706627655,1400.0,1338.6215905753731,2000.0,0.0,34.5,185.67156964873536,0,3,0.0,0.0,0.0,0.0,-61.37840942462685,-61.37840942462685,-61.37840942462685,-61.37840942462685
Thomas Drouet,1400.0,1400.0,1400.0,1400.0,2000.0,0.0,41.7,185.67156964873536,0,0,0.0,0.0,0.0,0.0,0.0,0.0,0.0,0.0
Marcelo Filippini,1875.0008624348072,1875.0008624348072,1875.0008624348072,1875.0008624348072,420.0,56.0,57.9,178.0,0,51,0.0,0.0,0.0,0.0,-17.407377985761514,-17.407377985761514,-17.407377985761514,-17.407377985761514
Mohammed Rajan Sundera Karuppiah,1373.3830126855637,1353.1250488483106,1373.3830126855637,1373.3830126855637,2000.0,0.0,44.7,185.67156964873536,0,1,0.0,0.0,0.0,0.0,-26.6169873144363,-26.6169873144363,-26.6169873144363,-26.6169873144363
Stanislav Vovk,1387.4992511134606,1400.0,1394.0450104376648,1387.4992511134606,465.0,74.0,34.5,185.0,0,3,0.0,0.0,0.0,0.0,-12.50074888653944,-12.50074888653944,-12.50074888653944,-12.50074888653944
Ignacio Buse,1452.412054248229,1428.174767387419,1400.0,1452.412054248229,212.0,282.0,21.4,185.0,0,3,0.6666666666666666,0.6666666666666666,0.6666666666666666,0.6666666666666666,52.41205424822897,52.41205424822897,52.41205424822897,52.41205424822897
Alexander Zverev,2176.9743397831435,1745.0106105459106,1816.7606721166203,1445.7229126588827,2.0,7315.0,28.5,198.0,0,660,1.0,0.76,0.78,0.74,13.943962096821906,-3.208416285047406,16.091256588502347,8.344926388225304
Duck Hee Lee,1484.989559265136,1484.989559265136,1484.989559265136,1484.989559265136,212.0,226.0,27.2,175.0,0,2,0.5,0.5,0.5,0.5,27.893999341364637,27.893999341364637,27.893999341364637,27.893999341364637
Jack Draper,1972.4718259669653,1757.1835054991438,1389.357542408812,1654.3074274172975,15.0,2800.0,23.8,193.0,1,127,1.0,0.68,0.64,0.61,113.84182304035473,161.37164298569292,98.20276084125749,146.43463268900314
Michael Bassem Sobhy,1373.703852603838,1400.0,1400.0,1373.703852603838,1090.0,9.0,20.7,185.67156964873536,0,1,0.0,0.0,0.0,0.0,-26.29614739616204,-26.29614739616204,-26.29614739616204,-26.29614739616204
Mohd Assri Merzuki,1402.016210044007,1375.0,1402.016210044007,1402.016210044007,2000.0,0.0,30.1,185.67156964873536,0,2,0.5,0.5,0.5,0.5,2.016210044007039,2.016210044007039,2.016210044007039,2.016210044007039
Francisco Cabello,1759.0533952065512,1759.0533952065512,1759.0533952065512,1759.0533952065512,291.0,102.0,52.6,190.0,0,50,0.0,0.0,0.0,0.0,0.0,0.0,0.0,0.0
Anoosha Shahgholi,1316.2313293307034,1298.4326814968158,1434.398988566472,1316.2313293307034,1865.0,1.0,43.2,185.67156964873536,0,16,0.2,0.375,0.375,0.375,-83.76867066929663,-83.76867066929663,-83.76867066929663,-83.76867066929663
Gregoire Burquier,1406.4738416832738,1406.4738416832738,1406.4738416832738,1406.4738416832738,205.0,248.0,41.2,185.67156964873536,1,0,0.0,0.0,0.0,0.0,0.0,0.0,0.0,0.0
Juan Lorenzo Gonzalez,1400.0,1400.0,1400.0,1400.0,2000.0,0.0,50.5,186.27336318231923,0,0,0.0,0.0,0.0,0.0,0.0,0.0,0.0,0.0
Emil Reinberg,1400.0,1400.0,1400.0,1400.0,1032.0,9.0,28.2,188.0,0,0,0.0,0.0,0.0,0.0,0.0,0.0,0.0,0.0
Giorgio Galimberti,1644.170955153605,1734.0577357693812,1747.9443879371745,1644.170955153605,204.0,190.0,48.5,180.0,0,74,0.2,0.25,0.25,0.25,-130.95410106093436,-141.76567233291323,-141.76567233291323,-141.76567233291323
Jalil Khan,1351.4525832648942,1322.2282544155191,1393.4177490316024,1351.4525832648942,2000.0,0.0,43.4,185.67156964873536,0,5,0.2,0.2,0.2,0.2,-48.5474167351058,-48.5474167351058,-48.5474167351058,-48.5474167351058
Maximo Gonzalez,1490.6137379243949,1370.9811480243206,1601.508593744594,1359.0940071476905,163.0,361.0,41.7,173.0,0,88,0.2,0.24,0.24,0.3295454545454545,-98.91420206302836,-198.97444628644095,-236.07808219479807,90.61373792439484
Lucas Miedler,1368.6255242635298,1383.9058978252062,1400.0,1368.6255242635298,1071.0,9.0,28.6,183.0,0,3,0.0,0.0,0.0,0.0,-31.37447573647023,-31.37447573647023,-31.37447573647023,-31.37447573647023
Rodrigo Rappaccioli,1400.0,1400.0,1400.0,1400.0,2000.0,0.0,34.7,186.27336318231923,0,0,0.0,0.0,0.0,0.0,0.0,0.0,0.0,0.0
Michal Tabara,1776.6409395350504,1912.800851663268,1796.2428934602813,1856.1349856543848,596.0,36.0,45.7,175.0,0,131,0.0,0.36,0.34,0.419753086419753,-70.60851597995088,-121.0689170885064,-205.00301457349792,-96.38752703313024
Guillermo Rivera Aranguiz,1400.0,1400.0,1400.0,1400.0,352.0,122.0,36.0,185.67156964873536,0,0,0.0,0.0,0.0,0.0,0.0,0.0,0.0,0.0
Pablo Llamas Ruiz,1504.1687778905018,1400.0,1474.6299385034672,1504.1687778905018,146.0,434.0,22.5,188.0,0,7,0.6,0.5714285714285714,0.5714285714285714,0.5714285714285714,104.1687778905018,104.1687778905018,104.1687778905018,104.1687778905018
Ernesto Escobedo,1421.593657792776,1478.9159912267378,1375.2275059062304,1420.4607879681191,493.0,82.0,28.6,185.0,0,62,0.2,0.28,0.32,0.3387096774193548,-105.74855389183836,-81.70953618624776,-97.96788713135923,21.59365779277596
Filip Polasek,1425.0,1400.0,1400.0,1425.0,760.0,20.0,40.1,196.0,0,1,1.0,1.0,1.0,1.0,25.0,25.0,25.0,25.0
Sumit Nagal,1467.7079916213318,1439.8782427723395,1456.3883765450626,1400.0,83.0,697.0,28.2,178.0,0,47,0.0,0.32,0.2765957446808511,0.2765957446808511,-73.56195990745755,114.35510543640385,67.70799162133176,67.70799162133176
Johny De Leon,1381.1333151578958,1400.0,1407.35787875634,1381.1333151578958,764.0,17.0,41.5,186.27336318231923,0,3,0.3333333333333333,0.3333333333333333,0.3333333333333333,0.3333333333333333,-18.866684842104178,-18.866684842104178,-18.866684842104178,-18.866684842104178
Kei Nishikori,1894.9454403404409,1636.5210333671223,1695.181452194861,1407.711820304085,141.0,418.0,35.8,178.0,0,670,0.6,0.52,0.6,0.57,-110.81447016932248,-103.1454621727312,-81.7885100875908,-325.09987976664775
Vladimir Pavicevic,1484.5270796809632,1400.0,1400.0,1484.5270796809632,412.0,66.0,48.3,185.67156964873536,0,2,1.0,1.0,1.0,1.0,84.5270796809632,84.5270796809632,84.5270796809632,84.5270796809632
John Millman,1646.8639814852045,1580.2820870878354,1412.666556849964,1476.3542150579024,140.0,410.0,35.5,183.0,0,269,0.4,0.4,0.44,0.46,-61.07624124681979,-88.18673415821377,-96.64923909768436,-138.57164835297863
Ashkan Shokoofi,1447.206226575664,1400.0,1451.1317699897056,1447.206226575664,1049.0,6.0,43.7,185.67156964873536,0,12,0.4,0.5833333333333334,0.5833333333333334,0.5833333333333334,47.206226575664,47.206226575664,47.206226575664,47.206226575664
Andre Sa,1716.855033562481,1928.3809526429668,1688.6989222878635,1873.948129590283,423.0,73.0,48.3,185.0,0,178,0.4,0.24,0.34,0.35,-36.7249969029042,-164.31358166545647,-101.60342466594216,-107.15705235209724
Frederik Fetterlein,1671.6813808948364,1678.365832454689,1678.365832454689,1671.6813808948364,2000.0,0.0,55.1,190.0,0,12,0.5,0.5,0.5,0.5,-6.684451559852732,-6.684451559852732,-6.684451559852732,-6.684451559852732
Artem Sitak,1465.3313157295863,1450.7377382842883,1400.0,1400.0,2000.0,0.0,38.9,185.0,0,10,0.6,0.6,0.6,0.6,65.33131572958632,65.33131572958632,65.33131572958632,65.33131572958632
Yaraslav Shyla,1433.2837840876728,1451.788183119778,1400.0,1433.2837840876728,426.0,88.0,31.9,191.0,0,6,0.6,0.5,0.5,0.5,33.28378408767276,33.28378408767276,33.28378408767276,33.28378408767276
Igor Levine,1400.0,1400.0,1400.0,1400.0,854.0,10.0,44.9,185.67156964873536,0,0,0.0,0.0,0.0,0.0,0.0,0.0,0.0,0.0
Karol Kucera,1809.6839880313407,2123.870871376645,1916.5487702277271,2115.1229734019907,297.0,114.0,51.7,188.0,0,492,0.4,0.4,0.44,0.5,-103.68830938064002,-152.12212573602733,-179.69697519379952,-175.7141692513892
Todor Enev,1524.896987145498,1556.4121801357448,1552.4823209264673,1524.896987145498,780.0,16.0,43.0,185.67156964873536,0,32,0.2,0.4545454545454545,0.4545454545454545,0.4545454545454545,-54.73745965362673,-65.68047357901469,-65.68047357901469,-65.68047357901469
Philipp Oswald,1417.6033751205744,1400.0,1385.166013570434,1417.6033751205744,1059.0,9.0,39.6,201.0,0,3,0.3333333333333333,0.3333333333333333,0.3333333333333333,0.3333333333333333,17.603375120574356,17.603375120574356,17.603375120574356,17.603375120574356
Jose Olivares,1364.4619154358577,1424.561482279587,1356.6502248573822,1364.4619154358577,722.0,31.0,28.0,185.67156964873536,0,4,0.25,0.25,0.25,0.25,-35.53808456414254,-35.53808456414254,-35.53808456414254,-35.53808456414254
Christian Lindell,1411.0289095948672,1387.3373578100068,1458.348871069879,1411.0289095948672,363.0,127.0,33.3,193.0,0,17,0.4,0.2352941176470588,0.2352941176470588,0.2352941176470588,11.028909594867171,11.028909594867171,11.028909594867171,11.028909594867171
Jose Bernard,1409.8226790115273,1400.0,1383.0221831533593,1409.8226790115273,2000.0,0.0,44.5,186.27336318231923,0,2,0.5,0.5,0.5,0.5,9.82267901152727,9.82267901152727,9.82267901152727,9.82267901152727
Lamine Ouahab,1542.532060341626,1415.15313573729,1549.9047963939192,1542.532060341626,664.0,29.0,40.1,185.0,0,38,0.4,0.44,0.5,0.5,-47.57654427361194,138.67935538136612,142.532060341626,142.532060341626
Patrick Kaukovalta,1400.0,1400.0,1400.0,1400.0,782.0,28.0,26.9,193.0,0,0,0.0,0.0,0.0,0.0,0.0,0.0,0.0,0.0
Brayden Schnur,1327.962824043609,1377.9443111953667,1327.962824043609,1370.1972658698894,238.0,264.0,29.5,193.0,0,22,0.0,0.1818181818181818,0.1818181818181818,0.1818181818181818,-47.391553756059466,-72.03717595639091,-72.03717595639091,-72.03717595639091
Dimitri Mazur,1666.0618398823617,1666.0618398823617,1666.0618398823617,1666.0618398823617,587.0,30.0,45.5,185.67156964873536,0,12,1.0,1.0,1.0,1.0,20.33363762499539,20.33363762499539,20.33363762499539,20.33363762499539
Sonchat Ratiwatana,1486.3920829644471,1501.043130969102,1566.017592260695,1486.3920829644471,2000.0,0.0,43.0,175.0,0,16,0.2,0.1666666666666666,0.1666666666666666,0.1666666666666666,-79.62550929624786,-79.62550929624786,-79.62550929624786,-79.62550929624786
Jan Siemerink,1882.295347599836,1915.227683643065,1872.689856584032,1874.0310618573776,254.0,133.0,55.2,183.0,1,205,0.4,0.4,0.42,0.4181818181818181,-63.36246404924782,52.89598992861738,-26.440992849077247,-34.35985075511371
Ethan Quinn,1340.4444589575803,1346.4049845531754,1340.4444589575803,1444.652412067499,254.0,225.0,21.3,191.0,0,6,0.0,0.1666666666666666,0.1666666666666666,0.1666666666666666,-59.55554104241969,-59.55554104241969,-59.55554104241969,-59.55554104241969
Aslan Karatsev,1626.6100411702478,1570.2671060123494,1498.6671824659502,1380.9007524119222,139.0,425.0,32.1,185.0,0,166,0.4,0.44,0.44,0.42,-89.83882876491953,-29.354514574726863,31.023475085791237,-178.29751225824975
Constantinos Ioannides,1400.0,1400.0,1400.0,1400.0,2000.0,0.0,29.8,185.67156964873536,0,0,0.0,0.0,0.0,0.0,0.0,0.0,0.0,0.0
Mehdi Bouabbane,1400.0,1400.0,1400.0,1400.0,2000.0,0.0,36.6,185.67156964873536,0,0,0.0,0.0,0.0,0.0,0.0,0.0,0.0,0.0
Kirati Siributwong,1400.0,1400.0,1400.0,1400.0,978.0,9.0,37.8,185.67156964873536,0,0,0.0,0.0,0.0,0.0,0.0,0.0,0.0,0.0
Robby Ginepri,1774.9977231532564,1596.2153592258994,1379.6847516829737,1547.1959452095446,204.0,242.0,42.8,183.0,0,392,0.4,0.32,0.34,0.39,-1.4945514367275337,-27.943415549902284,-73.34646076016156,-262.0024609794293
Nenad Zimonjic,1640.4403242088551,1608.4841158574668,1753.5595080052508,1750.6376767888662,2000.0,0.0,48.8,190.0,0,73,0.0,0.217391304347826,0.217391304347826,0.217391304347826,-72.9661082447451,-111.73155908309354,-111.73155908309354,-111.73155908309354
Jonathan Printzlau,1430.38319278486,1440.184363715534,1430.38319278486,1430.38319278486,2000.0,0.0,48.7,185.67156964873536,0,2,0.5,0.5,0.5,0.5,30.383192784860057,30.383192784860057,30.383192784860057,30.383192784860057
Alvaro Guillen Meza,1423.527855040869,1423.527855040869,1423.527855040869,1423.527855040869,312.0,173.0,22.0,175.0,0,1,1.0,1.0,1.0,1.0,23.5278550408691,23.5278550408691,23.5278550408691,23.5278550408691
Vasilis Mazarakis,1729.5997424417303,1777.5310009732905,1776.2659079270898,1729.5997424417303,126.0,344.0,45.0,178.0,0,68,0.4,0.4444444444444444,0.4444444444444444,0.4444444444444444,-63.59250040033294,-63.59250040033294,-63.59250040033294,-63.59250040033294
Maxime Authom,1403.602452534189,1403.602452534189,1403.602452534189,1403.602452534189,156.0,351.0,37.7,185.67156964873536,0,1,0.0,0.0,0.0,0.0,-11.407178854746007,-11.407178854746007,-11.407178854746007,-11.407178854746007
Aljoscha Thron,1398.690625310189,1398.690625310189,1400.0,1398.690625310189,901.0,11.0,38.2,185.67156964873536,0,1,0.0,0.0,0.0,0.0,-1.3093746898109655,-1.3093746898109655,-1.3093746898109655,-1.3093746898109655
Jui Chen Hung,1403.081112036297,1376.0649019922903,1403.081112036297,1403.081112036297,601.0,52.0,34.9,185.67156964873536,0,6,0.6,0.5,0.5,0.5,3.081112036297327,3.081112036297327,3.081112036297327,3.081112036297327
Danilo Petrovic,1490.2750546460725,1439.5808627038646,1507.0805957486236,1490.2750546460725,157.0,470.0,33.2,203.0,0,4,0.5,0.5,0.5,0.5,50.69419194220791,50.69419194220791,50.69419194220791,50.69419194220791
Tim Puetz,1435.9647195642506,1400.0,1435.9647195642506,1441.470154282054,183.0,275.0,37.1,185.0,0,2,0.5,0.5,0.5,0.5,35.96471956425057,35.96471956425057,35.96471956425057,35.96471956425057
Maks Kasnikowski,1425.552071066356,1425.552071066356,1425.552071066356,1425.552071066356,173.0,345.0,22.1,180.0,0,3,0.6666666666666666,0.6666666666666666,0.6666666666666666,0.6666666666666666,25.55207106635612,25.55207106635612,25.55207106635612,25.55207106635612
Hisham Hemeda,1566.017592260695,1566.017592260695,1566.017592260695,1566.017592260695,1304.0,1.0,47.2,185.67156964873536,0,10,0.0,0.0,0.0,0.0,0.0,0.0,0.0,0.0
Santiago Gonzalez,1559.066579618725,1467.3728050492246,1496.9266083854127,1400.0,2000.0,0.0,42.0,191.0,0,21,0.2,0.4285714285714285,0.4285714285714285,0.4285714285714285,141.55418599235236,159.06657961872497,159.06657961872497,159.06657961872497
Frantisek Cermak,1735.8561579918205,1655.4002864049237,1807.0246090466355,1772.4916043765809,2000.0,0.0,48.2,193.0,0,74,0.2,0.375,0.375,0.375,-23.856902175519732,-1.670068824205373,-1.670068824205373,-1.670068824205373
Timo Fleischfresser,1643.5260933076434,1643.5260933076434,1643.5260933076434,1643.5260933076434,566.0,28.0,46.3,185.67156964873536,0,10,0.0,0.0,0.0,0.0,0.0,0.0,0.0,0.0
Vladyslav Orlov,1391.1902026750256,1391.1902026750256,1391.1902026750256,1391.1902026750256,598.0,58.0,29.7,188.0,0,3,0.3333333333333333,0.3333333333333333,0.3333333333333333,0.3333333333333333,-8.809797324974397,-8.809797324974397,-8.809797324974397,-8.809797324974397
Wayne Arthurs,1809.8558036702768,1890.701904242668,1792.108479496115,1900.9106232049976,195.0,219.0,54.2,190.0,1,308,0.8,0.48,0.46,0.46,-7.292787588753981,-76.24202183193302,-60.636406151415486,-72.3362620616374
Renzo Furlan,1784.3908571055515,1804.3420178187007,1778.4175627835991,1784.3908571055515,164.0,222.0,55.1,175.0,0,68,0.2,0.3333333333333333,0.3333333333333333,0.3333333333333333,-9.95438746103946,-9.95438746103946,-9.95438746103946,-9.95438746103946
Steven Korteling,1400.0,1400.0,1400.0,1400.0,463.0,57.0,41.5,185.67156964873536,0,0,0.0,0.0,0.0,0.0,0.0,0.0,0.0,0.0
Marton Fucsovics,1739.353722216138,1493.6132154710556,1541.969410375296,1483.1808277486818,91.0,629.0,33.7,188.0,0,325,0.2,0.44,0.48,0.47,-25.689447171739403,-48.30640921186637,3.1433307132926984,-58.04003767379936
Iurie Gorban,1397.291158557298,1397.291158557298,1400.0,1397.291158557298,2000.0,0.0,49.0,185.67156964873536,0,1,0.0,0.0,0.0,0.0,-2.708841442701896,-2.708841442701896,-2.708841442701896,-2.708841442701896
Min Kyu Song,1400.0,1400.0,1400.0,1400.0,2000.0,0.0,35.0,183.0,0,0,0.0,0.0,0.0,0.0,0.0,0.0,0.0,0.0
Dino Marcan,1396.423546125522,1396.423546125522,1396.423546125522,1396.423546125522,377.0,107.0,33.9,178.0,0,1,0.0,0.0,0.0,0.0,-3.57645387447792,-3.57645387447792,-3.57645387447792,-3.57645387447792
Anis Ghorbel,1331.456363552236,1400.0,1400.0,1331.456363552236,564.0,59.0,35.8,185.67156964873536,0,3,0.0,0.0,0.0,0.0,-68.54363644776413,-68.54363644776413,-68.54363644776413,-68.54363644776413
Alexandros Skorilas,1425.0,1425.0,1425.0,1425.0,766.0,30.0,25.4,185.0,0,1,1.0,1.0,1.0,1.0,25.0,25.0,25.0,25.0
Mikael Tillstrom,1949.7188781971072,1941.4851558415423,1979.7016550596488,1916.5466491702975,76.0,557.0,53.6,185.0,0,189,0.6,0.48,0.5128205128205128,0.5128205128205128,-25.47064132936839,-9.841002291546374,19.00700558423955,19.00700558423955
Nicolas Devilder,1559.7665061026375,1527.5059564632809,1627.0843123696409,1658.7668151191558,286.0,159.0,45.1,173.0,1,78,0.2,0.16,0.28,0.3235294117647059,-85.62997619472276,-177.21279291525298,-173.2216638533098,-58.0785484175924
Glenn Weiner,1731.0535963005373,1733.545229123645,1731.0535963005373,1730.960893373376,230.0,153.0,48.8,188.0,0,79,0.4,0.32,0.3448275862068966,0.3448275862068966,-32.30036722271575,-11.822463655993488,-11.822463655993488,-11.822463655993488
Emil Ruusuvuori,1717.3489291201713,1776.6479298071258,1349.5420113489408,1411.5133710378682,71.0,773.0,26.3,188.0,0,213,0.6,0.48,0.52,0.53,-49.6846800943581,-6.6347370045502885,-78.65455162493868,-50.49019424426092
Geoffrey Blancaneaux,1340.7885509776945,1349.2813794381511,1400.0,1340.7885509776945,152.0,385.0,26.5,180.0,0,5,0.0,0.0,0.0,0.0,-59.21144902230549,-59.21144902230549,-59.21144902230549,-59.21144902230549
Gilles Muller,1745.6967123264958,1515.6100122623386,1451.256346782135,1626.4901264583275,127.0,448.0,42.3,193.0,1,444,0.4,0.32,0.5,0.54,-201.72971186924792,-329.60981382369664,-239.28454659508384,-213.41738736294337
Alexander Donski,1390.2928185461133,1390.2928185461133,1390.2928185461133,1390.2928185461133,566.0,44.0,26.5,188.0,0,1,0.0,0.0,0.0,0.0,-9.707181453886731,-9.707181453886731,-9.707181453886731,-9.707181453886731
Dimitar Kuzmanov,1463.5725825097352,1415.1593428164238,1460.559683100181,1463.5725825097352,225.0,269.0,31.5,183.0,0,37,0.2,0.48,0.4864864864864865,0.4864864864864865,37.69715906312263,39.42655372048489,63.572582509735184,63.572582509735184
Filip Krajinovic,1653.8376863970766,1575.136658507913,1505.1504965493966,1388.566227375259,93.0,661.0,33.2,185.0,0,256,0.0,0.32,0.44,0.44,-182.9193878445308,-45.493044806005855,-51.96103860843891,-278.7027050924571
Aleksandre Bakshi,1379.664066548613,1403.5014477534835,1379.664066548613,1379.664066548613,512.0,75.0,28.1,180.0,1,1,0.0,0.0,0.0,0.0,-20.335933451387064,-20.335933451387064,-20.335933451387064,-20.335933451387064
Sam Riffice,1400.0,1400.0,1400.0,1400.0,542.0,63.0,26.4,188.0,0,0,0.0,0.0,0.0,0.0,0.0,0.0,0.0,0.0
Amr Elsayed Abdou Ahmed Mohamed,1399.9654736280245,1375.0,1432.8724246360002,1399.9654736280245,643.0,48.0,26.5,185.0,0,5,0.4,0.4,0.4,0.4,-0.0345263719755166,-0.0345263719755166,-0.0345263719755166,-0.0345263719755166
Thomas Fancutt,1400.0,1400.0,1400.0,1400.0,562.0,53.0,29.9,188.0,0,0,0.0,0.0,0.0,0.0,0.0,0.0,0.0,0.0
John Morrissey,1400.0,1400.0,1400.0,1400.0,2000.0,0.0,32.4,185.67156964873536,0,0,0.0,0.0,0.0,0.0,0.0,0.0,0.0,0.0
Andres Filimonov,1355.9649100008842,1355.9649100008842,1358.0054473924756,1355.9649100008842,2000.0,0.0,57.1,185.67156964873536,0,4,0.0,0.0,0.0,0.0,-44.03508999911583,-44.03508999911583,-44.03508999911583,-44.03508999911583
Damion Johnson,1308.0680730584577,1374.235493725344,1366.1120075254607,1308.0680730584577,2000.0,0.0,39.8,185.67156964873536,0,5,0.0,0.0,0.0,0.0,-91.93192694154232,-91.93192694154232,-91.93192694154232,-91.93192694154232
Kevin Anderson,1778.3257258832598,1478.736530987386,1549.3921470355158,1591.8026891790005,652.0,45.0,39.2,203.0,0,613,0.4,0.44,0.46,0.57,-195.5016670680161,-257.3318316570292,-297.3321996234065,-327.6869513193044
Jonas Froberg,1651.175947741673,1605.590347276437,1651.175947741673,1651.175947741673,621.0,23.0,44.6,185.67156964873536,0,11,1.0,1.0,1.0,1.0,45.58560046523644,45.58560046523644,45.58560046523644,45.58560046523644
Jaime Cortes,1400.0,1400.0,1400.0,1400.0,2000.0,0.0,59.6,185.67156964873536,0,0,0.0,0.0,0.0,0.0,0.0,0.0,0.0,0.0
Wesley Moodie,1870.0643411429196,1715.2843684910424,1362.0953794866814,1547.2902560552204,157.0,274.0,46.6,196.0,0,126,0.4,0.48,0.42,0.45,-37.1344756487938,9.605240706705672,-110.70593976100372,214.7528634911964
Flavio Cipolla,1567.8931825538327,1584.2306168911407,1545.9389200267897,1370.915426077175,147.0,377.0,41.7,173.0,0,101,0.2,0.32,0.38,0.36,-67.91556104021743,-184.28395108152856,-129.06077077984128,82.41540193778178
Patrick Kypson,1435.378838245947,1433.801189876512,1383.5345065154495,1435.378838245947,133.0,472.0,25.4,188.0,0,8,0.6,0.375,0.375,0.375,35.37883824594701,35.37883824594701,35.37883824594701,35.37883824594701
Pavel Vizner,1400.0,1400.0,1400.0,1400.0,2000.0,0.0,54.5,183.0,0,0,0.0,0.0,0.0,0.0,0.0,0.0,0.0,0.0
Jan Boruszewski,1708.1540532194242,1708.1540532194242,1708.1540532194242,1708.1540532194242,376.0,69.0,47.7,185.67156964873536,0,50,0.0,0.0,0.0,0.0,0.0,0.0,0.0,0.0
Oscar Serrano,1803.0537593071845,1803.0537593071845,1803.0537593071845,1803.0537593071845,244.0,124.0,46.7,173.0,0,57,0.6,0.4285714285714285,0.4285714285714285,0.4285714285714285,21.38926355504941,21.38926355504941,21.38926355504941,21.38926355504941
Alexander Peya,1595.872218935206,1748.277190670051,1649.0174246724869,1589.4895752999653,708.0,24.0,44.7,183.0,0,122,0.2,0.32,0.28,0.3055555555555556,-54.98733113838762,-125.2308643282754,-100.45078225770362,-121.24945829722832
Andre Gaspar Murta,1400.0,1400.0,1400.0,1400.0,912.0,12.0,30.4,186.27336318231923,0,0,0.0,0.0,0.0,0.0,0.0,0.0,0.0,0.0
Maxime Teixeira,1423.3421628873723,1419.54746301334,1436.1460883651127,1423.3421628873723,340.0,133.0,36.5,188.0,0,5,0.2,0.2,0.2,0.2,0.6457353481275732,0.6457353481275732,0.6457353481275732,0.6457353481275732
Louis Vosloo,1783.2501746906405,1783.2501746906405,1760.1063974948097,1783.2501746906405,211.0,170.0,47.2,178.0,0,50,0.0,0.0,0.0,0.0,0.0,0.0,0.0,0.0
Nino Serdarusic,1387.0727473788247,1383.7273614800692,1376.15047449368,1387.0727473788247,307.0,165.0,28.4,191.0,0,9,0.2,0.2222222222222222,0.2222222222222222,0.2222222222222222,-12.927252621175285,-12.927252621175285,-12.927252621175285,-12.927252621175285
Brian Baker,1665.1035301990155,1431.600003314791,1566.0608594787946,1487.7961986804278,312.0,157.0,40.3,190.0,0,59,0.4,0.24,0.36,0.3389830508474576,-76.55126444337293,-111.37925663492432,208.0448249929764,265.1035301990155
Emanuel Couto,1739.278122693989,1751.3366987360655,1756.6286219251497,1739.278122693989,1043.0,5.0,51.6,183.0,0,57,0.2,0.2857142857142857,0.2857142857142857,0.2857142857142857,-12.058576042076538,-12.058576042076538,-12.058576042076538,-12.058576042076538
West Nott,1372.34624831448,1396.9987740463978,1372.34624831448,1372.34624831448,2000.0,0.0,43.0,186.27336318231923,0,5,0.4,0.4,0.4,0.4,-27.653751685519865,-27.653751685519865,-27.653751685519865,-27.653751685519865
Austin Krajicek,1555.5846796760582,1615.205351239085,1389.2863375049512,1385.5128957144857,274.0,187.0,35.0,188.0,1,35,0.2,0.36,0.3428571428571428,0.3428571428571428,52.30622622098485,160.5117143683167,155.58467967605816,155.58467967605816
George Chantouria,1374.5370928575103,1374.5370928575103,1400.0,1374.5370928575103,2000.0,0.0,36.1,185.67156964873536,1,1,0.0,0.0,0.0,0.0,-25.462907142489712,-25.462907142489712,-25.462907142489712,-25.462907142489712
Jan Hernych,1717.5514736663392,1871.159005332224,1630.7303964975688,1799.7939803638887,324.0,146.0,45.9,190.0,0,246,0.4,0.52,0.38,0.38,2.546759826908101,34.02380100788059,-49.47005453744623,-103.79379552584396
Denes Lukacs,1435.5108583226786,1400.0,1410.5108583226786,1435.5108583226786,1042.0,12.0,38.3,180.0,0,3,0.6666666666666666,0.6666666666666666,0.6666666666666666,0.6666666666666666,35.51085832267859,35.51085832267859,35.51085832267859,35.51085832267859
Tai Wei Liu,1395.677424591374,1368.4106295516845,1395.677424591374,1395.677424591374,839.0,14.0,39.2,185.67156964873536,1,3,0.3333333333333333,0.3333333333333333,0.3333333333333333,0.3333333333333333,-4.32257540862588,-4.32257540862588,-4.32257540862588,-4.32257540862588
Diego Junqueira,1563.89391659969,1636.4283223949842,1580.7447117242375,1627.4544943364049,144.0,376.0,44.3,178.0,1,53,0.2,0.24,0.2558139534883721,0.2558139534883721,8.700481162761662,-67.39165610570649,-63.56057773671501,-63.56057773671501
Illia Biloborodko,1377.8685461958112,1400.0,1400.0,1377.8685461958112,747.0,25.0,24.3,183.0,0,1,0.0,0.0,0.0,0.0,-22.131453804188823,-22.131453804188823,-22.131453804188823,-22.131453804188823
Frederic Niemeyer,1712.3091453845093,1659.2633302825911,1790.9895294543958,1822.5442002280984,487.0,81.0,49.2,190.0,0,89,0.2,0.28,0.3076923076923077,0.3076923076923077,-96.66977940751462,-47.19756499120945,-79.7402099135245,-79.7402099135245
Leonardo Azzaro,1686.9791033876866,1686.9791033876866,1686.9791033876866,1686.9791033876866,295.0,123.0,47.1,188.0,1,52,0.0,0.0,0.0,0.0,-27.29289742429069,-27.29289742429069,-27.29289742429069,-27.29289742429069
Jose Antonio Velazquez,1400.0,1400.0,1400.0,1400.0,2000.0,0.0,41.0,185.67156964873536,0,0,0.0,0.0,0.0,0.0,0.0,0.0,0.0,0.0
Rabi Bouhassoun,1402.3186472688024,1402.3186472688024,1402.3186472688024,1402.3186472688024,2000.0,0.0,46.5,185.67156964873536,0,2,0.5,0.5,0.5,0.5,2.3186472688023514,2.3186472688023514,2.3186472688023514,2.3186472688023514
Hernando Jose Escurra Isnardi,1374.0540124030156,1400.0,1400.0,1374.0540124030156,2000.0,0.0,27.7,183.0,0,1,0.0,0.0,0.0,0.0,-25.945987596984423,-25.945987596984423,-25.945987596984423,-25.945987596984423
Levar Harper Griffith,1560.077410230319,1566.017592260695,1566.017592260695,1560.077410230319,297.0,107.0,43.9,185.67156964873536,0,11,0.0,0.0,0.0,0.0,-5.940182030376036,-5.940182030376036,-5.940182030376036,-5.940182030376036
Andrea Gaudenzi,1780.3841500284695,1798.1275542500666,1965.389324353635,1912.2713361525648,136.0,286.0,51.7,183.0,0,259,0.4,0.28,0.3,0.38,-137.81702653651791,-126.43666515813698,-186.00195793499097,-112.2718709614296
Mattias Siimar,1377.5105270551185,1377.5105270551185,1377.5105270551185,1377.5105270551185,1041.0,10.0,27.6,185.67156964873536,1,1,0.0,0.0,0.0,0.0,-22.489472944881527,-22.489472944881527,-22.489472944881527,-22.489472944881527
Denis Yevseyev,1419.2492337531942,1391.4849223882234,1437.4584005602856,1419.2492337531942,207.0,282.0,32.3,188.0,0,3,0.3333333333333333,0.3333333333333333,0.3333333333333333,0.3333333333333333,19.249233753194176,19.249233753194176,19.249233753194176,19.249233753194176
Samir Iftikhar,1404.459218259586,1422.60322666835,1400.0,1404.459218259586,2000.0,0.0,33.4,185.67156964873536,0,5,0.4,0.4,0.4,0.4,4.459218259585896,4.459218259585896,4.459218259585896,4.459218259585896
Marvin Moeller,1400.0,1400.0,1400.0,1400.0,2000.0,0.0,26.4,178.0,0,0,0.0,0.0,0.0,0.0,0.0,0.0,0.0,0.0
Gino Meeuwsen,1400.0,1400.0,1400.0,1400.0,2000.0,0.0,33.0,185.67156964873536,0,0,0.0,0.0,0.0,0.0,0.0,0.0,0.0,0.0
Karol Beck,1614.033492469551,1581.3694397930728,1475.804713013752,1666.3667397433344,143.0,370.0,43.4,180.0,0,190,0.2,0.24,0.24,0.35,-113.97404873002642,-267.3845019375856,-400.2580987981794,-323.62896160851164
Cayetano March,1426.1920559449543,1426.1920559449543,1426.1920559449543,1426.1920559449543,700.0,33.0,24.6,175.0,0,1,1.0,1.0,1.0,1.0,26.19205594495452,26.19205594495452,26.19205594495452,26.19205594495452
Bjorn Fratangelo,1570.3617528760578,1530.6282078770448,1512.4135680680463,1543.337227586366,695.0,38.0,32.0,183.0,0,61,0.2,0.32,0.38,0.360655737704918,-29.28285336121576,14.696249637078608,6.591447738837815,77.95351245548909
Tennys Sandgren,1558.8863858641412,1549.9995314125786,1369.595411167306,1544.3235174045917,281.0,200.0,33.5,188.0,0,122,0.2,0.28,0.32,0.38,-59.70224959899451,-167.4228725440289,-128.57008060345763,-78.9910375946206
Ugo Nastasi,1290.9991711424498,1344.5472114800407,1377.352782220679,1290.9991711424498,2000.0,0.0,31.7,185.0,0,11,0.2,0.1818181818181818,0.1818181818181818,0.1818181818181818,-109.00082885755025,-109.00082885755025,-109.00082885755025,-109.00082885755025
Oh Hee Kwon,1682.471643675559,1682.471643675559,1682.471643675559,1682.471643675559,700.0,18.0,47.2,186.27336318231923,0,10,0.0,0.0,0.0,0.0,0.0,0.0,0.0,0.0
Justin Bower,1651.917564785812,1689.2708390663424,1591.8157719757944,1731.9354923758422,417.0,67.0,47.3,190.0,1,18,0.4,0.375,0.375,0.375,-37.353274280530286,-37.353274280530286,-37.353274280530286,-37.353274280530286
Petar Jelenic,1400.0,1400.0,1400.0,1400.0,544.0,49.0,37.6,186.27336318231923,0,0,0.0,0.0,0.0,0.0,0.0,0.0,0.0,0.0
Roberto Quiroz,1485.483966471693,1436.7809388074825,1464.0046395780307,1400.0,260.0,190.0,33.5,193.0,1,20,0.0,0.45,0.45,0.45,60.483966471693066,85.48396647169307,85.48396647169307,85.48396647169307
Attila Balazs,1545.6732999439675,1333.9920538941954,1651.594492147016,1400.0,2000.0,0.0,36.9,180.0,0,55,0.0,0.44,0.5,0.509090909090909,-123.76189490414912,-78.21362539777965,83.42216988639825,145.67329994396755
Franco Squillari,1866.25058565348,1945.3806363011888,2040.1790884808008,1941.282316099306,135.0,310.0,50.0,183.0,1,355,0.6,0.48,0.48,0.45,10.52672670658808,-51.83320830651383,-70.61786421572447,-93.1443870121766
Dentry Mortimer,1389.3700787401574,1389.3700787401574,1389.3700787401574,1389.3700787401574,2000.0,0.0,43.0,185.67156964873536,0,1,0.0,0.0,0.0,0.0,-10.629921259842604,-10.629921259842604,-10.629921259842604,-10.629921259842604
David Martin,1566.017592260695,1566.017592260695,1566.017592260695,1566.017592260695,725.0,21.0,44.5,185.0,1,10,0.0,0.0,0.0,0.0,0.0,0.0,0.0,0.0
Fred Simonsson,1400.0,1400.0,1400.0,1400.0,674.0,37.0,30.6,188.0,0,0,0.0,0.0,0.0,0.0,0.0,0.0,0.0,0.0
Yasir Khan,1255.5600820640152,1309.8983173701956,1362.8451113031792,1255.5600820640152,2000.0,0.0,35.8,185.67156964873536,0,7,0.0,0.0,0.0,0.0,-144.4399179359848,-144.4399179359848,-144.4399179359848,-144.4399179359848
Jordi Munoz Abreu,1327.2776349581443,1386.269084245166,1354.8704105183836,1327.2776349581443,1234.0,4.0,35.1,185.67156964873536,0,7,0.2,0.1428571428571428,0.1428571428571428,0.1428571428571428,-72.72236504185571,-72.72236504185571,-72.72236504185571,-72.72236504185571
Mirza Basic,1534.213670820092,1564.1465992893184,1298.7673761572144,1418.939265227982,579.0,59.0,34.1,188.0,0,73,0.2,0.2,0.4,0.4520547945205479,-137.50478211783093,-212.34979208554523,-74.66908703512672,134.21367082009192
Liam Caruana,1394.6147750441596,1394.6147750441596,1394.6147750441596,1394.6147750441596,622.0,45.0,27.7,178.0,0,1,0.0,0.0,0.0,0.0,-5.3852249558403855,-5.3852249558403855,-5.3852249558403855,-5.3852249558403855
Fredrik Ask,1387.7555244209675,1400.0,1400.0,1387.7555244209675,1421.0,2.0,34.8,185.67156964873536,0,1,0.0,0.0,0.0,0.0,-12.244475579032496,-12.244475579032496,-12.244475579032496,-12.244475579032496
Paris Gemouchidis,1320.452643130202,1320.452643130202,1320.452643130202,1320.452643130202,672.0,25.0,37.0,175.0,0,4,0.0,0.0,0.0,0.0,-79.54735686979802,-79.54735686979802,-79.54735686979802,-79.54735686979802
Daniel Smethurst,1400.0,1400.0,1400.0,1400.0,234.0,205.0,34.6,188.0,0,0,0.0,0.0,0.0,0.0,0.0,0.0,0.0,0.0
Jc Aragone,1368.842935423327,1397.215873355966,1368.842935423327,1386.0061132640692,299.0,165.0,29.5,178.0,0,3,0.0,0.0,0.0,0.0,-31.157064576673065,-31.157064576673065,-31.157064576673065,-31.157064576673065
Luis Diego Chavez Villalpando,1400.0,1400.0,1400.0,1400.0,1581.0,2.0,29.2,186.27336318231923,0,0,0.0,0.0,0.0,0.0,0.0,0.0,0.0,0.0
Toni Androic,1394.3594148962466,1400.0,1400.0,1394.3594148962466,363.0,119.0,33.5,168.0,0,1,0.0,0.0,0.0,0.0,-5.640585103753438,-5.640585103753438,-5.640585103753438,-5.640585103753438
Zura Tkemaladze,1376.8813402800658,1368.5869164911078,1376.8813402800658,1376.8813402800658,721.0,37.0,24.6,188.0,0,1,0.0,0.0,0.0,0.0,-23.11865971993416,-23.11865971993416,-23.11865971993416,-23.11865971993416
Adrien Bossel,1347.480080959754,1396.275077076057,1400.0,1388.475736026678,485.0,78.0,38.0,185.67156964873536,1,4,0.0,0.0,0.0,0.0,-52.51991904024612,-52.51991904024612,-52.51991904024612,-52.51991904024612
Charles Broom,1381.1705234450417,1381.1705234450417,1381.1705234450417,1381.1705234450417,248.0,242.0,27.1,178.0,0,1,0.0,0.0,0.0,0.0,-18.829476554958543,-18.829476554958543,-18.829476554958543,-18.829476554958543
Jaymon Crabb,1704.836257593395,1704.836257593395,1704.836257593395,1704.836257593395,409.0,63.0,47.5,183.0,0,57,0.2,0.1428571428571428,0.1428571428571428,0.1428571428571428,-25.055832558887005,-25.055832558887005,-25.055832558887005,-25.055832558887005
Go Soeda,1609.8244697212149,1486.3908111565927,1383.800979387902,1361.0030104485024,119.0,480.0,40.9,178.0,0,147,0.4,0.32,0.32,0.35,-26.46224395933564,-41.83913396741946,-88.55841012099131,-77.40943847266453
Michael Tebbutt,1723.1367009029073,1752.7156844301203,1723.1367009029073,1723.1367009029073,506.0,41.0,54.7,190.0,1,51,0.0,0.0,0.0,0.0,-13.271164157345538,-13.271164157345538,-13.271164157345538,-13.271164157345538
Muhammad Khaliq Siddiq,1392.8418704731544,1392.8418704731544,1392.8418704731544,1392.8418704731544,2000.0,0.0,48.6,185.67156964873536,0,1,0.0,0.0,0.0,0.0,-7.1581295268456415,-7.1581295268456415,-7.1581295268456415,-7.1581295268456415
Alexander Kudryavtsev,1439.2103293216485,1475.4776797894826,1400.0,1398.1394646476103,179.0,302.0,39.6,183.0,0,19,0.2,0.2631578947368421,0.2631578947368421,0.2631578947368421,39.21032932164826,39.21032932164826,39.21032932164826,39.21032932164826
Vadim Kutsenko,1726.211235855009,1725.4445621823966,1800.6460502408386,1726.211235855009,366.0,85.0,48.0,180.0,0,79,0.2,0.4,0.4137931034482758,0.4137931034482758,-105.61610171259667,-92.93488087961624,-92.93488087961624,-92.93488087961624
Julien Jeanpierre,1741.2376528083762,1717.9679043175454,1695.6276287873238,1741.2376528083762,154.0,260.0,45.3,188.0,0,53,0.6666666666666666,0.6666666666666666,0.6666666666666666,0.6666666666666666,45.61002402105237,45.61002402105237,45.61002402105237,45.61002402105237
Thomaz Bellucci,1603.0741244076496,1476.963606721589,1604.8632676833026,1371.4700857601738,915.0,14.0,37.1,188.0,1,421,0.0,0.24,0.4,0.41,-145.43457782504197,-195.23203305954732,-180.2696340119849,-277.5100521543916
Adrian Forberg Skogeng,1400.0,1400.0,1400.0,1400.0,2000.0,0.0,34.9,185.67156964873536,0,0,0.0,0.0,0.0,0.0,0.0,0.0,0.0,0.0
Alberto Brizzi,1400.0,1400.0,1400.0,1400.0,273.0,136.0,41.3,185.67156964873536,0,0,0.0,0.0,0.0,0.0,0.0,0.0,0.0,0.0
Milen Velev,1636.8822093994513,1636.8822093994513,1610.8274572717671,1636.8822093994513,414.0,66.0,53.6,185.67156964873536,0,12,0.0,0.0,0.0,0.0,-28.80670901420899,-28.80670901420899,-28.80670901420899,-28.80670901420899
Mohammed Fawzy,1400.0,1400.0,1400.0,1400.0,2000.0,0.0,41.4,185.67156964873536,0,0,0.0,0.0,0.0,0.0,0.0,0.0,0.0,0.0
Daniil Ostapenkov,1381.8646963428332,1400.0,1400.0,1381.8646963428332,2000.0,0.0,22.3,186.27336318231923,0,1,0.0,0.0,0.0,0.0,-18.135303657166787,-18.135303657166787,-18.135303657166787,-18.135303657166787
Sebastian Korda,1956.0351438144376,1778.3587327859595,1498.897250087801,1518.1649737846424,16.0,2545.0,25.1,196.0,0,204,0.6,0.72,0.62,0.62,90.4727594494093,94.53842172468308,83.43387092776084,65.86447133675779
Alexey Vatutin,1410.270932744701,1408.868546211976,1454.2418761151052,1410.270932744701,336.0,148.0,32.9,178.0,0,8,0.0,0.25,0.25,0.25,-28.49307245852151,-28.49307245852151,-28.49307245852151,-28.49307245852151
Luka Gregorc,1590.5188349187392,1603.2620652023147,1400.0,1400.0,325.0,126.0,41.0,186.27336318231923,0,19,0.2,0.4210526315789473,0.4210526315789473,0.4210526315789473,190.51883491873923,190.51883491873923,190.51883491873923,190.51883491873923
Phuong Van Nguyen,1400.0,1400.0,1400.0,1400.0,2000.0,0.0,24.0,175.0,0,0,0.0,0.0,0.0,0.0,0.0,0.0,0.0,0.0
Boris Arias,1400.0,1400.0,1400.0,1400.0,2000.0,0.0,31.2,185.0,0,0,0.0,0.0,0.0,0.0,0.0,0.0,0.0,0.0
Efe Ustundag,1601.736659154679,1601.736659154679,1601.736659154679,1601.736659154679,715.0,16.0,48.2,185.67156964873536,0,13,0.3333333333333333,0.3333333333333333,0.3333333333333333,0.3333333333333333,-37.67000932687324,-37.67000932687324,-37.67000932687324,-37.67000932687324
Fabian Marozsan,1688.0178640452646,1666.0065039369963,1502.8985738650683,1353.5465864705698,59.0,930.0,26.0,193.0,0,71,0.4,0.4,0.46,0.4788732394366197,-17.07610587364843,-55.19603497535718,11.542226369964284,288.01786404526456
Soren Hess Olesen,1359.9633436474924,1379.4028520940535,1359.9633436474924,1359.9633436474924,943.0,12.0,34.0,186.27336318231923,0,4,0.25,0.25,0.25,0.25,-40.036656352507634,-40.036656352507634,-40.036656352507634,-40.036656352507634
Filip Prpic,1415.4566880200834,1461.2726705846894,1356.7597847996535,1415.4566880200834,1426.0,2.0,42.7,173.0,0,12,0.2,0.1666666666666666,0.1666666666666666,0.1666666666666666,15.456688020083448,15.456688020083448,15.456688020083448,15.456688020083448
Nicolas Thomann,1813.31730784549,1758.0542831834623,1640.2735426700606,1721.3600341319209,266.0,146.0,52.8,183.0,0,46,0.2,0.4,0.3888888888888889,0.3888888888888889,28.59994509403828,87.90335685695777,126.09829613823922,126.09829613823922
Jan Kroslak,1805.101603930705,1869.156373798432,1888.4827949891223,1805.101603930705,269.0,123.0,50.3,188.0,0,70,0.2,0.3,0.3,0.3,-69.53845372861974,-91.04722865774306,-91.04722865774306,-91.04722865774306
Konstantinos Economidis,1602.6130416705691,1600.2676560767434,1782.228685740561,1690.5084965266174,2000.0,0.0,47.6,188.0,0,87,0.4,0.4,0.4864864864864865,0.4864864864864865,-159.216755503076,-122.8642491184546,-108.5640785986152,-108.5640785986152
Takanyi Garanganga,1359.0533135265478,1380.8967670611753,1359.0533135265478,1359.0533135265478,449.0,19.0,34.5,185.67156964873536,0,10,0.4,0.4,0.4,0.4,-40.946686473452246,-40.946686473452246,-40.946686473452246,-40.946686473452246
Evgeny Korolev,1728.5806139031276,1722.8565522381327,1522.84865421546,1375.116168234775,181.0,263.0,37.4,185.0,0,171,0.4,0.28,0.36,0.4,-67.31951836534336,-149.16295868916131,-154.98298034678237,-139.28076959574537
Olivier Sajous,1379.273277241522,1450.3239752461177,1373.513687871577,1379.273277241522,736.0,24.0,38.1,186.27336318231923,0,7,0.4,0.4285714285714285,0.4285714285714285,0.4285714285714285,-20.72672275847799,-20.72672275847799,-20.72672275847799,-20.72672275847799
Wen Lung Chang,1421.6473935245506,1400.0,1421.6473935245506,1400.0,1371.0,1.0,44.7,185.67156964873536,0,1,1.0,1.0,1.0,1.0,21.64739352455058,21.64739352455058,21.64739352455058,21.64739352455058
Filip Veger,1400.0,1400.0,1400.0,1400.0,836.0,16.0,30.1,185.67156964873536,0,0,0.0,0.0,0.0,0.0,0.0,0.0,0.0,0.0
Matthew Forbes,1400.0,1400.0,1400.0,1400.0,1848.0,1.0,19.3,185.67156964873536,0,0,0.0,0.0,0.0,0.0,0.0,0.0,0.0,0.0
David Sanchez,1766.6970094099963,1612.0310400829503,2065.0479123188297,1768.35642499274,138.0,302.0,47.4,183.0,0,251,0.4,0.36,0.4,0.42,-12.94322907728838,-89.4045265104171,-143.29760123380356,-152.0054561721695
Alexandr Dolgopolov,1910.706300024396,1645.6879914473948,1631.9404371475684,1437.0219726415453,54.0,966.0,36.5,180.0,0,422,0.4,0.6,0.54,0.49,-19.952570595628004,23.66591844146797,47.128641822359896,-31.101481213373745
Frederico Gil,1754.7197894405483,1534.268346538517,1694.8144977877607,1320.8690295134684,213.0,220.0,40.0,173.0,0,142,0.2,0.44,0.42,0.42,-49.83312168649695,-106.11443848157955,-83.27222305679084,-71.9140357171998
Josh Goodall,1328.5090942974389,1357.087673378789,1328.5090942974389,1384.8329872436773,215.0,229.0,39.6,188.0,0,15,0.2,0.0666666666666666,0.0666666666666666,0.0666666666666666,-71.49090570256135,-71.49090570256135,-71.49090570256135,-71.49090570256135
Niels Desein,1390.8569958932335,1404.5809995111715,1404.5809995111715,1404.5809995111715,170.0,296.0,38.0,190.0,0,2,0.0,0.0,0.0,0.0,-13.724003617937797,-13.724003617937797,-13.724003617937797,-13.724003617937797
David Skoch,1692.5600664093922,1728.8371180354306,1702.670201178973,1692.5600664093922,2000.0,0.0,48.5,183.0,0,52,0.0,0.0,0.0,0.0,-36.27705162603843,-36.27705162603843,-36.27705162603843,-36.27705162603843
Irakli Labadze,1794.5779309503748,1733.404792131461,1810.6730853985675,1775.587394097109,523.0,96.0,43.7,188.0,1,182,0.6,0.56,0.42,0.4,13.066322694666042,-35.43576723396518,-110.59923704636162,-53.59182698333325
Jozef Kovalik,1538.4897859138775,1404.7363825763664,1582.2476147162452,1380.0078812212134,113.0,511.0,32.8,183.0,0,80,0.2,0.4,0.32,0.3375,38.78417911749216,-1.48350296292233,-74.97900420021779,138.48978591387754
Alexander Cozbinov,1400.0,1400.0,1400.0,1400.0,816.0,18.0,29.6,188.0,0,0,0.0,0.0,0.0,0.0,0.0,0.0,0.0,0.0
Otto Virtanen,1496.2941809148867,1499.7658939643725,1392.0383890205146,1400.0,116.0,499.0,24.3,193.0,0,24,0.2,0.4166666666666667,0.4166666666666667,0.4166666666666667,109.00578317646593,96.29418091488674,96.29418091488674,96.29418091488674
David Mullins,1393.1018240729438,1400.0,1400.0,1393.1018240729438,2000.0,0.0,53.5,185.67156964873536,0,1,0.0,0.0,0.0,0.0,-6.898175927056172,-6.898175927056172,-6.898175927056172,-6.898175927056172
Benjamin Hannestad,1407.5852699815323,1382.5852699815323,1407.5852699815323,1407.5852699815323,1094.0,8.0,28.5,185.67156964873536,0,2,0.5,0.5,0.5,0.5,7.585269981532292,7.585269981532292,7.585269981532292,7.585269981532292
Mate Valkusz,1351.690455417391,1399.4096700163443,1360.577852259702,1351.690455417391,402.0,117.0,27.0,183.0,0,7,0.2,0.1428571428571428,0.1428571428571428,0.1428571428571428,-48.30954458260908,-48.30954458260908,-48.30954458260908,-48.30954458260908
Andis Juska,1601.2164834956718,1356.7237706908393,1486.4950926543931,1601.2164834956718,710.0,32.0,40.2,185.67156964873536,0,39,0.4,0.52,0.4871794871794871,0.4871794871794871,61.64008399443696,201.2123197595397,201.2164834956718,201.2164834956718
Nicola Kuhn,1437.0171620633637,1456.7130237583729,1408.4004144133305,1392.8943322809134,259.0,190.0,25.3,185.0,0,11,0.2,0.2727272727272727,0.2727272727272727,0.2727272727272727,37.01716206336346,37.01716206336346,37.01716206336346,37.01716206336346
Thanapet Chanta,1400.0,1400.0,1400.0,1400.0,938.0,16.0,25.3,185.67156964873536,0,0,0.0,0.0,0.0,0.0,0.0,0.0,0.0,0.0
Thomas Shimada,1619.3628883535284,1634.2220980595707,1619.3628883535284,1634.2220980595707,1351.0,1.0,50.4,178.0,0,11,0.0,0.0,0.0,0.0,-14.859209706042291,-14.859209706042291,-14.859209706042291,-14.859209706042291
Janko Tipsarevic,1661.4100191364273,1521.1924709986329,1489.099497681633,1454.0300345384246,251.0,180.0,41.3,180.0,0,548,0.2,0.32,0.38,0.36,-68.07173244034402,-165.77020960427308,-155.18022340819357,-561.4599532014199
Colin Fleming,1387.223275271337,1400.0,1387.223275271337,1389.5566182280854,721.0,21.0,41.0,188.0,0,2,0.0,0.0,0.0,0.0,-12.776724728663112,-12.776724728663112,-12.776724728663112,-12.776724728663112
Lucas Catarina,1349.3880122271923,1397.434296797809,1368.6877573617337,1349.3880122271923,452.0,97.0,29.0,185.0,0,8,0.0,0.125,0.125,0.125,-50.61198777280765,-50.61198777280765,-50.61198777280765,-50.61198777280765
Ignacio Garcia,1348.7074856506476,1348.7074856506476,1348.7074856506476,1348.7074856506476,2000.0,0.0,25.7,185.67156964873536,0,4,0.25,0.25,0.25,0.25,-51.29251434935236,-51.29251434935236,-51.29251434935236,-51.29251434935236
Razlan Rawi,1363.50301350096,1363.50301350096,1363.50301350096,1363.50301350096,2000.0,0.0,37.0,185.67156964873536,0,2,0.0,0.0,0.0,0.0,-36.49698649904008,-36.49698649904008,-36.49698649904008,-36.49698649904008
Philipp Petzschner,1790.3835402320956,1555.904246149476,1459.046026279483,1619.437767452716,524.0,66.0,41.4,185.0,0,195,0.2,0.48,0.4,0.45,-108.31703040045907,-155.2453179846441,-192.4642060341328,-196.5833480479066
Shahab Hassani Nafez,1483.4258897859372,1425.0,1478.8416166844338,1483.4258897859372,2000.0,0.0,47.3,185.67156964873536,0,6,0.8,0.8333333333333334,0.8333333333333334,0.8333333333333334,83.42588978593722,83.42588978593722,83.42588978593722,83.42588978593722
David Wheaton,1687.075133547503,1646.9447812338617,1687.075133547503,1717.5287115915264,343.0,82.0,56.2,193.0,0,13,0.3333333333333333,0.3333333333333333,0.3333333333333333,0.3333333333333333,12.689667893334445,12.689667893334445,12.689667893334445,12.689667893334445
Jeremy Chardy,1770.647712865381,1674.2401376686976,1536.652444319957,1394.388955471269,542.0,65.0,38.3,188.0,0,606,0.2,0.36,0.46,0.48,-122.22285326557903,-150.5809213400737,-116.81410983308048,-88.58021186370001
Carlos Salamanca,1401.736434385201,1353.272858285167,1443.3745951138133,1401.736434385201,310.0,139.0,42.4,196.0,1,7,0.6,0.4285714285714285,0.4285714285714285,0.4285714285714285,1.736434385200937,1.736434385200937,1.736434385200937,1.736434385200937
Nodar Itonishvili,1350.6445343091298,1400.0,1373.3176677346082,1350.6445343091298,1356.0,4.0,40.6,185.67156964873536,0,3,0.0,0.0,0.0,0.0,-49.35546569087023,-49.35546569087023,-49.35546569087023,-49.35546569087023
Matteo Berrettini,2029.7026517004056,1342.1735974406915,1822.6244970311805,1671.9828592458794,35.0,1380.0,29.6,196.0,0,288,0.6,0.72,0.68,0.68,-6.387102694925716,10.065346659341913,-52.89297495820665,-130.638802100696
Jannik Sinner,2400.26496127164,2138.2852327897585,1651.3876825226748,1428.5243930978354,1.0,11830.0,24.2,191.0,0,352,1.0,0.96,0.9,0.9,41.38368073446463,30.81022660521694,92.23894927971924,264.56500672150514
Tsolak Gevorgyan,1364.8453470380389,1351.468416186898,1388.4997523506163,1364.8453470380389,2000.0,0.0,49.8,185.67156964873536,0,6,0.0,0.1666666666666666,0.1666666666666666,0.1666666666666666,-35.15465296196112,-35.15465296196112,-35.15465296196112,-35.15465296196112
Naser Al Obaidly,1323.8989540154882,1347.075033160736,1400.0,1323.8989540154882,2000.0,0.0,29.9,185.67156964873536,0,3,0.0,0.0,0.0,0.0,-76.10104598451176,-76.10104598451176,-76.10104598451176,-76.10104598451176
Stephane Robert,1593.0555203458025,1489.58727465394,1497.1554511456743,1405.3837288817026,661.0,30.0,44.6,185.0,0,112,0.2,0.2,0.34,0.31,-98.95024798437817,-66.50192209728402,28.6986994947938,-38.7962601673546
Patrick Tierro,1434.6983487339703,1387.7803567773942,1393.708849363901,1434.6983487339703,2000.0,0.0,39.6,185.67156964873536,0,17,0.4,0.5294117647058824,0.5294117647058824,0.5294117647058824,34.698348733970306,34.698348733970306,34.698348733970306,34.698348733970306
Alex Rybakov,1400.0,1400.0,1400.0,1400.0,378.0,123.0,28.0,185.0,1,0,0.0,0.0,0.0,0.0,0.0,0.0,0.0,0.0
Yosuke Watanuki,1628.1211711856738,1519.9629956386912,1468.9345286981,1450.5087665142917,336.0,149.0,27.4,180.0,0,38,0.4,0.4,0.4473684210526316,0.4473684210526316,58.78777823172254,167.7073074068212,228.1211711856738,228.1211711856738
Cristobal Saavedra Corvalan,1390.7090966702513,1390.7090966702513,1390.7090966702513,1390.7090966702513,410.0,83.0,34.9,185.67156964873536,0,1,0.0,0.0,0.0,0.0,-9.290903329748744,-9.290903329748744,-9.290903329748744,-9.290903329748744
Luke Smith,1613.005426238439,1613.005426238439,1613.005426238439,1613.005426238439,485.0,44.0,48.1,188.0,0,10,0.0,0.0,0.0,0.0,0.0,0.0,0.0,0.0
Ilia Kushev,1439.3279263808574,1439.3279263808574,1385.8364547582323,1439.3279263808574,520.0,48.0,44.5,185.67156964873536,0,6,0.4,0.3333333333333333,0.3333333333333333,0.3333333333333333,39.32792638085744,39.32792638085744,39.32792638085744,39.32792638085744
Jonathan Dasnieres De Veigy,1412.9892873035049,1393.2356565764885,1422.6098479128952,1412.9892873035049,158.0,333.0,38.3,175.0,1,5,0.2,0.2,0.2,0.2,12.989287303504852,12.989287303504852,12.989287303504852,12.989287303504852
Edas Butvilas,1355.6139783015826,1375.975029458789,1400.0,1400.0,368.0,134.0,21.1,191.0,0,3,0.0,0.0,0.0,0.0,-44.38602169841738,-44.38602169841738,-44.38602169841738,-44.38602169841738
Filip Misolic,1555.009007377639,1426.8609932537322,1548.3343301206658,1555.009007377639,228.0,258.0,23.9,180.0,0,17,0.4,0.5294117647058824,0.5294117647058824,0.5294117647058824,148.53516569436488,148.53516569436488,148.53516569436488,148.53516569436488
Fritz Wolmarans,1423.160789654636,1424.97729724584,1372.1407979125213,1423.160789654636,477.0,76.0,39.3,186.27336318231923,0,7,0.4,0.4285714285714285,0.4285714285714285,0.4285714285714285,23.16078965463589,23.16078965463589,23.16078965463589,23.16078965463589
Alexander Reichel,1669.1868021771584,1669.1868021771584,1669.1868021771584,1669.1868021771584,1154.0,4.0,53.9,193.0,0,10,0.0,0.0,0.0,0.0,0.0,0.0,0.0,0.0
Michael Kohlmann,1810.667226971348,1759.9138450079165,1918.428177722524,1864.3435560652715,1494.0,1.0,51.4,188.0,0,95,0.4,0.4,0.3555555555555555,0.3555555555555555,-35.62647816925232,-3.092372829976512,-33.92534378337223,-33.92534378337223
Lukas Lacko,1573.9401991807729,1522.0186549102568,1355.654808439246,1514.87061932416,214.0,319.0,37.6,185.0,0,245,0.4,0.4,0.4,0.38,-31.812678203214546,-59.121524298308486,-22.229578738017835,-95.14503835593746
Demetris Azoides,1400.0,1400.0,1400.0,1400.0,1054.0,12.0,24.9,186.27336318231923,0,0,0.0,0.0,0.0,0.0,0.0,0.0,0.0,0.0
Hussain Al Ashwak,1412.5124992311808,1412.5124992311808,1412.5124992311808,1412.5124992311808,2000.0,0.0,48.4,185.67156964873536,0,4,0.5,0.5,0.5,0.5,12.512499231180756,12.512499231180756,12.512499231180756,12.512499231180756
Calvin Hemery,1396.650787416031,1371.9532524262356,1432.9733568580252,1396.650787416031,205.0,307.0,30.7,191.0,0,10,0.2,0.2,0.2,0.2,-7.305326750652512,-7.305326750652512,-7.305326750652512,-7.305326750652512
Chuhan Wang,1436.7045590391797,1436.7045590391797,1436.7045590391797,1436.7045590391797,378.0,113.0,33.0,188.0,0,2,0.5,0.5,0.5,0.5,36.704559039179685,36.704559039179685,36.704559039179685,36.704559039179685
Petr Kralert,1839.978739633455,1864.997594350866,1831.86890845142,1839.978739633455,154.0,260.0,45.4,188.0,0,53,0.3333333333333333,0.3333333333333333,0.3333333333333333,0.3333333333333333,-2.921750915457551,-2.921750915457551,-2.921750915457551,-2.921750915457551
Florin Mergea,1485.0301171731232,1397.167132571464,1440.2054219496813,1423.266976386459,2000.0,0.0,40.4,180.0,0,6,0.4,0.5,0.5,0.5,85.03011717312324,85.03011717312324,85.03011717312324,85.03011717312324
Sam Barry,1336.9343781573173,1314.659385499309,1400.0,1336.9343781573173,425.0,96.0,33.4,185.67156964873536,0,7,0.2,0.2857142857142857,0.2857142857142857,0.2857142857142857,-63.06562184268273,-63.06562184268273,-63.06562184268273,-63.06562184268273
Edris Fetisleam,1400.0,1400.0,1400.0,1400.0,1167.0,6.0,25.6,186.27336318231923,0,0,0.0,0.0,0.0,0.0,0.0,0.0,0.0,0.0
Bohdan Ulihrach,1763.0376881126388,1930.1062058090608,1819.168442160077,1814.0722981424267,145.0,291.0,50.3,188.0,0,251,0.2,0.36,0.32,0.36,-54.22263031551233,-124.46797278278586,-186.12629037212517,-389.4828766633712
Santiago Giraldo,1584.9570073076463,1405.7686612081675,1580.8940471627022,1434.368238739503,292.0,140.0,37.2,188.0,0,371,0.4,0.36,0.36,0.41,-59.57723956583345,-120.24188691933271,-158.7102997627569,-221.4229415135685
Youssef Hossam,1425.0,1425.0,1425.0,1425.0,311.0,157.0,26.8,178.0,0,1,1.0,1.0,1.0,1.0,25.0,25.0,25.0,25.0
Maxime Cressy,1489.0848750961854,1498.408311833983,1339.3382530121798,1555.5866329608166,173.0,345.0,28.2,201.0,0,100,0.2,0.2,0.32,0.43,-247.7021790599615,-231.09291181973413,-269.1800295758321,24.86580418251947
Sergio Ramirez,1400.0,1400.0,1400.0,1400.0,934.0,8.0,39.9,185.67156964873536,0,0,0.0,0.0,0.0,0.0,0.0,0.0,0.0,0.0
Janis Skroderis,1375.0,1375.0,1400.0,1375.0,1479.0,1.0,41.9,185.67156964873536,0,1,0.0,0.0,0.0,0.0,-25.0,-25.0,-25.0,-25.0
Ivan Endara,1419.5884590626497,1383.6860389166934,1449.2539269385056,1419.5884590626497,597.0,48.0,36.9,185.67156964873536,0,14,0.4,0.3571428571428571,0.3571428571428571,0.3571428571428571,19.58845906264969,19.58845906264969,19.58845906264969,19.58845906264969
Facundo Bagnis,1527.439898153033,1396.7452277531197,1601.0697675946042,1326.9752877061344,136.0,460.0,35.1,183.0,1,130,0.6,0.4,0.32,0.33,21.138612281481983,66.6679482900065,-28.222449300175867,-22.663613063866705
Mikal Oliver Statham,1421.7567034043157,1400.0,1400.0,1421.7567034043157,756.0,26.0,38.3,185.67156964873536,0,1,1.0,1.0,1.0,1.0,21.756703404315655,21.756703404315655,21.756703404315655,21.756703404315655
Selvam Veerasingam,1420.8856692384768,1450.0070484994949,1420.8856692384768,1420.8856692384768,2000.0,0.0,55.3,185.67156964873536,0,7,0.4,0.5714285714285714,0.5714285714285714,0.5714285714285714,20.885669238476797,20.885669238476797,20.885669238476797,20.885669238476797
Roberto Maytin,1400.0,1400.0,1400.0,1400.0,1084.0,6.0,36.5,185.67156964873536,0,0,0.0,0.0,0.0,0.0,0.0,0.0,0.0,0.0
Thomas Oger,1518.026938095823,1531.50182214106,1566.017592260695,1518.026938095823,2000.0,0.0,44.8,186.27336318231923,0,16,0.6,0.5,0.5,0.5,-47.99065416487201,-47.99065416487201,-47.99065416487201,-47.99065416487201
Temur Ismailov,1340.9233134261922,1382.4022098560663,1377.0667890775983,1400.0,406.0,109.0,30.2,185.67156964873536,0,3,0.0,0.0,0.0,0.0,-59.07668657380782,-59.07668657380782,-59.07668657380782,-59.07668657380782
Alun Jones,1477.7917730936476,1477.7917730936476,1477.7917730936476,1477.7917730936476,125.0,348.0,44.7,180.0,0,12,0.2,0.25,0.25,0.25,77.79177309364763,77.79177309364763,77.79177309364763,77.79177309364763
Augustin Gensse,1416.6120838967674,1400.0,1417.998282204505,1416.6120838967674,155.0,341.0,42.0,180.0,0,3,0.3333333333333333,0.3333333333333333,0.3333333333333333,0.3333333333333333,16.612083896767444,16.612083896767444,16.612083896767444,16.612083896767444
Jurij Rodionov,1523.4313410817242,1490.5795406280697,1403.2611520858886,1460.12686779447,170.0,348.0,26.3,191.0,1,43,0.2,0.4,0.3720930232558139,0.3720930232558139,23.70792785303888,120.50270218452148,123.4313410817242,123.4313410817242
Thiago Seyboth Wild,1654.9465275020605,1471.5407502283665,1593.1966268292183,1418.240293819136,78.0,717.0,25.6,185.0,0,78,0.4,0.48,0.44,0.4230769230769231,-10.574458302766743,142.75434672213532,116.06267203606876,254.9465275020605
Claudio Dias Conduto,1400.0,1400.0,1400.0,1400.0,2000.0,0.0,31.5,185.67156964873536,0,0,0.0,0.0,0.0,0.0,0.0,0.0,0.0,0.0
Faisal Aidil,1400.0,1400.0,1400.0,1400.0,1335.0,2.0,36.5,186.27336318231923,0,0,0.0,0.0,0.0,0.0,0.0,0.0,0.0,0.0
Andrei Luzgin,1479.1352589473815,1400.0,1479.1352589473815,1479.1352589473815,1311.0,2.0,52.0,186.27336318231923,0,5,0.6,0.6,0.6,0.6,79.13525894738154,79.13525894738154,79.13525894738154,79.13525894738154
Jakub Mensik,1815.186922180772,1700.4671966805124,1510.456868044113,1387.9808926880328,48.0,1136.0,20.2,193.0,0,46,0.6,0.6,0.6086956521739131,0.6086956521739131,130.06507343015664,126.87570522405554,409.3470882915178,409.3470882915178
Robin Roshardt,1397.5132516697158,1397.5132516697158,1397.5132516697158,1397.5132516697158,588.0,37.0,37.3,185.67156964873536,0,1,0.0,0.0,0.0,0.0,-2.486748330284172,-2.486748330284172,-2.486748330284172,-2.486748330284172
Philip Bester,1367.9286716282172,1389.758858768035,1381.1740047762255,1367.9286716282172,274.0,187.0,36.3,188.0,0,10,0.2,0.2,0.2,0.2,-32.07132837178278,-32.07132837178278,-32.07132837178278,-32.07132837178278
Mauricio Doria Medina,1377.0281415497864,1401.4755081127314,1409.4642766657391,1377.0281415497864,1312.0,3.0,36.5,185.67156964873536,1,5,0.4,0.4,0.4,0.4,-22.97185845021363,-22.97185845021363,-22.97185845021363,-22.97185845021363
Dmitro Tolok,1400.0,1400.0,1400.0,1400.0,1031.0,6.0,39.4,186.27336318231923,0,0,0.0,0.0,0.0,0.0,0.0,0.0,0.0,0.0
Ilya Snitari,1400.0,1400.0,1371.7893054530136,1400.0,740.0,34.0,22.8,188.0,0,0,0.0,0.0,0.0,0.0,0.0,0.0,0.0,0.0
Nuno Matias,1610.01670399542,1610.01670399542,1610.01670399542,1610.01670399542,2000.0,0.0,47.3,185.67156964873536,0,10,0.0,0.0,0.0,0.0,0.0,0.0,0.0,0.0
Olivier Rochus,1605.4369215479403,1814.4700687162551,1480.713487259345,1794.1645271447776,143.0,380.0,44.4,168.0,0,564,0.2,0.2,0.3,0.39,-73.31901712057515,-137.16911807587255,-191.46184805206576,-178.95571606670387
Nicolas Kicker,1552.9494337304586,1457.920225556994,1561.954432240204,1439.5808627038646,203.0,297.0,32.5,178.0,0,47,0.2,0.32,0.4042553191489361,0.4042553191489361,-30.696015866829384,-22.65372223509098,113.36857102659404,113.36857102659404
Petros Baghdatis,1373.611783054037,1373.611783054037,1373.611783054037,1373.611783054037,2000.0,0.0,46.4,185.67156964873536,0,1,0.0,0.0,0.0,0.0,-26.388216945962995,-26.388216945962995,-26.388216945962995,-26.388216945962995
Benedikt Dorsch,1587.5186129785689,1594.1857154883992,1587.5186129785689,1597.1647312603918,236.0,166.0,44.1,178.0,0,12,0.0,0.0,0.0,0.0,-9.646118281822964,-9.646118281822964,-9.646118281822964,-9.646118281822964
Americo Venero Montes,1445.3465709263023,1445.3465709263023,1445.3465709263023,1445.3465709263023,2000.0,0.0,53.1,175.0,1,1,1.0,1.0,1.0,1.0,45.34657092630255,45.34657092630255,45.34657092630255,45.34657092630255
Marvin Rolle,1309.535305503152,1355.7395246184149,1374.5656216355817,1309.535305503152,1638.0,2.0,41.6,185.67156964873536,0,5,0.0,0.0,0.0,0.0,-90.4646944968481,-90.4646944968481,-90.4646944968481,-90.4646944968481
Tommy Robredo,1540.287992724214,1815.5552632315616,1799.237063007669,1651.5743534910766,362.0,118.0,42.9,180.0,0,941,0.2,0.24,0.42,0.49,-183.20222094949963,-279.38696970772867,-242.532396820553,-321.8846396805807
Emilio Nava,1393.1312199637637,1423.042721562936,1400.0,1400.0,148.0,415.0,23.6,185.0,0,17,0.2,0.1764705882352941,0.1764705882352941,0.1764705882352941,-6.8687800362363305,-6.8687800362363305,-6.8687800362363305,-6.8687800362363305
Ricardo Chile Fonte,1466.642172524307,1506.920698117869,1333.0814646594902,1466.642172524307,2000.0,0.0,43.5,185.67156964873536,0,12,0.6,0.5833333333333334,0.5833333333333334,0.5833333333333334,66.64217252430694,66.64217252430694,66.64217252430694,66.64217252430694
Luis Javier Cuellar Contreras,1400.0,1400.0,1400.0,1400.0,1507.0,1.0,37.1,185.67156964873536,0,0,0.0,0.0,0.0,0.0,0.0,0.0,0.0,0.0
William Blumberg,1400.0,1400.0,1400.0,1400.0,773.0,21.0,27.4,188.0,0,0,0.0,0.0,0.0,0.0,0.0,0.0,0.0,0.0
Andreas Bjerrehus,1400.0,1400.0,1400.0,1400.0,2000.0,0.0,33.2,185.67156964873536,0,0,0.0,0.0,0.0,0.0,0.0,0.0,0.0,0.0
Juan Sebastian Vivanco,1400.0,1400.0,1400.0,1400.0,865.0,12.0,35.4,185.67156964873536,0,0,0.0,0.0,0.0,0.0,0.0,0.0,0.0,0.0
Noah Rubin,1457.888418424836,1510.7104235061393,1407.209294715612,1384.1326065736234,306.0,176.0,29.5,175.0,0,28,0.2,0.32,0.2857142857142857,0.2857142857142857,56.93797048320039,57.88841842483589,57.88841842483589,57.88841842483589
Eliot Spizzirri,1397.8834881860655,1400.0,1397.8834881860655,1387.0607634375456,341.0,145.0,23.6,183.0,0,3,0.3333333333333333,0.3333333333333333,0.3333333333333333,0.3333333333333333,-2.1165118139342667,-2.1165118139342667,-2.1165118139342667,-2.1165118139342667
Yordan Kanev,1355.643207711266,1400.0,1370.158288433784,1355.643207711266,917.0,11.0,41.1,186.27336318231923,0,6,0.0,0.1666666666666666,0.1666666666666666,0.1666666666666666,-44.35679228873392,-44.35679228873392,-44.35679228873392,-44.35679228873392
Felix Auger Aliassime,1848.3237051729247,1612.2596853240395,1595.6141418446234,1494.9575340078964,19.0,2130.0,25.2,193.0,0,363,0.4,0.52,0.58,0.56,-7.8684810380227646,41.533458412692426,20.58905596524573,-247.43108548234383
Sebo Kiss,1494.0838960420829,1489.5192909609216,1383.186575041165,1494.0838960420829,2000.0,0.0,41.9,185.67156964873536,0,17,0.4,0.5294117647058824,0.5294117647058824,0.5294117647058824,94.08389604208288,94.08389604208288,94.08389604208288,94.08389604208288
Facundo Arguello,1325.8301919053522,1398.2989601201834,1351.5783787303412,1411.0004429215408,181.0,291.0,32.9,178.0,0,16,0.0,0.0625,0.0625,0.0625,-85.17025101618856,-85.17025101618856,-85.17025101618856,-85.17025101618856
Dominic Inglot,1391.8398796465506,1391.8398796465506,1391.8398796465506,1391.8398796465506,941.0,12.0,39.5,196.0,0,1,0.0,0.0,0.0,0.0,-8.160120353449429,-8.160120353449429,-8.160120353449429,-8.160120353449429
Siim Troost,1400.0,1400.0,1400.0,1400.0,1580.0,2.0,25.7,183.0,0,0,0.0,0.0,0.0,0.0,0.0,0.0,0.0,0.0
David Souto,1478.4614639309668,1472.0807418717172,1377.0265774293453,1478.4614639309668,870.0,16.0,33.0,185.67156964873536,1,15,0.4,0.6,0.6,0.6,78.46146393096683,78.46146393096683,78.46146393096683,78.46146393096683
Petr Luxa,1731.4949031154476,1765.3940268149563,1731.4949031154476,1795.287473973508,402.0,71.0,53.5,190.0,0,56,0.0,0.0,0.0,0.0,-91.20152442379708,-91.20152442379708,-91.20152442379708,-91.20152442379708
Sjeng Schalken,1904.4226867452903,1900.4429703226317,1866.0466733562528,2190.749673188772,202.0,195.0,48.8,193.0,0,621,0.4,0.44,0.44,0.57,-15.268361064119972,-99.9219742565856,-200.9250136576468,-180.00419092556535
Ali Ismaeel,1375.1395702978114,1375.1395702978114,1375.1395702978114,1375.1395702978114,2000.0,0.0,37.2,185.67156964873536,0,1,0.0,0.0,0.0,0.0,-24.86042970218864,-24.86042970218864,-24.86042970218864,-24.86042970218864
Andres Andrade,1423.8654838287518,1423.970227233819,1400.0,1423.8654838287518,250.0,229.0,26.7,180.0,0,1,1.0,1.0,1.0,1.0,23.86548382875185,23.86548382875185,23.86548382875185,23.86548382875185
Paul Goldstein,1746.7259202000737,1842.2612240815624,1874.176413293797,1892.5331870401424,97.0,424.0,49.0,178.0,0,314,0.4,0.4,0.42,0.45,-41.54001990318079,-99.33341363631234,-132.07632067317968,-75.63957764293946
Tripp Phillips,1400.0,1400.0,1400.0,1400.0,413.0,68.0,47.5,185.0,0,0,0.0,0.0,0.0,0.0,0.0,0.0,0.0,0.0
Paolo Lorenzi,1422.0875182750572,1652.3828879789633,1573.4968125902458,1465.6529170931003,171.0,425.0,43.5,183.0,0,304,0.2,0.32,0.26,0.37,-71.44452536323092,-93.8290439650259,-244.5442571398073,-266.75048289150504
Ivo Heuberger,1679.7343661383738,1764.1447707658856,1716.5978313865592,1719.8409724894518,191.0,217.0,49.5,188.0,0,130,0.4,0.32,0.3,0.3125,-34.15125011104783,-49.0888900235725,-165.25825154760673,-116.94795175609306
Kevin Ullyett,1829.3671783892817,1849.659338151635,1829.3671783892817,1829.3671783892817,2000.0,0.0,52.6,178.0,0,64,0.4,0.3571428571428571,0.3571428571428571,0.3571428571428571,11.614533168385831,11.614533168385831,11.614533168385831,11.614533168385831
Tommy Haas,1511.8284673236233,1853.1207952976824,1911.029490098639,2187.107416451965,248.0,205.0,47.3,188.0,0,1029,0.0,0.24,0.38,0.51,-162.88836947299728,-346.65596846326594,-375.8533609686888,-472.1185909899573
John Patrick Smith,1361.0507115671403,1299.0433850332388,1361.0507115671403,1470.6510661967352,306.0,159.0,36.0,188.0,1,26,0.0,0.2,0.1923076923076923,0.1923076923076923,-58.60084402390862,-38.9492884328597,-38.9492884328597,-38.9492884328597
Alexander Ritschard,1482.756926005438,1441.8050303855207,1440.546875160813,1417.7526452208958,194.0,309.0,31.0,193.0,0,10,0.4,0.4,0.4,0.4,65.00428078454229,65.00428078454229,65.00428078454229,65.00428078454229
Lukas Dlouhy,1705.1744923611514,1377.881974543623,1696.7288036661432,1484.2976383904888,607.0,35.0,42.2,185.0,0,76,0.4,0.36,0.34,0.3026315789473684,25.991120536148628,88.96192069303538,142.38219100769288,265.5936296572868
Stefanos Sakellaridis,1400.5305469347834,1400.5305469347834,1400.5305469347834,1400.5305469347834,416.0,113.0,20.2,196.0,0,3,0.3333333333333333,0.3333333333333333,0.3333333333333333,0.3333333333333333,0.5305469347833878,0.5305469347833878,0.5305469347833878,0.5305469347833878
Mikhail Youzhny,1442.4185355900431,1651.6159211933934,1445.381374417626,1792.8207178349166,110.0,486.0,43.2,183.0,0,969,0.2,0.28,0.28,0.36,-84.17266108602189,-131.35210829796392,-219.01817224054756,-150.5723305990682
Tatsuma Ito,1567.0907731995976,1437.8229360944094,1456.3079345954402,1432.314099219328,146.0,362.0,36.6,180.0,0,100,0.0,0.36,0.32,0.35,-66.51808883540252,-58.14485798417991,-43.58486926521414,176.5512463885948
William Ward,1400.0,1400.0,1400.0,1400.0,1425.0,1.0,39.0,185.67156964873536,1,0,0.0,0.0,0.0,0.0,0.0,0.0,0.0,0.0
Peter Wessels,1831.758947348386,1776.0902853538068,1859.7657716966623,1981.5423609451527,200.0,212.0,47.4,196.0,0,119,0.8,0.44,0.42,0.463768115942029,2.5940283234626804,-106.66730073617693,-180.2711332591332,-58.21392600552895
Markus Eriksson,1417.8823897010784,1432.5450286492153,1362.5624513000707,1417.8823897010784,280.0,155.0,35.7,188.0,0,12,0.4,0.3333333333333333,0.3333333333333333,0.3333333333333333,17.88238970107841,17.88238970107841,17.88238970107841,17.88238970107841
Alex Knaff,1374.9222295948098,1382.8943403436413,1417.924494114235,1374.9222295948098,644.0,48.0,27.7,193.0,0,8,0.6,0.375,0.375,0.375,-25.077770405190225,-25.077770405190225,-25.077770405190225,-25.077770405190225
Delmas Ntcha,1400.0,1400.0,1400.0,1400.0,2000.0,0.0,24.7,185.67156964873536,0,0,0.0,0.0,0.0,0.0,0.0,0.0,0.0,0.0
Ladislav Svarc,1704.3802507207945,1712.2560905658645,1729.5394827799014,1704.3802507207945,344.0,80.0,46.6,188.0,0,53,0.0,0.0,0.0,0.0,-25.1592320591069,-25.1592320591069,-25.1592320591069,-25.1592320591069
Dario Acosta,1400.0,1400.0,1400.0,1400.0,1447.0,4.0,37.4,185.67156964873536,0,0,0.0,0.0,0.0,0.0,0.0,0.0,0.0,0.0
Ryan Russell,1529.2643358621062,1553.830055760557,1400.0,1529.2643358621062,2000.0,0.0,41.7,185.67156964873536,1,11,0.8,0.7272727272727273,0.7272727272727273,0.7272727272727273,129.26433586210624,129.26433586210624,129.26433586210624,129.26433586210624
Ricardo Rodriguez,1591.5536065381966,1592.2578981663942,1404.52406917163,1591.5536065381966,591.0,53.0,32.3,189.0,0,31,0.6,0.64,0.7096774193548387,0.7096774193548387,55.01347552544621,191.55360653819665,191.55360653819665,191.55360653819665
Marko Djokovic,1379.6838577660933,1396.3045222704282,1390.949923842348,1379.6838577660933,878.0,12.0,33.6,185.67156964873536,0,3,0.0,0.0,0.0,0.0,-20.316142233906703,-20.316142233906703,-20.316142233906703,-20.316142233906703
Riccardo Ghedin,1386.1350862703907,1400.0,1386.1350862703907,1393.3876975100206,319.0,134.0,39.5,188.0,0,2,0.0,0.0,0.0,0.0,-13.86491372960927,-13.86491372960927,-13.86491372960927,-13.86491372960927
Mikael Torpegaard,1468.2635487987795,1448.9171036375565,1400.0,1400.0,305.0,157.0,30.8,193.0,0,11,0.4,0.4545454545454545,0.4545454545454545,0.4545454545454545,68.26354879877954,68.26354879877954,68.26354879877954,68.26354879877954
Duilio Vallebuona,1400.0,1400.0,1400.0,1400.0,1541.0,3.0,32.6,185.67156964873536,0,0,0.0,0.0,0.0,0.0,0.0,0.0,0.0,0.0
Gorka Fraile,1639.7592372792456,1691.6184403199295,1647.1527354170544,1639.7592372792456,930.0,9.0,47.2,180.0,0,58,0.0,0.125,0.125,0.125,-51.85920304068395,-51.85920304068395,-51.85920304068395,-51.85920304068395
Igor Kunitsyn,1510.1930386264582,1638.2056520285255,1634.028348268153,1606.7131836571584,167.0,322.0,43.4,180.0,0,288,0.2,0.2,0.3,0.33,-141.88118394279832,-230.5892126374424,-211.98339868419544,-183.29223387168804
Steven Diez,1325.8018874123902,1401.351769930346,1329.6974092852413,1325.8018874123902,314.0,170.0,33.7,175.0,0,14,0.0,0.1428571428571428,0.1428571428571428,0.1428571428571428,-74.19811258760978,-74.19811258760978,-74.19811258760978,-74.19811258760978
Lukas Klein,1524.2786267795775,1469.8573784554656,1485.677182262227,1416.624251990373,153.0,380.0,27.6,193.0,0,29,0.6,0.36,0.3793103448275862,0.3793103448275862,142.0047557590715,124.27862677957752,124.27862677957752,124.27862677957752
Raul Brancaccio,1400.0,1400.0,1400.0,1400.0,336.0,142.0,28.0,185.0,0,0,0.0,0.0,0.0,0.0,0.0,0.0,0.0,0.0
Andre Agassi,1980.4569418287376,2446.857576322844,2251.5413881225536,2349.956547405883,39.0,925.0,55.3,180.0,0,857,0.6,0.64,0.7,0.71,-163.4735111567411,-103.9385529162414,-142.3278590147611,-175.81964608457383
Jaan Kononov,1400.0,1400.0,1400.0,1400.0,2000.0,0.0,32.4,185.67156964873536,0,0,0.0,0.0,0.0,0.0,0.0,0.0,0.0,0.0
Albert Portas,1663.327457936589,1748.4727327010853,1946.556893905104,1853.4294448102576,131.0,340.0,51.4,188.0,0,369,0.4,0.4,0.32,0.31,98.97827908773615,69.49293428387386,-17.24734224620488,-198.84506149570396
Lucky Candra Kurniawan,1400.0,1400.0,1400.0,1400.0,2000.0,0.0,21.7,185.67156964873536,0,0,0.0,0.0,0.0,0.0,0.0,0.0,0.0,0.0
Feliciano Lopez,1371.7698106955725,1544.987789482269,1491.4227878246345,1923.1682966024343,634.0,45.0,43.7,188.0,1,1051,0.4,0.2,0.3,0.36,-124.20913867088416,-251.90005239783025,-314.2330454237984,-362.2095259859748
Nils Langer,1421.504607627176,1400.0,1424.5078756868993,1421.504607627176,340.0,122.0,35.7,193.0,0,2,0.5,0.5,0.5,0.5,21.50460762717603,21.50460762717603,21.50460762717603,21.50460762717603
Martin Damm Sr,1831.373058954302,1568.439143150422,1464.2792991651056,1598.5323751859603,2000.0,0.0,52.5,188.0,0,41,0.2,0.32,0.3902439024390244,0.3902439024390244,-27.51170188297965,302.47296319913085,431.373058954302,431.373058954302
Chu Huan Yi,1381.7322869970385,1381.7322869970385,1381.7322869970385,1381.7322869970385,514.0,54.0,37.4,178.0,1,1,0.0,0.0,0.0,0.0,-18.267713002961727,-18.267713002961727,-18.267713002961727,-18.267713002961727
Martin Garcia,1372.925504387658,1372.925504387658,1397.764661039193,1400.0,2000.0,0.0,48.1,190.0,0,2,0.0,0.0,0.0,0.0,-27.07449561234193,-27.07449561234193,-27.07449561234193,-27.07449561234193
David Jorda Sanchis,1400.0,1400.0,1425.0,1400.0,329.0,159.0,30.7,198.0,0,0,0.0,0.0,0.0,0.0,0.0,0.0,0.0,0.0
Augusto Sanabria,1400.0,1400.0,1400.0,1400.0,2000.0,0.0,44.8,185.67156964873536,0,0,0.0,0.0,0.0,0.0,0.0,0.0,0.0,0.0
Edgar Hernandez Perez,1291.757433101553,1358.4636764058632,1349.943648311494,1291.757433101553,1398.0,2.0,39.7,186.27336318231923,0,5,0.0,0.0,0.0,0.0,-108.24256689844697,-108.24256689844697,-108.24256689844697,-108.24256689844697
Jordan Thompson,1809.0879614607693,1723.5743521834297,1308.9555638406816,1599.1015156120604,28.0,1571.0,31.5,183.0,0,298,0.4,0.6,0.58,0.53,57.781335984804855,58.22515642550775,105.07427434577016,213.5553434071694
Erik Arutiunian,1400.0,1400.0,1400.0,1400.0,2000.0,0.0,20.9,191.0,0,0,0.0,0.0,0.0,0.0,0.0,0.0,0.0,0.0
Diego Veronelli,1788.7740352066796,1757.7351207771237,1801.1016460523233,1788.7740352066796,172.0,218.0,45.3,193.0,0,54,0.5,0.5,0.5,0.5,31.038914429556144,31.038914429556144,31.038914429556144,31.038914429556144
Dusan Lajovic,1666.1973330099108,1503.6408619825722,1685.280589419149,1307.726326945805,86.0,685.0,35.3,183.0,0,462,0.2,0.48,0.48,0.47,-9.29220844281258,-14.204091516613287,9.414417638883606,66.28772090341135
Jakub Herm Zahlava,1662.1990634504582,1662.1990634504582,1662.1990634504582,1662.1990634504582,335.0,88.0,45.1,185.67156964873536,0,11,0.0,0.0,0.0,0.0,-11.726018881669916,-11.726018881669916,-11.726018881669916,-11.726018881669916
Juan Pablo Brzezicki,1512.900845840595,1554.9387775363232,1576.3533515303486,1512.900845840595,196.0,275.0,42.8,178.0,0,32,0.0,0.2272727272727272,0.2272727272727272,0.2272727272727272,-45.12017335396422,-77.67661488391809,-77.67661488391809,-77.67661488391809
Eric Jr. Olivarez,1400.0,1400.0,1400.0,1400.0,2000.0,0.0,26.8,185.67156964873536,0,0,0.0,0.0,0.0,0.0,0.0,0.0,0.0,0.0
Yuichi Sugita,1580.3587181931543,1484.773706198284,1369.1677657568569,1520.0255207684484,131.0,612.0,36.9,173.0,0,145,0.2,0.36,0.3,0.41,-46.7525497004101,-123.03961045702977,-193.49578339363936,-1.196281956000348
Gabriel Montilla,1435.142418914413,1412.3740327965168,1435.142418914413,1435.142418914413,882.0,10.0,45.6,185.67156964873536,0,3,0.6666666666666666,0.6666666666666666,0.6666666666666666,0.6666666666666666,35.14241891441293,35.14241891441293,35.14241891441293,35.14241891441293
Hyun Woo Nam,1414.9613488793125,1414.9613488793125,1414.9613488793125,1414.9613488793125,467.0,60.0,40.7,185.67156964873536,0,2,0.5,0.5,0.5,0.5,14.961348879312482,14.961348879312482,14.961348879312482,14.961348879312482
Nicolas Kiefer,1725.3262102149824,2161.803073758262,1994.551107160696,2201.1887312643075,178.0,262.0,47.9,183.0,0,937,0.4,0.44,0.48,0.53,-111.28607458706028,-143.73699804399985,-175.38617463107244,-185.2478163926228
Vincent Spadea,1498.168029573152,1900.7264692423464,1854.193214953591,2054.786594822825,361.0,106.0,50.5,183.0,0,681,0.2,0.32,0.34,0.4,-146.02927501896124,-219.29858151229428,-224.35958569201372,-216.16392662426165
Roman Margoulis,1376.2911554899545,1376.2911554899545,1376.2911554899545,1376.2911554899545,2000.0,0.0,37.1,185.67156964873536,0,1,0.0,0.0,0.0,0.0,-23.708844510045537,-23.708844510045537,-23.708844510045537,-23.708844510045537
Victor Crivoi,1502.2403094293145,1386.3274485487502,1514.2335613913988,1408.248861150748,206.0,230.0,43.1,185.0,0,52,0.2,0.24,0.3,0.3076923076923077,-77.04604209451463,-36.372974649804064,68.1166614139986,102.2403094293145
Jonathan Marray,1531.0362322315837,1400.0,1531.0362322315837,1535.9130005124862,263.0,142.0,44.2,183.0,0,11,0.2,0.3636363636363636,0.3636363636363636,0.3636363636363636,131.03623223158365,131.03623223158365,131.03623223158365,131.03623223158365
Scott Barron,1644.868542304349,1644.868542304349,1673.950951996084,1644.868542304349,336.0,87.0,50.8,186.27336318231923,0,12,0.5,0.5,0.5,0.5,-6.147448913160133,-6.147448913160133,-6.147448913160133,-6.147448913160133
Francisco Rodriguez,1601.4010912634426,1396.4610403182814,1593.599569931078,1601.4010912634426,1100.0,6.0,49.0,185.67156964873536,0,15,0.6,0.7333333333333333,0.7333333333333333,0.7333333333333333,201.4010912634426,201.4010912634426,201.4010912634426,201.4010912634426
Max Purcell,1570.652264755399,1507.0704364085238,1401.4265515855768,1517.8481767955236,97.0,585.0,27.3,185.0,0,83,0.4,0.4,0.4,0.3734939759036144,86.97572626878355,44.95065125961969,105.9200351281645,169.77639676015633
Tom Diederich,1400.0,1400.0,1400.0,1400.0,2000.0,0.0,32.2,185.67156964873536,1,0,0.0,0.0,0.0,0.0,0.0,0.0,0.0,0.0
Matthew Ebden,1588.4295177547767,1617.175391473559,1268.5119136816104,1552.8983180326863,2000.0,0.0,37.6,188.0,0,207,0.2,0.36,0.38,0.39,1.843301868336312,-123.72853329010104,-87.47002665299647,31.76166464606445
Sebastien Grosjean,1658.982124268504,1783.3780782103725,2002.262672710328,2045.165234388079,559.0,46.0,46.7,175.0,0,784,0.2,0.2,0.4,0.45,-190.68769880049604,-218.48088560358428,-231.7838953235041,-379.65026036003496
Jhonson Garcia,1558.240281309027,1436.4581268777083,1547.7626661311456,1558.240281309027,2000.0,0.0,44.7,185.67156964873536,0,27,0.8,0.6,0.5925925925925926,0.5925925925925926,60.85519754008556,158.24028130902707,158.24028130902707,158.24028130902707
Valentin Sanon,1421.6474512589823,1686.679794210112,1603.1998690067928,1421.6474512589823,688.0,23.0,45.1,185.67156964873536,0,30,0.2,0.3,0.3,0.3,-202.1216289718839,-243.1814749591972,-243.1814749591972,-243.1814749591972
Jeff Tarango,1744.1220578754603,1789.5076827904293,1966.8158700080264,1976.144587057916,442.0,58.0,56.2,180.0,1,195,0.0,0.2,0.2666666666666666,0.2666666666666666,-170.87324293213464,-208.65712963103147,-233.7691352762663,-233.7691352762663
Aymeric Mara,1400.0,1400.0,1400.0,1400.0,2000.0,0.0,31.4,185.67156964873536,0,0,0.0,0.0,0.0,0.0,0.0,0.0,0.0,0.0
Genaro Deleon,1377.1861228604328,1400.0,1391.2898249789937,1377.1861228604328,2000.0,0.0,54.2,185.67156964873536,0,1,0.0,0.0,0.0,0.0,-22.81387713956724,-22.81387713956724,-22.81387713956724,-22.81387713956724
Syrym Abdukhalikov,1412.2780865922089,1427.1403053975334,1400.0,1412.2780865922089,932.0,11.0,38.1,186.27336318231923,0,5,0.4,0.4,0.4,0.4,12.278086592208863,12.278086592208863,12.278086592208863,12.278086592208863
Devin Mullings,1428.6697248885323,1443.4524457385048,1364.8782209195303,1428.6697248885323,1006.0,14.0,39.7,168.0,1,12,0.2,0.3333333333333333,0.3333333333333333,0.3333333333333333,28.6697248885323,28.6697248885323,28.6697248885323,28.6697248885323
Taras Demyanekno,1614.744562333436,1614.744562333436,1614.744562333436,1614.744562333436,1354.0,1.0,42.2,185.67156964873536,0,10,0.0,0.0,0.0,0.0,0.0,0.0,0.0,0.0
William Kirkman,1400.0,1400.0,1400.0,1400.0,2000.0,0.0,27.1,185.67156964873536,0,0,0.0,0.0,0.0,0.0,0.0,0.0,0.0,0.0
Martin Landaluce,1380.8976676402538,1400.0,1353.8278184142475,1380.8976676402538,322.0,160.0,19.2,191.0,0,5,0.2,0.2,0.2,0.2,-19.10233235974624,-19.10233235974624,-19.10233235974624,-19.10233235974624
Carlos Berlocq,1545.5617868175425,1481.3499946422835,1637.5789184258997,1358.9066239099018,177.0,299.0,42.1,183.0,0,329,0.2,0.24,0.36,0.43,-116.99152418422112,-193.92241176316656,-144.86620478650866,-289.5254760024948
Ilya Ivashka,1684.5539058046,1603.097419679155,1434.2260033664086,1461.9429142622544,103.0,571.0,31.5,193.0,0,177,0.4,0.36,0.46,0.53,-105.48806625397128,-171.89468660907437,-149.47942213608985,-17.101410995174774
Jarkko Nieminen,1631.477402468007,1690.1848715819244,1701.4377718535227,1541.3111744882428,623.0,43.0,43.9,185.0,1,769,0.4,0.4,0.44,0.47,-54.34239600340016,-108.72439246186536,-127.30736244307263,-229.23827562248425
Lavaughn Munroe,1400.0,1400.0,1400.0,1400.0,2000.0,0.0,43.6,185.67156964873536,0,0,0.0,0.0,0.0,0.0,0.0,0.0,0.0,0.0
Andreas Seppi,1588.6958517902644,1501.6894971392628,1355.787157363607,1542.4005976873552,141.0,466.0,41.2,190.0,0,809,0.4,0.36,0.42,0.43,-99.46742458664312,-189.36801236401263,-112.39440860236368,-212.5758795766958
Oscar Posada,1436.5566937775086,1400.0,1400.0,1436.5566937775086,2000.0,0.0,41.8,185.67156964873536,0,1,1.0,1.0,1.0,1.0,36.5566937775086,36.5566937775086,36.5566937775086,36.5566937775086
Benjamin Becker,1606.7462363192114,1504.3942006182772,1290.6383370792878,1691.8082081860482,163.0,365.0,43.7,178.0,0,374,0.0,0.32,0.34,0.41,-123.13931320072491,-119.05504908108082,-157.9215566257044,-147.64845752524684
Harsh Mankad,1585.449360578819,1609.9261351268474,1653.939562154308,1692.698729271145,255.0,144.0,45.5,173.0,0,26,0.6,0.375,0.375,0.375,-68.49020157548875,-68.49020157548875,-68.49020157548875,-68.49020157548875
Artem Dubrivnyy,1400.0,1400.0,1400.0,1400.0,424.0,80.0,26.7,183.0,0,0,0.0,0.0,0.0,0.0,0.0,0.0,0.0,0.0
Sam Querrey,1605.62206606661,1375.4791126943123,1381.3003334111877,1685.8198968676202,287.0,172.0,37.8,198.0,0,717,0.2,0.32,0.34,0.47,-156.3682084214788,-184.2882114166248,-311.5364952253922,-210.9860511757638
Seong Chan Hong,1367.1223970795795,1396.606795406642,1400.0,1375.4236256466268,141.0,413.0,28.1,175.0,0,20,0.4,0.25,0.25,0.25,-24.17073173802919,-32.877602920420486,-32.877602920420486,-32.877602920420486
Talal Ouahabi,1525.109809213288,1525.109809213288,1499.756881960736,1525.109809213288,1126.0,4.0,47.1,185.67156964873536,0,12,0.0,0.0,0.0,0.0,-40.90778304740684,-40.90778304740684,-40.90778304740684,-40.90778304740684
Herbert Wiltschnig,1809.7777094168591,1809.7777094168591,1809.7777094168591,1809.7777094168591,342.0,85.0,49.6,185.0,0,53,0.3333333333333333,0.3333333333333333,0.3333333333333333,0.3333333333333333,-3.8817716040730375,-3.8817716040730375,-3.8817716040730375,-3.8817716040730375
Vladimir Ivanov,1423.3116476577272,1504.9817392907676,1353.0700106679146,1423.3116476577272,717.0,32.0,38.4,185.67156964873536,0,12,0.4,0.5,0.5,0.5,23.311647657727235,23.311647657727235,23.311647657727235,23.311647657727235
Jacobo Chavez,1494.7644038109345,1494.7644038109345,1494.7644038109345,1494.7644038109345,1152.0,3.0,54.2,185.67156964873536,0,7,0.6,0.5714285714285714,0.5714285714285714,0.5714285714285714,94.76440381093448,94.76440381093448,94.76440381093448,94.76440381093448
Simen Sunde Bratholm,1393.3416808063969,1393.3416808063969,1393.3416808063969,1393.3416808063969,1488.0,2.0,25.9,185.67156964873536,0,2,0.5,0.5,0.5,0.5,-6.658319193603347,-6.658319193603347,-6.658319193603347,-6.658319193603347
Laurent Hild,1400.0,1400.0,1400.0,1400.0,2000.0,0.0,43.1,186.27336318231923,0,0,0.0,0.0,0.0,0.0,0.0,0.0,0.0,0.0
Bruno Abdel Nour,1400.0,1400.0,1400.0,1400.0,1135.0,4.0,34.1,186.27336318231923,0,0,0.0,0.0,0.0,0.0,0.0,0.0,0.0,0.0
Quang Huy Ngo,1400.0,1400.0,1400.0,1400.0,2000.0,0.0,40.9,185.67156964873536,0,0,0.0,0.0,0.0,0.0,0.0,0.0,0.0,0.0
Laurent Lokoli,1322.5821132768324,1352.5911734588335,1382.0234166004543,1400.0,199.0,290.0,30.7,188.0,0,7,0.0,0.0,0.0,0.0,-77.41788672316761,-77.41788672316761,-77.41788672316761,-77.41788672316761
Daniel Vallverdu,1398.7260964326315,1402.2944270796277,1387.1357243378643,1398.7260964326315,1035.0,9.0,39.4,180.0,0,8,0.6,0.375,0.375,0.375,-1.2739035673682793,-1.2739035673682793,-1.2739035673682793,-1.2739035673682793
Chak Lam Coleman Wong,1400.0,1400.0,1400.0,1400.0,2000.0,0.0,20.5,185.67156964873536,0,0,0.0,0.0,0.0,0.0,0.0,0.0,0.0,0.0
Goran Ivanisevic,1850.7939035272163,1883.5989061437056,1788.051399874503,2106.14479163923,415.0,65.0,53.7,193.0,1,265,0.0,0.28,0.4,0.45,-198.4180860278591,-249.6652133124928,-277.1918716320199,-138.76034688441246
Johnny Arcilla,1416.5894112355377,1401.077465730414,1419.8181716433028,1416.5894112355377,2000.0,0.0,45.1,185.67156964873536,0,28,0.6,0.44,0.4642857142857143,0.4642857142857143,-10.31621247428211,16.589411235537682,16.589411235537682,16.589411235537682
Jean Francois Bachelot,1782.959986732616,1756.4300513218468,1767.3861000028387,1732.8701890440018,165.0,225.0,48.0,183.0,0,57,0.4,0.4285714285714285,0.4285714285714285,0.4285714285714285,26.52993541076921,26.52993541076921,26.52993541076921,26.52993541076921
Marc Vilanova,1400.0,1400.0,1400.0,1400.0,2000.0,0.0,41.2,186.27336318231923,0,0,0.0,0.0,0.0,0.0,0.0,0.0,0.0,0.0
Matthias Bachinger,1713.3202871563435,1609.7842276564588,1544.6528882503237,1385.2420387643558,279.0,189.0,37.7,188.0,0,85,0.4,0.44,0.42,0.3647058823529411,78.29751986242854,113.72202640266188,159.82171097748505,310.6050237456516
Muhammad Shoaib,1361.775957098366,1400.0,1400.0,1406.5942482412602,2000.0,0.0,23.5,185.67156964873536,0,4,0.25,0.25,0.25,0.25,-38.22404290163399,-38.22404290163399,-38.22404290163399,-38.22404290163399
David Agung Susanto,1318.4822112750087,1279.4812311172705,1400.0,1400.0,2050.0,1.0,34.1,185.67156964873536,0,19,0.4,0.2631578947368421,0.2631578947368421,0.2631578947368421,-81.5177887249913,-81.5177887249913,-81.5177887249913,-81.5177887249913
Samir Saadeldin,1404.1136143758358,1404.1136143758358,1404.1136143758358,1404.1136143758358,2000.0,0.0,48.3,185.67156964873536,0,2,0.5,0.5,0.5,0.5,4.113614375835823,4.113614375835823,4.113614375835823,4.113614375835823
Daniel Garza,1494.7031461857057,1475.1144665027955,1440.6877666323903,1494.7031461857057,483.0,73.0,39.8,186.27336318231923,0,26,0.4,0.56,0.5384615384615384,0.5384615384615384,13.723788900317686,94.70314618570546,94.70314618570546,94.70314618570546
Nicolas Salama,1384.300154386884,1384.300154386884,1384.300154386884,1384.300154386884,2000.0,0.0,34.1,186.27336318231923,0,1,0.0,0.0,0.0,0.0,-15.69984561311594,-15.69984561311594,-15.69984561311594,-15.69984561311594
Shan Jiang,1400.0,1400.0,1400.0,1400.0,2000.0,0.0,44.9,185.67156964873536,0,0,0.0,0.0,0.0,0.0,0.0,0.0,0.0,0.0
Francesco Passaro,1379.4103256744406,1415.240725693342,1453.062675963862,1379.4103256744406,240.0,248.0,24.3,180.0,0,15,0.2,0.2666666666666666,0.2666666666666666,0.2666666666666666,-20.58967432555937,-20.58967432555937,-20.58967432555937,-20.58967432555937
Andrea Stoppini,1671.7804615734,1691.428979883904,1614.9258372080672,1671.7804615734,209.0,381.0,44.9,190.0,0,20,0.2,0.3,0.3,0.3,43.519225683760624,43.519225683760624,43.519225683760624,43.519225683760624
Carlos Palencia,1447.5766253793972,1425.5036287951784,1400.0,1447.5766253793972,557.0,44.0,44.0,185.67156964873536,0,2,1.0,1.0,1.0,1.0,47.57662537939723,47.57662537939723,47.57662537939723,47.57662537939723
Pavel Baranov,1389.3313965295115,1376.106256101726,1389.3313965295115,1389.3313965295115,2000.0,0.0,44.4,185.67156964873536,0,1,0.0,0.0,0.0,0.0,-10.66860347048828,-10.66860347048828,-10.66860347048828,-10.66860347048828
Skander Mansouri,1340.2211613855766,1367.827408045088,1400.0,1340.2211613855766,681.0,41.0,30.1,193.0,0,4,0.0,0.0,0.0,0.0,-59.77883861442342,-59.77883861442342,-59.77883861442342,-59.77883861442342
Fazaluddin Syed,1689.2314482696804,1671.0467760139827,1689.2314482696804,1700.1155345533018,663.0,20.0,50.3,185.67156964873536,0,55,0.4,0.4,0.4,0.4,-28.532044765918958,-28.532044765918958,-28.532044765918958,-28.532044765918958
Mackenzie Mcdonald,1586.588205332426,1630.47175868323,1271.496724774489,1479.99091693331,149.0,387.0,30.4,178.0,0,229,0.2,0.28,0.44,0.48,-124.5307734738999,-163.23960492294282,-161.381449475625,-172.8136821672624
Rafael Nadal,2092.468784578271,1485.9760491528402,2029.6753412355176,1434.1523624977808,154.0,380.0,39.4,185.0,1,1325,0.6,0.56,0.64,0.76,-164.90083802813115,-364.52341919368655,-381.6875477986701,-370.1223614600767
Andy Roddick,2114.512334766083,1756.13072774816,1379.4244993969903,1753.290218426823,22.0,1600.0,42.9,188.0,0,823,0.4,0.6,0.6,0.62,-10.98361558157103,-121.12894315296036,-91.39356792270836,-226.52462315201228
Sean Karam,1400.0,1400.0,1400.0,1400.0,2000.0,0.0,56.0,185.67156964873536,0,0,0.0,0.0,0.0,0.0,0.0,0.0,0.0,0.0
Dennis Novikov,1495.055542533724,1439.0452260591355,1495.055542533724,1464.2298235123533,219.0,238.0,31.7,193.0,0,15,0.4,0.3333333333333333,0.3333333333333333,0.3333333333333333,95.05554253372406,95.05554253372406,95.05554253372406,95.05554253372406
Anas Fattar,1400.0,1400.0,1400.0,1400.0,767.0,18.0,37.8,185.67156964873536,0,0,0.0,0.0,0.0,0.0,0.0,0.0,0.0,0.0
Marcin Gawron,1393.3147649959644,1400.0,1393.3147649959644,1393.3147649959644,362.0,119.0,36.7,186.27336318231923,0,1,0.0,0.0,0.0,0.0,-6.685235004035576,-6.685235004035576,-6.685235004035576,-6.685235004035576
Serge Dakessian,1400.0,1400.0,1400.0,1400.0,2000.0,0.0,45.4,185.67156964873536,0,0,0.0,0.0,0.0,0.0,0.0,0.0,0.0,0.0
Diego Moyano,1750.6315043834277,1750.6315043834277,1750.6315043834277,1750.6315043834277,247.0,147.0,49.9,175.0,0,51,0.0,0.0,0.0,0.0,-19.95936636887609,-19.95936636887609,-19.95936636887609,-19.95936636887609
Taylor Dent,1754.0755323080773,1877.5347781200992,1645.9342750505168,1787.4777561395622,92.0,573.0,44.5,188.0,0,335,0.4,0.4,0.42,0.46,20.228573455601463,-1.0321476833410088,-44.63831168804268,-327.703001028832
Marko Tepavac,1409.0411827738533,1409.0411827738533,1409.0411827738533,1409.0411827738533,201.0,270.0,30.8,185.67156964873536,0,0,0.0,0.0,0.0,0.0,0.0,0.0,0.0,0.0
Diego Camacho,1396.6580047233278,1400.0,1400.0,1396.6580047233278,2000.0,0.0,41.7,185.67156964873536,0,1,0.0,0.0,0.0,0.0,-3.341995276672151,-3.341995276672151,-3.341995276672151,-3.341995276672151
Filip Dewulf,1786.20154614657,1772.8567054289188,1743.595713060923,1786.20154614657,171.0,226.0,52.8,190.0,0,58,0.2,0.375,0.375,0.375,40.16682616695152,40.16682616695152,40.16682616695152,40.16682616695152
Goncalo Nicau,1383.872564062719,1400.0,1400.0,1383.872564062719,586.0,39.0,43.2,185.67156964873536,0,1,0.0,0.0,0.0,0.0,-16.127435937281007,-16.127435937281007,-16.127435937281007,-16.127435937281007
Philippe Grandjean,1349.5757896903629,1400.0,1400.0,1349.5757896903629,2000.0,0.0,41.0,185.67156964873536,0,2,0.0,0.0,0.0,0.0,-50.42421030963715,-50.42421030963715,-50.42421030963715,-50.42421030963715
Pavel Snobel,1662.3358824055692,1675.128586471345,1662.3358824055692,1705.4919967057206,184.0,231.0,45.6,190.0,1,53,0.0,0.0,0.0,0.0,-43.15611430015133,-43.15611430015133,-43.15611430015133,-43.15611430015133
Genius Chidzikwe,1316.4227274409811,1375.9452836752312,1371.4696836500673,1316.4227274409811,745.0,20.0,45.9,186.27336318231923,0,15,0.0,0.1333333333333333,0.1333333333333333,0.1333333333333333,-83.57727255901887,-83.57727255901887,-83.57727255901887,-83.57727255901887
Jonas Forejtek,1458.8223053117792,1501.824468298492,1458.8223053117792,1458.8223053117792,399.0,95.0,24.6,183.0,0,2,1.0,1.0,1.0,1.0,58.822305311779246,58.822305311779246,58.822305311779246,58.822305311779246
Luca Preda,1400.0,1400.0,1400.0,1400.0,1099.0,8.0,18.8,185.67156964873536,0,0,0.0,0.0,0.0,0.0,0.0,0.0,0.0,0.0
Albert Ramos,1453.870697214599,1355.8936419367903,1666.6942514036562,1316.6914041241537,122.0,483.0,37.6,188.0,1,612,0.0,0.36,0.3,0.4,-83.98978046040361,-73.57204362889479,-203.9498194981354,-185.3035366135673
Lukas Neumayer,1413.366542574239,1413.366542574239,1413.366542574239,1413.366542574239,262.0,210.0,23.0,183.0,0,4,0.5,0.5,0.5,0.5,13.36654257423902,13.36654257423902,13.36654257423902,13.36654257423902
Michael Venus,1454.863580957959,1392.9612056139636,1476.6259000824068,1454.863580957959,2000.0,0.0,37.2,191.0,0,25,0.0,0.36,0.36,0.36,55.90729371410725,54.8635809579589,54.8635809579589,54.8635809579589
Dane Sweeny,1419.4241472981175,1419.4241472981175,1419.4241472981175,1419.4241472981175,257.0,228.0,23.9,170.0,0,5,0.4,0.4,0.4,0.4,19.42414729811753,19.42414729811753,19.42414729811753,19.42414729811753
Suk Young Jeong,1428.7403526789044,1428.7403526789044,1428.7403526789044,1428.7403526789044,332.0,126.0,32.4,185.67156964873536,0,8,0.6,0.5,0.5,0.5,28.7403526789044,28.7403526789044,28.7403526789044,28.7403526789044
Orel Kimhi,1400.0,1400.0,1400.0,1400.0,456.0,93.0,21.4,173.0,0,0,0.0,0.0,0.0,0.0,0.0,0.0,0.0,0.0
Rob Steckley,1544.5923741736538,1562.5086294566722,1585.7868597827407,1544.5923741736538,644.0,29.0,45.4,185.67156964873536,0,13,0.3333333333333333,0.3333333333333333,0.3333333333333333,0.3333333333333333,-28.330209946951527,-28.330209946951527,-28.330209946951527,-28.330209946951527
Bobby Reynolds,1647.5874219114849,1556.6145584116794,1455.4831280670764,1445.5590231376193,133.0,428.0,43.0,183.0,0,100,0.4,0.24,0.28,0.28,22.808373106957788,-53.893900785443066,-18.19751490810995,251.4129225528652
David Ferrer,1818.0647863638656,1598.6704934694042,1753.3817554455989,1328.2230839649528,144.0,400.0,43.0,175.0,0,1117,0.6,0.4,0.44,0.5,-49.46822113394183,-155.00705636240264,-182.18595857214427,-235.21099833976652
Zhizhen Zhang,1709.912502125743,1477.024396955175,1647.4928712035555,1409.7742336765325,47.0,1145.0,29.0,193.0,0,113,0.0,0.44,0.48,0.49,-62.69419554192973,24.14153464070364,-49.646728852384285,224.7336833831389
Santiago Maresca,1411.418361301617,1424.534376396036,1400.0,1411.418361301617,1539.0,3.0,30.4,185.67156964873536,0,4,0.5,0.5,0.5,0.5,11.418361301617324,11.418361301617324,11.418361301617324,11.418361301617324
Irakli Ushangishvili,1557.9716399714748,1566.017592260695,1552.9126039431542,1557.9716399714748,1104.0,5.0,43.4,185.67156964873536,0,13,0.3333333333333333,0.3333333333333333,0.3333333333333333,0.3333333333333333,-8.045952289220168,-8.045952289220168,-8.045952289220168,-8.045952289220168
Sasa Tuksar,1417.9050687173446,1417.9050687173446,1435.6377264748116,1417.9050687173446,166.0,253.0,42.0,180.0,0,8,0.0,0.125,0.125,0.125,17.905068717344648,17.905068717344648,17.905068717344648,17.905068717344648
Juan Sebastian Cabal,1510.3388931204745,1422.07813188893,1467.9880986643138,1510.3388931204745,2000.0,0.0,39.2,185.0,0,10,0.8,0.7,0.7,0.7,110.33889312047428,110.33889312047428,110.33889312047428,110.33889312047428
Nikolai Fidirko,1400.0,1400.0,1400.0,1400.0,934.0,11.0,38.2,185.67156964873536,0,0,0.0,0.0,0.0,0.0,0.0,0.0,0.0,0.0
Jesse Witten,1455.1479433875393,1420.7213744458163,1395.8865694555616,1400.0,186.0,257.0,42.6,178.0,0,10,0.4,0.2,0.2,0.2,55.14794338753927,55.14794338753927,55.14794338753927,55.14794338753927
Ali Ghareeb,1336.549778039134,1359.5173782436675,1400.0,1336.549778039134,2005.0,1.0,38.9,185.67156964873536,0,3,0.0,0.0,0.0,0.0,-63.45022196086597,-63.45022196086597,-63.45022196086597,-63.45022196086597
Patrick Rafter,2274.6744898191714,2233.04615169432,2064.5137932332004,2285.961098206688,7.0,2785.0,52.9,185.0,0,418,0.2,0.72,0.7,0.72,-4.117799119971551,46.919743562897565,37.8565446533994,187.53646237129624
Chris Eaton,1438.851204823448,1393.167539710314,1438.851204823448,1400.0,383.0,166.0,37.2,188.0,0,2,0.5,0.5,0.5,0.5,38.85120482344792,38.85120482344792,38.85120482344792,38.85120482344792
Ingo Neumuller,1663.7618576444756,1663.7618576444756,1663.7618576444756,1663.7618576444756,886.0,8.0,46.3,183.0,0,10,0.0,0.0,0.0,0.0,0.0,0.0,0.0,0.0
Daniel Melo,1760.7414228700072,1778.5498850140186,1763.9427854120431,1760.7414228700072,301.0,97.0,48.1,185.0,1,52,0.0,0.0,0.0,0.0,-17.8084621440114,-17.8084621440114,-17.8084621440114,-17.8084621440114
Seung Bok Baek,1641.2375634385355,1653.7743452497175,1641.2375634385355,1641.2375634385355,827.0,10.0,51.1,185.67156964873536,0,11,0.0,0.0,0.0,0.0,-26.84602855218577,-26.84602855218577,-26.84602855218577,-26.84602855218577
Maxime Janvier,1348.5030861762857,1400.0,1388.626313369861,1400.0,225.0,269.0,28.7,196.0,0,5,0.0,0.0,0.0,0.0,-51.49691382371452,-51.49691382371452,-51.49691382371452,-51.49691382371452
Julien Boutter,1895.8863123999572,1813.3620906413428,1972.086830942874,1747.4384625071766,488.0,46.0,51.2,190.0,0,186,0.2,0.36,0.42,0.44,-57.2487422366828,-247.2857135874608,-157.76243945923648,-132.92217546546271
Juan Manuel Cerundolo,1550.2838847973817,1525.825164453011,1410.0011036111134,1400.0,161.0,393.0,23.2,183.0,1,40,0.4,0.4,0.425,0.425,-20.794313215203147,-13.254745462779056,150.28388479738146,150.28388479738146
Artem Derepasko,1757.298643502671,1757.298643502671,1757.298643502671,1757.298643502671,272.0,118.0,45.4,185.67156964873536,0,50,0.0,0.0,0.0,0.0,0.0,0.0,0.0,0.0
Clint Bowles,1400.0,1400.0,1400.0,1400.0,1401.0,2.0,36.2,185.67156964873536,1,0,0.0,0.0,0.0,0.0,0.0,0.0,0.0,0.0
Robert Farah,1470.3747918894503,1386.353542742318,1512.1565463570691,1470.3747918894503,2000.0,0.0,38.1,193.0,0,12,0.6,0.3333333333333333,0.3333333333333333,0.3333333333333333,49.82013879231136,49.82013879231136,49.82013879231136,49.82013879231136
Francesco Aldi,1602.2230218143418,1602.2230218143418,1608.04495945354,1602.2230218143418,238.0,166.0,43.4,175.0,0,18,0.2,0.125,0.125,0.125,-47.45076708119837,-47.45076708119837,-47.45076708119837,-47.45076708119837
Santiago Ventura,1571.791584473772,1639.38812181939,1819.376290111046,1633.6191230645975,139.0,378.0,45.7,183.0,0,146,0.2,0.32,0.32,0.3958333333333333,-59.14527318360251,-166.33229685183528,-168.97747918973187,-168.00058370938746
Joan Jimenez Guerra,1648.9794258257373,1648.9794258257373,1648.9794258257373,1648.9794258257373,674.0,20.0,47.4,185.67156964873536,0,13,0.3333333333333333,0.3333333333333333,0.3333333333333333,0.3333333333333333,-36.21957108382298,-36.21957108382298,-36.21957108382298,-36.21957108382298
Jack Cheng,1400.0,1400.0,1400.0,1400.0,1600.0,2.0,16.6,185.67156964873536,0,0,0.0,0.0,0.0,0.0,0.0,0.0,0.0,0.0
Alexander Zgirovsky,1400.0,1400.0,1400.0,1400.0,1233.0,6.0,24.1,191.0,0,0,0.0,0.0,0.0,0.0,0.0,0.0,0.0,0.0
Jim Thomas,1706.5967240970854,1716.801951073036,1706.5967240970854,1716.801951073036,740.0,14.0,51.0,193.0,0,51,0.0,0.0,0.0,0.0,-10.205226975950607,-10.205226975950607,-10.205226975950607,-10.205226975950607
Amir Weintraub,1503.9550867426894,1475.119904542911,1456.2090208058112,1400.0,2000.0,0.0,38.9,188.0,0,22,0.2,0.4545454545454545,0.4545454545454545,0.4545454545454545,55.27027638109621,103.95508674268945,103.95508674268945,103.95508674268945
Edan Leshem,1419.0271173399262,1359.4711968098325,1416.758260778574,1419.0271173399262,446.0,87.0,28.5,183.0,0,13,0.4,0.3846153846153846,0.3846153846153846,0.3846153846153846,19.027117339926235,19.027117339926235,19.027117339926235,19.027117339926235
Tomas Barrios Vera,1436.4475544612926,1372.9020801594934,1454.1979482862632,1394.5518337486144,162.0,370.0,27.7,191.0,0,21,0.4,0.3333333333333333,0.3333333333333333,0.3333333333333333,-15.452997864617371,36.44755446129261,36.44755446129261,36.44755446129261
Kittipong Wachiramanowong,1404.9736559757432,1472.8973705257922,1423.5014578161706,1400.0,1109.0,8.0,35.2,183.0,0,32,0.6,0.52,0.40625,0.40625,29.9033066325851,4.973655975743213,4.973655975743213,4.973655975743213
Joao Sousa,1523.3237120528229,1555.2413380485698,1417.574362244566,1365.92311910419,272.0,209.0,36.0,185.0,0,483,0.4,0.32,0.38,0.35,-35.46287961929397,-65.18180477087958,59.79532338632225,-218.05410213891517
Lorenzo Manta,1790.9059392540864,1821.738145847416,1842.0630867182117,1854.9818620875965,233.0,152.0,50.8,190.0,0,66,0.6,0.3125,0.3125,0.3125,-90.88470863983002,-90.88470863983002,-90.88470863983002,-90.88470863983002
Jose Benitez,1398.5892346672158,1400.0,1425.0,1398.5892346672158,1006.0,7.0,34.9,186.27336318231923,0,2,0.5,0.5,0.5,0.5,-1.4107653327841945,-1.4107653327841945,-1.4107653327841945,-1.4107653327841945
Maxime Koffi,1400.0,1400.0,1400.0,1400.0,2000.0,0.0,39.6,185.67156964873536,0,0,0.0,0.0,0.0,0.0,0.0,0.0,0.0,0.0
Karsten Braasch,1800.5674171612236,1800.5674171612236,1800.5674171612236,1834.44552309224,426.0,57.0,57.9,180.0,1,51,1.0,1.0,1.0,1.0,25.55956936270786,25.55956936270786,25.55956936270786,25.55956936270786
Theo Papamalamis,1400.0,1400.0,1400.0,1400.0,721.0,37.0,19.8,183.0,0,0,0.0,0.0,0.0,0.0,0.0,0.0,0.0,0.0
Dmitrii Baskov,1400.0,1400.0,1400.0,1400.0,2018.0,1.0,30.5,185.67156964873536,0,0,0.0,0.0,0.0,0.0,0.0,0.0,0.0,0.0
Alexander Waske,1712.5238278778556,1613.03233938332,1771.8986739913155,1728.1397529109795,139.0,303.0,50.4,188.0,0,141,0.4,0.28,0.34,0.3076923076923077,-48.87352386457542,-72.13894073120446,-35.72886436509293,5.559630823711814
Laurent Bram,1349.597239326191,1318.4370644684373,1374.5062604616785,1349.597239326191,2000.0,0.0,40.8,185.67156964873536,0,13,0.4,0.1538461538461538,0.1538461538461538,0.1538461538461538,-50.4027606738091,-50.4027606738091,-50.4027606738091,-50.4027606738091
Alan Mackin,1541.2575853465637,1684.9486830101428,1662.2371817121746,1599.634208407624,270.0,147.0,43.4,183.0,0,24,0.2,0.0714285714285714,0.0714285714285714,0.0714285714285714,-143.69109766357928,-143.69109766357928,-143.69109766357928,-143.69109766357928
Salvatore Caruso,1463.9698680482538,1478.8974435834357,1431.819319928883,1367.435229572076,146.0,458.0,32.0,185.0,0,62,0.2,0.2,0.32,0.3064516129032258,-181.8447089320623,-130.75363770023137,-26.60377002087944,63.96986804825383
Lee Childs,1615.9250490303466,1566.017592260695,1615.9250490303466,1548.0031234814014,408.0,74.0,43.0,185.67156964873536,0,20,0.2,0.3,0.3,0.3,49.90745676965162,49.90745676965162,49.90745676965162,49.90745676965162
Abdullah Maqdas,1487.0172073233225,1403.69056762411,1466.1967900192092,1487.0172073233225,1298.0,4.0,37.8,185.67156964873536,0,18,0.6,0.6111111111111112,0.6111111111111112,0.6111111111111112,87.01720732332228,87.01720732332228,87.01720732332228,87.01720732332228
Philip Davydenko,1392.7623587315113,1400.0,1400.0,1392.7623587315113,658.0,40.0,32.8,183.0,0,1,0.0,0.0,0.0,0.0,-7.237641268488687,-7.237641268488687,-7.237641268488687,-7.237641268488687
Elliot Benchetrit,1393.836040745396,1372.5360621573288,1396.6792721151385,1393.836040745396,670.0,44.0,26.9,193.0,0,10,0.2,0.2,0.2,0.2,-6.163959254603924,-6.163959254603924,-6.163959254603924,-6.163959254603924
Nikola Cacic,1400.0,1400.0,1438.8018706039863,1400.0,761.0,27.0,34.6,183.0,0,0,0.0,0.0,0.0,0.0,0.0,0.0,0.0,0.0
Puriwat Chatpatcharoen,1383.1810254762622,1400.0,1383.1810254762622,1383.1810254762622,727.0,33.0,29.5,185.67156964873536,0,1,0.0,0.0,0.0,0.0,-16.81897452373778,-16.81897452373778,-16.81897452373778,-16.81897452373778
Daniel Windahl,1391.9836914005084,1400.0,1391.9836914005084,1391.9836914005084,930.0,16.0,28.6,188.0,0,1,0.0,0.0,0.0,0.0,-8.016308599491595,-8.016308599491595,-8.016308599491595,-8.016308599491595
Xavier Lawrence,1400.0,1400.0,1400.0,1400.0,2000.0,0.0,26.1,185.67156964873536,0,0,0.0,0.0,0.0,0.0,0.0,0.0,0.0,0.0
Yoshihito Nishioka,1682.5194422733384,1714.383191078069,1475.1765689883523,1302.4307148461717,60.0,854.0,30.0,170.0,1,284,0.6,0.6,0.54,0.54,41.99551756637379,-21.94698910928969,14.173012845113137,84.65471210675378
Irakli Metreveli,1400.0,1400.0,1400.0,1400.0,2085.0,1.0,26.9,185.67156964873536,0,0,0.0,0.0,0.0,0.0,0.0,0.0,0.0,0.0
Joao Domingues,1536.837181974958,1425.0,1525.261601780019,1536.837181974958,169.0,292.0,31.3,178.0,0,13,0.4,0.5384615384615384,0.5384615384615384,0.5384615384615384,136.83718197495796,136.83718197495796,136.83718197495796,136.83718197495796
Francisco Comesana,1457.237574416086,1463.2495192254858,1422.165009258627,1476.2456261857126,108.0,532.0,24.8,178.0,0,8,0.4,0.25,0.25,0.25,-19.00805176962672,-19.00805176962672,-19.00805176962672,-19.00805176962672
Miguel Angel Lopez Jaen,1563.8517723216182,1563.8517723216182,1563.8517723216182,1563.8517723216182,264.0,140.0,42.4,188.0,0,11,0.0,0.0,0.0,0.0,-2.165819939076755,-2.165819939076755,-2.165819939076755,-2.165819939076755
Julian Reister,1512.4728231612164,1331.9757401027791,1572.6291353061329,1434.875773457111,759.0,27.0,39.3,188.0,0,47,0.2,0.24,0.2978723404255319,0.2978723404255319,-105.5943922914937,-79.19958657673874,112.4728231612164,112.4728231612164
Aisam Ul Haq Qureshi,1514.379752504074,1583.8431589039867,1657.5328041307637,1765.8272339801615,2000.0,0.0,44.8,183.0,0,119,0.6,0.56,0.54,0.5652173913043478,-105.78692240888016,-246.36707809293532,-209.31701265613012,-238.63270366847564
Marcos Baghdatis,1735.8584038918052,1626.870357015143,1190.2821529738103,1498.5144548980832,135.0,420.0,40.0,183.0,0,623,0.6,0.36,0.5,0.5,-42.2711809990667,-144.61745138556125,-144.62824851903133,-250.40255297832005
Goran Tosic,1406.3105816130776,1406.3105816130776,1406.3105816130776,1406.3105816130776,499.0,90.0,42.7,185.67156964873536,0,3,0.3333333333333333,0.3333333333333333,0.3333333333333333,0.3333333333333333,6.310581613077602,6.310581613077602,6.310581613077602,6.310581613077602
Grant Stafford,1696.9919171125402,1696.9919171125402,1696.9919171125402,1696.9919171125402,472.0,46.0,53.6,188.0,0,50,0.0,0.0,0.0,0.0,0.0,0.0,0.0,0.0
Mao Xin Gong,1404.429529663602,1404.429529663602,1404.429529663602,1404.429529663602,718.0,27.0,38.1,178.0,0,7,0.2,0.2857142857142857,0.2857142857142857,0.2857142857142857,4.429529663602125,4.429529663602125,4.429529663602125,4.429529663602125
Nicholas Sayer,1372.0020196891298,1394.934087420262,1372.0020196891298,1372.0020196891298,2000.0,0.0,32.7,186.27336318231923,0,3,0.3333333333333333,0.3333333333333333,0.3333333333333333,0.3333333333333333,-27.99798031087016,-27.99798031087016,-27.99798031087016,-27.99798031087016
Juan Carlos Gonzalez,1400.0,1400.0,1400.0,1400.0,2000.0,0.0,42.8,185.67156964873536,0,0,0.0,0.0,0.0,0.0,0.0,0.0,0.0,0.0
Filip Horansky,1392.92323368043,1393.1087746932842,1382.60397188958,1400.0,203.0,289.0,32.1,175.0,0,10,0.2,0.2,0.2,0.2,-7.07676631956997,-7.07676631956997,-7.07676631956997,-7.07676631956997
Jeff Coetzee,1768.0730064262646,1768.0730064262646,1768.0730064262646,1796.0941076648082,608.0,27.0,48.1,173.0,0,52,0.0,0.0,0.0,0.0,-28.02110123854368,-28.02110123854368,-28.02110123854368,-28.02110123854368
Miomir Kecmanovic,1720.80563088815,1577.3364709701543,1507.9065318337064,1440.0810736406218,53.0,1021.0,26.1,183.0,0,292,0.4,0.48,0.46,0.45,-23.258526470646075,42.18450188624638,16.34223951767035,-89.70295266498351
Michael Quintero,1530.7467733865465,1385.8461419490804,1528.9697132445094,1530.7467733865465,247.0,153.0,45.1,186.27336318231923,0,11,0.6,0.6363636363636364,0.6363636363636364,0.6363636363636364,130.7467733865465,130.7467733865465,130.7467733865465,130.7467733865465
Marc Polmans,1431.7141013454705,1374.4428408078577,1450.362480516297,1435.1085437257675,217.0,278.0,28.2,188.0,0,22,0.2,0.2727272727272727,0.2727272727272727,0.2727272727272727,63.29455268616357,26.50520498254582,26.50520498254582,26.50520498254582
Menelaos Efstathiou,1363.4922209806562,1387.8961139256662,1400.0,1363.4922209806562,1222.0,6.0,25.9,183.0,0,2,0.0,0.0,0.0,0.0,-36.50777901934384,-36.50777901934384,-36.50777901934384,-36.50777901934384
Yan Bai,1452.7282453301457,1452.7282453301457,1452.7282453301457,1452.7282453301457,222.0,215.0,36.3,185.0,0,12,0.2,0.4166666666666667,0.4166666666666667,0.4166666666666667,52.728245330145455,52.728245330145455,52.728245330145455,52.728245330145455
Carl Sundberg,1430.8018827544363,1400.0,1400.0,1430.8018827544363,2000.0,0.0,37.5,186.27336318231923,0,1,1.0,1.0,1.0,1.0,30.80188275443629,30.80188275443629,30.80188275443629,30.80188275443629
Bassam Beidas,1491.4802713966835,1491.4802713966835,1475.9307746503423,1491.4802713966835,1086.0,6.0,36.2,186.27336318231923,0,4,1.0,1.0,1.0,1.0,91.48027139668376,91.48027139668376,91.48027139668376,91.48027139668376
Andrea Pellegrino,1419.6139319376955,1419.6139319376955,1419.6139319376955,1419.6139319376955,153.0,389.0,28.3,185.0,0,2,0.5,0.5,0.5,0.5,19.613931937695497,19.613931937695497,19.613931937695497,19.613931937695497
Patrik Langvardt,1649.3738994013609,1594.0105876931989,1640.7932794654428,1649.3738994013609,2000.0,0.0,53.5,185.67156964873536,0,13,0.6666666666666666,0.6666666666666666,0.6666666666666666,0.6666666666666666,36.36847316292187,36.36847316292187,36.36847316292187,36.36847316292187
Tallon Griekspoor,1801.86221522485,1660.7166534247715,1397.4374734579033,1556.5638544166588,40.0,1280.0,29.3,188.0,0,189,0.4,0.48,0.5,0.55,4.225645579597085,-59.34167296158876,-33.11842757353838,57.24914307690051
Jared Palmer,1703.9316897383933,1742.7983535137882,1703.9316897383933,1708.453222913609,761.0,13.0,54.3,190.0,0,51,0.0,0.0,0.0,0.0,-4.521533175215609,-4.521533175215609,-4.521533175215609,-4.521533175215609
Ognian Kolev,1464.7449006565666,1464.7449006565666,1464.7449006565666,1464.7449006565666,2000.0,0.0,45.8,186.27336318231923,1,13,0.0,0.0,0.0,0.0,-101.27269160412834,-101.27269160412834,-101.27269160412834,-101.27269160412834
Luciano Ramazzini,1386.587817972582,1386.587817972582,1386.587817972582,1386.587817972582,2000.0,0.0,31.2,185.67156964873536,0,3,0.3333333333333333,0.3333333333333333,0.3333333333333333,0.3333333333333333,-13.412182027417884,-13.412182027417884,-13.412182027417884,-13.412182027417884
Gustavo Ramirez,1392.604714397291,1364.3447181088586,1400.8124846376954,1392.604714397291,1818.0,1.0,39.2,185.67156964873536,0,10,0.4,0.4,0.4,0.4,-7.395285602709009,-7.395285602709009,-7.395285602709009,-7.395285602709009
Duilio Beretta,1375.464569297018,1427.335454658915,1371.587465940936,1375.464569297018,1428.0,2.0,32.9,186.27336318231923,0,16,0.4,0.4375,0.4375,0.4375,-24.53543070298201,-24.53543070298201,-24.53543070298201,-24.53543070298201
Candy Idoko,1400.0,1400.0,1400.0,1400.0,1090.0,6.0,39.7,175.0,0,0,0.0,0.0,0.0,0.0,0.0,0.0,0.0,0.0
Martin Rodriguez,1837.1141075451364,1849.488169914244,1866.865383478192,1837.1141075451364,149.0,264.0,55.3,178.0,0,64,0.2,0.3571428571428571,0.3571428571428571,0.3571428571428571,-50.46808690739613,-50.46808690739613,-50.46808690739613,-50.46808690739613
Hector Moretti,1810.344077077088,1810.344077077088,1810.344077077088,1810.344077077088,228.0,146.0,52.4,170.0,0,50,0.0,0.0,0.0,0.0,0.0,0.0,0.0,0.0
Mehluli Don Ayanda Sibanda,1330.2422814860938,1351.7957963472552,1400.0,1330.2422814860938,1061.0,10.0,26.0,173.0,0,3,0.0,0.0,0.0,0.0,-69.75771851390618,-69.75771851390618,-69.75771851390618,-69.75771851390618
Jean Rene Lisnard,1577.7734890024574,1771.0770190328371,1752.3947540599495,1812.744165530269,2000.0,0.0,45.5,173.0,0,185,0.4,0.48,0.4,0.37,-84.75090119354309,-126.376189816717,-190.605178400064,-307.7785550520073
Philip Hjorth,1400.0,1400.0,1400.0,1400.0,880.0,20.0,26.5,185.67156964873536,0,0,0.0,0.0,0.0,0.0,0.0,0.0,0.0,0.0
Jan Michael Gambill,1617.1963936098418,2004.3108141118028,1681.006569009762,1974.7742758707395,671.0,25.0,47.8,190.0,0,435,0.4,0.36,0.36,0.4,-76.18799471065154,-123.94453461159104,-208.78095229821545,-364.8881111380642
Osgar Ohoisin,1416.8092325408438,1408.9893161902446,1400.0,1416.8092325408438,1015.0,12.0,28.4,193.0,0,4,0.5,0.5,0.5,0.5,16.809232540843823,16.809232540843823,16.809232540843823,16.809232540843823
Hyun Joon Suk,1400.0,1400.0,1376.5202076759508,1400.0,1100.0,5.0,39.7,185.67156964873536,0,0,0.0,0.0,0.0,0.0,0.0,0.0,0.0,0.0
Warit Sornbutnark,1415.106940361177,1390.3202762627243,1415.106940361177,1415.106940361177,1101.0,8.0,32.5,180.0,0,4,0.5,0.5,0.5,0.5,15.106940361177069,15.106940361177069,15.106940361177069,15.106940361177069
Benedict Badza,1400.0,1400.0,1400.0,1400.0,2000.0,0.0,19.6,186.27336318231923,0,0,0.0,0.0,0.0,0.0,0.0,0.0,0.0,0.0
Leonardo Kirche,1400.0,1400.0,1400.0,1400.0,682.0,21.0,40.7,188.0,0,0,0.0,0.0,0.0,0.0,0.0,0.0,0.0,0.0
Henry Estrella,1398.7181532120962,1400.0,1425.7945019299668,1398.7181532120962,2000.0,0.0,39.0,186.27336318231923,0,5,0.4,0.4,0.4,0.4,-1.2818467879037598,-1.2818467879037598,-1.2818467879037598,-1.2818467879037598
Axel Michon,1405.839833889254,1405.839833889254,1434.328507746533,1405.839833889254,206.0,238.0,34.4,176.0,1,0,0.0,0.0,0.0,0.0,0.0,0.0,0.0,0.0
Francisco Cerundolo,1800.2951586653248,1494.2509484696857,1737.3247236523391,1387.5605270566582,30.0,1620.0,27.2,185.0,0,189,0.6,0.56,0.54,0.55,6.153374544975804,0.5357420475154413,33.72649544085084,-26.401755547746006
Tigre Hank,1315.0710888437727,1355.200966336874,1400.0,1315.0710888437727,567.0,57.0,33.8,188.0,1,8,0.0,0.125,0.125,0.125,-84.92891115622729,-84.92891115622729,-84.92891115622729,-84.92891115622729
Zbynek Mlynarik,1665.4733876042592,1665.4733876042592,1665.4733876042592,1665.4733876042592,418.0,57.0,48.4,175.0,0,10,0.0,0.0,0.0,0.0,0.0,0.0,0.0,0.0
Steve Darcis,1684.7192234028723,1454.6958964886908,1546.8042393269295,1459.8317127130504,200.0,242.0,40.8,178.0,0,255,0.4,0.32,0.38,0.44,-150.48241391338365,-179.60120177795716,-218.76819176325216,-219.10352097484903
Jacob Coenraad De Klerk,1390.3548309899938,1390.3548309899938,1390.3548309899938,1390.3548309899938,1485.0,2.0,33.3,185.67156964873536,0,1,0.0,0.0,0.0,0.0,-9.645169010006155,-9.645169010006155,-9.645169010006155,-9.645169010006155
Sanchai Ratiwatana,1522.340112097007,1568.7952939245406,1586.5499730021909,1522.340112097007,1417.0,1.0,43.6,175.0,0,18,0.2,0.375,0.375,0.375,-68.23734862750575,-68.23734862750575,-68.23734862750575,-68.23734862750575
Deniss Pavlovs,1473.6250171408717,1400.0,1388.541334410256,1473.6250171408717,620.0,35.0,41.9,185.67156964873536,0,13,0.8,0.5384615384615384,0.5384615384615384,0.5384615384615384,73.6250171408717,73.6250171408717,73.6250171408717,73.6250171408717
Aditya Hari Sasongko,1336.0816337923943,1386.671829266461,1372.0669079431618,1336.0816337923943,1568.0,2.0,36.5,185.67156964873536,0,9,0.4,0.3333333333333333,0.3333333333333333,0.3333333333333333,-63.918366207605686,-63.918366207605686,-63.918366207605686,-63.918366207605686
Mariusz Fyrstenberg,1427.0950878878175,1400.1478826341515,1412.166318983855,1427.0950878878175,2000.0,0.0,44.5,193.0,1,13,0.6,0.3846153846153846,0.3846153846153846,0.3846153846153846,27.0950878878175,27.0950878878175,27.0950878878175,27.0950878878175
Roger Smith,1400.0,1400.0,1400.0,1400.0,2000.0,0.0,61.4,185.0,0,0,0.0,0.0,0.0,0.0,0.0,0.0,0.0,0.0
Gabriel Moraru,1396.1994941824105,1396.1994941824105,1396.1994941824105,1396.1994941824105,418.0,89.0,43.2,180.0,0,1,0.0,0.0,0.0,0.0,-3.8005058175897375,-3.8005058175897375,-3.8005058175897375,-3.8005058175897375
Kristian Capalik,1649.2529563268524,1607.367008148672,1572.9225841206053,1611.4030454752965,298.0,105.0,46.5,188.0,0,17,0.4,0.4285714285714285,0.4285714285714285,0.4285714285714285,76.33037220624715,76.33037220624715,76.33037220624715,76.33037220624715
Sean Cooper,1539.0144160981154,1572.9225841206053,1572.9225841206053,1539.0144160981154,1334.0,1.0,45.7,186.27336318231923,0,11,0.0,0.0,0.0,0.0,-33.90816802248992,-33.90816802248992,-33.90816802248992,-33.90816802248992
Mark Knowles,1671.2330934019926,1716.333704460327,1743.395511768082,1671.2330934019926,2000.0,0.0,53.4,190.0,0,63,0.4,0.2307692307692307,0.2307692307692307,0.2307692307692307,-124.27544768355916,-124.27544768355916,-124.27544768355916,-124.27544768355916
Jimmy Wang,1708.328151761729,1574.810072683276,1427.408317157876,1519.64068323611,274.0,167.0,40.5,178.0,0,88,0.4,0.36,0.42,0.4545454545454545,-27.901658801624308,-58.690529455243,-30.27209112544415,308.32815176172903
Carlos Avellan,1519.763984127106,1559.5937196561936,1561.835504164926,1519.763984127106,321.0,205.0,42.9,186.27336318231923,0,26,0.6,0.5,0.5,0.5,-94.98057820632994,-94.98057820632994,-94.98057820632994,-94.98057820632994
Ricardo Ojeda Lara,1494.2654170427477,1481.4200444224866,1406.1499753690905,1494.2654170427477,206.0,287.0,32.2,180.0,0,5,0.6,0.6,0.6,0.6,83.2649741212067,83.2649741212067,83.2649741212067,83.2649741212067
Hillel Rousseau,1322.4344612179932,1400.0,1373.962398789146,1322.4344612179932,2000.0,0.0,29.7,180.0,0,3,0.0,0.0,0.0,0.0,-77.5655387820068,-77.5655387820068,-77.5655387820068,-77.5655387820068
Tomislav Brkic,1355.2701490893576,1435.2144208925238,1376.3520799850596,1355.2701490893576,545.0,47.0,35.5,185.0,0,10,0.4,0.3,0.3,0.3,-44.729850910642426,-44.729850910642426,-44.729850910642426,-44.729850910642426
Mariano Hood,1817.312136788561,1817.312136788561,1817.312136788561,1817.312136788561,485.0,43.0,51.9,178.0,1,54,0.5,0.5,0.5,0.5,12.103240425636386,12.103240425636386,12.103240425636386,12.103240425636386
Ivan Sergeyev,1512.686691429513,1512.686691429513,1512.686691429513,1512.686691429513,163.0,306.0,37.1,175.0,0,5,0.8,0.8,0.8,0.8,112.68669142951308,112.68669142951308,112.68669142951308,112.68669142951308
Mahesh Bhupathi,1694.24696556167,1726.432017802193,1694.24696556167,1737.231538540124,2000.0,0.0,50.8,185.0,0,54,0.0,0.0,0.0,0.0,-60.8909593557039,-60.8909593557039,-60.8909593557039,-60.8909593557039
Ervin Eleskovic,1429.357287946657,1387.2783691186198,1468.820078202182,1429.357287946657,355.0,115.0,38.1,185.67156964873536,0,10,0.4,0.2,0.2,0.2,29.357287946656925,29.357287946656925,29.357287946656925,29.357287946656925
Vishal Uppal,1647.9681716629725,1647.9681716629725,1647.9681716629725,1647.9681716629725,526.0,43.0,48.1,185.67156964873536,0,10,0.0,0.0,0.0,0.0,0.0,0.0,0.0,0.0
Oscar Ortiz,1679.320330090546,1679.320330090546,1674.972620167703,1679.320330090546,626.0,23.0,51.7,183.0,1,10,0.0,0.0,0.0,0.0,0.0,0.0,0.0,0.0
Tiago Sousa,1619.680552830964,1619.680552830964,1651.402031039404,1619.680552830964,964.0,5.0,46.4,185.67156964873536,0,12,0.0,0.0,0.0,0.0,-31.721478208439976,-31.721478208439976,-31.721478208439976,-31.721478208439976
Kevin Kung,1400.0,1400.0,1400.0,1400.0,2000.0,0.0,35.5,186.27336318231923,1,0,0.0,0.0,0.0,0.0,0.0,0.0,0.0,0.0
Naratorn Srichaphan,1400.0,1400.0,1400.0,1400.0,2000.0,0.0,52.5,185.67156964873536,0,0,0.0,0.0,0.0,0.0,0.0,0.0,0.0,0.0
Thierry Guardiola,1814.8368515782167,1886.090716487834,1805.6532326712,1814.8368515782167,184.0,209.0,54.2,188.0,0,58,0.0,0.25,0.25,0.25,-38.562337182264855,-38.562337182264855,-38.562337182264855,-38.562337182264855
Nuno Marques,1737.152371912246,1737.152371912246,1737.152371912246,1737.152371912246,432.0,57.0,55.0,190.0,1,50,0.0,0.0,0.0,0.0,0.0,0.0,0.0,0.0
Wahib Maknieh,1375.820307738586,1400.0,1375.820307738586,1375.820307738586,2000.0,0.0,38.5,185.67156964873536,0,1,0.0,0.0,0.0,0.0,-24.179692261413948,-24.179692261413948,-24.179692261413948,-24.179692261413948
Eddy Gonzalez Gonzalez,1404.3161551406756,1404.3161551406756,1404.3161551406756,1404.3161551406756,2000.0,0.0,43.5,185.67156964873536,0,2,0.5,0.5,0.5,0.5,4.316155140675619,4.316155140675619,4.316155140675619,4.316155140675619
Filip Cristian Jianu,1423.2042036527448,1423.2042036527448,1423.2042036527448,1423.2042036527448,317.0,160.0,23.9,180.0,0,1,1.0,1.0,1.0,1.0,23.20420365274481,23.20420365274481,23.20420365274481,23.20420365274481
George Tsivadze,1318.8344662600784,1400.0,1385.8225420335675,1318.8344662600784,933.0,12.0,32.6,191.0,1,6,0.2,0.1666666666666666,0.1666666666666666,0.1666666666666666,-81.16553373992156,-81.16553373992156,-81.16553373992156,-81.16553373992156
Nicolas Renavand,1438.5662483115111,1400.0,1438.5662483115111,1438.5662483115111,364.0,116.0,43.2,185.67156964873536,0,1,1.0,1.0,1.0,1.0,38.56624831151135,38.56624831151135,38.56624831151135,38.56624831151135
Federico Dondo,1737.0812899209177,1737.671289421312,1747.3733438897243,1737.0812899209177,823.0,11.0,53.4,185.67156964873536,0,61,0.8,0.7272727272727273,0.7272727272727273,0.7272727272727273,-22.85842397284955,-22.85842397284955,-22.85842397284955,-22.85842397284955
Nikoloz Davlianidze,1400.0,1400.0,1400.0,1400.0,2000.0,0.0,25.1,185.67156964873536,0,0,0.0,0.0,0.0,0.0,0.0,0.0,0.0,0.0
Sargis Sargsian,1776.432075383358,1887.0966278690487,1910.997963592884,1883.9223379830016,391.0,74.0,51.7,180.0,0,371,0.2,0.36,0.32,0.41,-106.81485503804949,-160.37097044703023,-215.77227042721552,-174.97462847156066
Martin Cuevas,1326.564508972598,1379.2590508048404,1330.2896442361443,1326.564508972598,404.0,105.0,33.6,191.0,0,23,0.2,0.217391304347826,0.217391304347826,0.217391304347826,-36.20198190809515,-73.4354910274019,-73.4354910274019,-73.4354910274019
Giles Hussey,1437.300062368782,1437.300062368782,1437.300062368782,1437.300062368782,359.0,141.0,28.0,185.0,1,1,1.0,1.0,1.0,1.0,37.30006236878194,37.30006236878194,37.30006236878194,37.30006236878194
Todd Larkham,1616.4299072333376,1629.5412011013673,1590.5774607245128,1590.5774607245128,168.0,220.0,50.2,178.0,0,16,0.2,0.1666666666666666,0.1666666666666666,0.1666666666666666,25.85244650882487,25.85244650882487,25.85244650882487,25.85244650882487
Baris Ergun,1616.8259529034578,1616.8259529034578,1616.8259529034578,1616.8259529034578,1225.0,2.0,50.1,185.67156964873536,0,12,1.0,1.0,1.0,1.0,40.47170783311253,40.47170783311253,40.47170783311253,40.47170783311253
Sun Yong Kim Jr,1423.9242971528013,1453.7229182236813,1423.9242971528013,1423.9242971528013,734.0,22.0,37.6,186.27336318231923,0,3,0.6666666666666666,0.6666666666666666,0.6666666666666666,0.6666666666666666,23.924297152801277,23.924297152801277,23.924297152801277,23.924297152801277
Robert Smeets,1415.0032906041088,1416.2808814026955,1400.0,1415.0032906041088,168.0,255.0,39.8,188.0,1,8,0.0,0.125,0.125,0.125,15.00329060410877,15.00329060410877,15.00329060410877,15.00329060410877
Clemens Trimmel,1683.9987969839185,1683.9987969839185,1689.2659121587965,1683.9987969839185,148.0,267.0,46.8,185.0,0,52,0.0,0.0,0.0,0.0,-16.608610349243918,-16.608610349243918,-16.608610349243918,-16.608610349243918
Edgars Manusis,1400.0,1400.0,1400.0,1400.0,2000.0,0.0,38.5,185.67156964873536,0,0,0.0,0.0,0.0,0.0,0.0,0.0,0.0,0.0
Borna Coric,1655.9976185122882,1585.2270132842646,1531.2140449497,1379.245869988322,96.0,595.0,28.9,188.0,0,418,0.4,0.36,0.44,0.53,-105.07206959611244,-180.97305311053697,-261.1669390076331,-178.7820789996697
Guillaume Couillard,1496.8765371597124,1596.6557917672608,1507.0211094420335,1496.8765371597124,2000.0,0.0,49.5,185.67156964873536,0,20,0.4,0.3,0.3,0.3,-99.7792546075484,-99.7792546075484,-99.7792546075484,-99.7792546075484
Victor Ionita,1435.9999899099118,1435.9999899099118,1435.9999899099118,1435.9999899099118,271.0,142.0,42.3,185.0,0,3,0.3333333333333333,0.3333333333333333,0.3333333333333333,0.3333333333333333,35.99998990991185,35.99998990991185,35.99998990991185,35.99998990991185
Luis Delgado,1374.762098893019,1400.0,1379.2655112903058,1374.762098893019,2000.0,0.0,34.0,186.27336318231923,0,3,0.0,0.0,0.0,0.0,-25.2379011069811,-25.2379011069811,-25.2379011069811,-25.2379011069811
Jesper De Jong,1460.099250302998,1445.437788286392,1454.012963158474,1430.101166882354,109.0,541.0,25.4,180.0,0,9,0.2,0.2222222222222222,0.2222222222222222,0.2222222222222222,29.99808342064398,29.99808342064398,29.99808342064398,29.99808342064398
Lukasz Kubot,1711.8617342466066,1423.157960826002,1569.2452908761784,1507.640760139236,614.0,48.0,43.4,191.0,0,228,0.4,0.32,0.32,0.4,-38.80897731869709,-35.652567736889296,-110.47780310511484,-185.0389268782103
Alex Llompart,1396.8934473150098,1396.8934473150098,1396.8934473150098,1396.8934473150098,1418.0,3.0,35.1,186.27336318231923,0,10,0.4,0.5,0.5,0.5,-3.10655268499022,-3.10655268499022,-3.10655268499022,-3.10655268499022
Martin Lee,1717.673750105483,1714.160033790848,1734.6551394994708,1838.1147196464751,252.0,149.0,47.4,180.0,1,100,0.0,0.16,0.32,0.32,-117.87423554792076,-171.81451243207243,-36.566142208691645,-51.47745578229069
Sherif Sabry,1354.0777375907285,1340.9112718972751,1422.4637657811982,1354.0777375907285,430.0,90.0,38.4,185.67156964873536,0,16,0.2,0.3125,0.3125,0.3125,-45.922262409271525,-45.922262409271525,-45.922262409271525,-45.922262409271525
Alexander Bury,1420.8314388651206,1425.1880881190862,1400.0,1420.8314388651206,646.0,34.0,37.9,203.0,0,2,0.5,0.5,0.5,0.5,20.831438865120617,20.831438865120617,20.831438865120617,20.831438865120617
Eric Nunez,1576.354245070345,1576.354245070345,1576.354245070345,1576.354245070345,531.0,42.0,42.8,185.67156964873536,0,10,0.0,0.0,0.0,0.0,0.0,0.0,0.0,0.0
Valentin Vacherot,1392.4790460282215,1378.533071904532,1379.6181002944154,1392.4790460282215,116.0,543.0,26.5,193.0,0,9,0.4,0.3333333333333333,0.3333333333333333,0.3333333333333333,-7.520953971778454,-7.520953971778454,-7.520953971778454,-7.520953971778454
Samuel Fumi,1400.0,1400.0,1400.0,1400.0,2000.0,0.0,43.5,185.67156964873536,0,0,0.0,0.0,0.0,0.0,0.0,0.0,0.0,0.0
Eduardo Rincon,1619.8026113344397,1655.7257212804238,1636.4817016641289,1619.8026113344397,885.0,8.0,48.8,186.27336318231923,0,14,0.25,0.25,0.25,0.25,-35.92310994598438,-35.92310994598438,-35.92310994598438,-35.92310994598438
Timo Nieminen,1460.3599057030876,1579.0439266790236,1553.999215196343,1460.3599057030876,314.0,139.0,43.3,185.0,0,21,0.0,0.1818181818181818,0.1818181818181818,0.1818181818181818,-183.5306307640601,-183.5306307640601,-183.5306307640601,-183.5306307640601
Thomas Dupre,1761.7306471730358,1761.7306471730358,1761.7306471730358,1761.7306471730358,274.0,125.0,51.5,185.67156964873536,0,50,0.0,0.0,0.0,0.0,0.0,0.0,0.0,0.0
Rene Busch,1443.781201215952,1443.781201215952,1443.781201215952,1443.781201215952,2000.0,0.0,53.7,185.67156964873536,0,1,1.0,1.0,1.0,1.0,43.78120121595202,43.78120121595202,43.78120121595202,43.78120121595202
Juan Manuel Elizondo,1429.2152206371106,1400.0,1400.0,1429.2152206371106,787.0,17.0,42.1,180.0,0,1,1.0,1.0,1.0,1.0,29.215220637110637,29.215220637110637,29.215220637110637,29.215220637110637
Marcos Ondruska,1795.5643183625525,1782.9385957737063,1839.5808627038648,1839.5808627038648,182.0,207.0,52.5,183.0,0,59,0.2,0.1111111111111111,0.1111111111111111,0.1111111111111111,-44.01654434131228,-44.01654434131228,-44.01654434131228,-44.01654434131228
Michal Przysiezny,1550.790340234258,1423.7255722807067,1408.7645515580775,1423.225646234588,1139.0,6.0,41.1,185.0,0,105,0.0,0.2,0.24,0.29,-17.502579837141866,-175.13726554767482,-66.20359499242818,79.95742972051312
Viktor Troicki,1646.5604569642496,1486.8912088379134,1538.266032717987,1435.5598552289466,230.0,294.0,39.3,193.0,0,570,0.2,0.32,0.38,0.43,-87.82857620461209,-163.14086639416632,-166.1151439982932,-301.772088445204
Janne Ojala,1705.2071015465317,1722.014179893863,1722.014179893863,1705.2071015465317,537.0,37.0,47.4,185.67156964873536,0,51,0.0,0.0,0.0,0.0,-16.8070783473313,-16.8070783473313,-16.8070783473313,-16.8070783473313
Kaichi Uchida,1451.504416173124,1412.1851147081975,1451.504416173124,1400.0,155.0,348.0,31.1,180.0,0,4,0.5,0.5,0.5,0.5,51.50441617312413,51.50441617312413,51.50441617312413,51.50441617312413
Enzo Pigola,1383.9213830970518,1383.9213830970518,1386.7472104500505,1383.9213830970518,2000.0,0.0,38.9,185.67156964873536,0,2,0.0,0.0,0.0,0.0,-16.07861690294817,-16.07861690294817,-16.07861690294817,-16.07861690294817
Damir Dzumhur,1566.4735484675448,1450.2547032628693,1492.3054222256735,1458.138236012623,100.0,584.0,33.4,175.0,0,273,0.4,0.4,0.34,0.38,-34.090049249768526,-39.54781583108456,-109.68951795384464,-226.46814473664855
Arthur Rinderknech,1624.7736806336516,1600.8491716030644,1546.9782575925594,1387.3102864967025,60.0,872.0,30.2,196.0,0,154,0.4,0.48,0.46,0.43,48.412083671874825,31.75618306399701,26.54139110671258,-141.39879077060527
Mansur Yakhyaev,1400.0,1400.0,1400.0,1400.0,2000.0,0.0,48.5,185.67156964873536,0,0,0.0,0.0,0.0,0.0,0.0,0.0,0.0,0.0
Jan Weinzierl,1742.4865578889464,1742.4865578889464,1742.4865578889464,1742.4865578889464,342.0,78.0,52.0,185.67156964873536,0,50,0.0,0.0,0.0,0.0,0.0,0.0,0.0,0.0
Andrey Kuznetsov,1766.1202471229185,1540.669773129889,1583.4127855904153,1468.0704354130676,2000.0,0.0,34.4,183.0,0,179,0.2,0.36,0.4,0.49,-111.19327913949267,-131.5901230988818,-158.8180236352257,45.98175397591808
Tobias Klein,1400.0,1400.0,1400.0,1400.0,839.0,13.0,43.2,170.0,0,0,0.0,0.0,0.0,0.0,0.0,0.0,0.0,0.0
Jiri Vanek,1586.9364759072946,1714.7536175830296,1832.6896461668064,1811.2093551493335,155.0,487.0,47.0,185.0,0,237,0.2,0.28,0.3,0.32,-61.1975805363586,-83.79854471618182,-152.53593305052777,-230.45220979024816
Vladyslav Manafov,1420.441792562087,1422.839617934873,1400.0,1420.441792562087,441.0,92.0,32.3,185.67156964873536,1,2,0.5,0.5,0.5,0.5,20.441792562086903,20.441792562086903,20.441792562086903,20.441792562086903
Aleksandar Vukic,1640.9862595077395,1533.2470450974952,1396.7131442190466,1544.3347035083514,85.0,669.0,29.5,188.0,0,90,0.6,0.52,0.4,0.4222222222222222,70.68629334006187,169.6541605749037,55.31943463476114,240.98625950773956
Martin Sayer,1505.9954100356154,1424.8979793441986,1422.4174177402626,1505.9954100356154,2000.0,0.0,37.6,185.67156964873536,0,6,0.8,0.8333333333333334,0.8333333333333334,0.8333333333333334,105.99541003561536,105.99541003561536,105.99541003561536,105.99541003561536
Aziz Avganov,1400.0,1400.0,1400.0,1400.0,2000.0,0.0,41.5,185.67156964873536,0,0,0.0,0.0,0.0,0.0,0.0,0.0,0.0,0.0
Zeljko Krajan,1697.4497916424464,1716.2958415632909,1759.498040008114,1765.8525905973345,681.0,23.0,46.4,178.0,0,82,0.2,0.16,0.25,0.25,-45.601099864970365,-68.40279895488788,-68.40279895488788,-68.40279895488788
Terence Nugent,1375.0,1400.0,1400.0,1375.0,2000.0,0.0,39.3,185.67156964873536,0,1,0.0,0.0,0.0,0.0,-25.0,-25.0,-25.0,-25.0
Jacob Rasolondrazana,1368.6764741539232,1400.0,1393.860398451544,1368.6764741539232,2000.0,0.0,41.2,185.67156964873536,0,3,0.0,0.0,0.0,0.0,-31.32352584607679,-31.32352584607679,-31.32352584607679,-31.32352584607679
Nikola Milojevic,1506.0290329498932,1446.3400880332554,1474.3470169113823,1506.0290329498932,136.0,525.0,29.6,188.0,0,13,0.4,0.4615384615384615,0.4615384615384615,0.4615384615384615,106.02903294989324,106.02903294989324,106.02903294989324,106.02903294989324
Vijayant Malik,1375.0814295994512,1375.0814295994512,1375.0814295994512,1375.0814295994512,537.0,55.0,34.9,185.67156964873536,0,1,0.0,0.0,0.0,0.0,-24.918570400548788,-24.918570400548788,-24.918570400548788,-24.918570400548788
Javier Marti,1397.7485437326084,1398.2065210851706,1374.7792750969122,1438.9905758978673,211.0,223.0,33.3,185.67156964873536,0,12,0.0,0.1666666666666666,0.1666666666666666,0.1666666666666666,-2.251456267391632,-2.251456267391632,-2.251456267391632,-2.251456267391632
Hao Lu,1459.1632901330488,1426.2700520818858,1400.0,1400.0,603.0,33.0,41.4,185.67156964873536,0,5,0.6,0.6,0.6,0.6,59.1632901330488,59.1632901330488,59.1632901330488,59.1632901330488
Adrian Voinea,1796.2840436144477,1932.610341749438,1813.0878571101675,1863.0730753191883,138.0,276.0,50.9,185.0,0,270,0.2,0.24,0.34,0.43,-123.77835059889298,-187.62344704930024,-250.3063004029057,-86.61547069564699
Romain Arneodo,1486.71855642208,1459.2053356992749,1445.4261607347985,1486.71855642208,2000.0,0.0,33.0,175.0,0,9,0.4,0.6666666666666666,0.6666666666666666,0.6666666666666666,86.71855642207993,86.71855642207993,86.71855642207993,86.71855642207993
Mario Monroy,1396.2983417872858,1392.5835172753702,1379.978981169011,1396.2983417872858,1121.0,4.0,42.7,186.27336318231923,0,3,0.3333333333333333,0.3333333333333333,0.3333333333333333,0.3333333333333333,-3.7016582127141646,-3.7016582127141646,-3.7016582127141646,-3.7016582127141646
Daniel Alejandro Lopez Cassaccia,1373.0175838269247,1452.955728821917,1362.7012441386764,1373.0175838269247,702.0,24.0,35.5,185.67156964873536,0,9,0.4,0.3333333333333333,0.3333333333333333,0.3333333333333333,-26.982416173075308,-26.982416173075308,-26.982416173075308,-26.982416173075308
Eric Prodon,1450.5149453459508,1617.734047656298,1503.937108378433,1450.5149453459508,115.0,482.0,43.9,178.0,0,29,0.0,0.0526315789473684,0.0526315789473684,0.0526315789473684,-198.9682241380144,-198.9682241380144,-198.9682241380144,-198.9682241380144
Mohammed Nazreen Fuzi Nasruddin,1400.0,1400.0,1400.0,1400.0,2000.0,0.0,43.6,185.67156964873536,0,0,0.0,0.0,0.0,0.0,0.0,0.0,0.0,0.0
Ante Pavic,1438.859415523434,1406.7514861155466,1395.6870231329417,1467.9218328357122,486.0,77.0,35.9,196.0,0,13,0.2,0.2307692307692307,0.2307692307692307,0.2307692307692307,38.85941552343411,38.85941552343411,38.85941552343411,38.85941552343411
Jose Roberto Velasco,1384.3777789666372,1400.0,1400.8976258849427,1384.3777789666372,2000.0,0.0,36.0,185.67156964873536,0,4,0.25,0.25,0.25,0.25,-15.622221033362848,-15.622221033362848,-15.622221033362848,-15.622221033362848
Jurgen Melzer,1713.5186688588403,1748.7190438870048,1681.921780690236,1739.7706033140944,426.0,88.0,44.4,183.0,1,736,0.4,0.52,0.42,0.45,56.01850531089326,15.98659127740416,-91.08385099455222,-87.45494985613664
Clement Reix,1439.6156906030587,1400.0,1439.6156906030587,1439.6156906030587,502.0,64.0,41.9,185.67156964873536,0,1,1.0,1.0,1.0,1.0,39.61569060305874,39.61569060305874,39.61569060305874,39.61569060305874
Yuta Shimizu,1423.2042036527448,1400.0,1423.2042036527448,1400.0,451.0,85.0,26.3,163.0,1,1,1.0,1.0,1.0,1.0,23.20420365274481,23.20420365274481,23.20420365274481,23.20420365274481
Shintaro Mochizuki,1317.5114801483237,1354.991508935739,1400.0,1381.2920311126086,146.0,408.0,22.3,175.0,0,21,0.0,0.1428571428571428,0.1428571428571428,0.1428571428571428,-51.7783115961995,-82.48851985167653,-82.48851985167653,-82.48851985167653
Danylo Kalenichenko,1400.0,1400.0,1400.0,1400.0,657.0,39.0,31.6,188.0,0,0,0.0,0.0,0.0,0.0,0.0,0.0,0.0,0.0
Rafa Orantes,1371.2548019905737,1371.2548019905737,1371.2548019905737,1371.2548019905737,2000.0,0.0,30.3,185.67156964873536,0,1,0.0,0.0,0.0,0.0,-28.74519800942653,-28.74519800942653,-28.74519800942653,-28.74519800942653
John Van Lottum,1676.4818418050036,1810.5211391974792,1899.255227458528,1926.7486181825209,493.0,48.0,48.8,185.0,0,220,0.2,0.24,0.34,0.2857142857142857,-108.56977435267028,-139.06845388033753,-91.40829029581096,-271.86343097382
Antso Rakotondramanga,1410.7953906594096,1416.7836368462813,1429.193224760893,1410.7953906594096,2000.0,0.0,36.5,186.27336318231923,0,6,0.6,0.5,0.5,0.5,10.795390659409575,10.795390659409575,10.795390659409575,10.795390659409575
Federico Agustin Gomez,1374.239559563482,1436.0510580979942,1400.0,1374.239559563482,174.0,346.0,28.8,191.0,0,1,0.0,0.0,0.0,0.0,-25.760440436518135,-25.760440436518135,-25.760440436518135,-25.760440436518135
Yuttana Charoenphon,1400.0,1400.0,1400.0,1400.0,960.0,11.0,25.0,178.0,0,0,0.0,0.0,0.0,0.0,0.0,0.0,0.0,0.0
Jirat Navasirisomboon,1438.3227063605427,1454.4341235701504,1364.5564859912245,1438.3227063605427,1541.0,2.0,28.2,175.0,0,6,0.6,0.6666666666666666,0.6666666666666666,0.6666666666666666,38.322706360542725,38.322706360542725,38.322706360542725,38.322706360542725
John Hui,1363.2780395375723,1363.2780395375723,1363.2780395375723,1363.2780395375723,1023.0,5.0,47.2,186.27336318231923,0,3,0.0,0.0,0.0,0.0,-36.72196046242766,-36.72196046242766,-36.72196046242766,-36.72196046242766
Daniels Tens,1347.181167595807,1325.9527768628564,1347.181167595807,1347.181167595807,2000.0,0.0,20.0,185.67156964873536,0,2,0.0,0.0,0.0,0.0,-52.81883240419302,-52.81883240419302,-52.81883240419302,-52.81883240419302
Abdulrahman Alawadhi,1400.0,1400.0,1400.0,1400.0,2000.0,0.0,33.0,185.67156964873536,0,0,0.0,0.0,0.0,0.0,0.0,0.0,0.0,0.0
Rudolf Molleker,1443.7680797939406,1400.0,1455.903704410531,1398.909362109015,197.0,309.0,24.7,188.0,0,17,0.2,0.2941176470588235,0.2941176470588235,0.2941176470588235,43.768079793940615,43.768079793940615,43.768079793940615,43.768079793940615
Jaime Oncins,1598.961840367148,1598.961840367148,1598.961840367148,1598.961840367148,2000.0,0.0,55.2,196.0,0,10,0.0,0.0,0.0,0.0,0.0,0.0,0.0,0.0
Pavol Cervenak,1585.819081124706,1400.0,1563.435909387623,1585.819081124706,204.0,246.0,38.0,191.0,0,11,0.8,0.6363636363636364,0.6363636363636364,0.6363636363636364,185.81908112470592,185.81908112470592,185.81908112470592,185.81908112470592
Simon Stadler,1660.2342689422603,1622.841196435118,1660.2342689422603,1635.5732744233778,288.0,155.0,41.4,183.0,1,25,0.4,0.4,0.4,0.4,79.00886421070936,79.00886421070936,79.00886421070936,79.00886421070936
Julian Alonso,1859.6990537080133,1832.5552134846876,1901.4931158132715,1859.6990537080133,142.0,276.0,48.1,185.0,0,62,0.6,0.3333333333333333,0.3333333333333333,0.3333333333333333,-25.53553949093225,-25.53553949093225,-25.53553949093225,-25.53553949093225
Ivo Bratanov,1583.4373151454984,1583.4373151454984,1583.4373151454984,1583.4373151454984,872.0,9.0,47.3,185.67156964873536,0,11,0.0,0.0,0.0,0.0,-24.763007174668477,-24.763007174668477,-24.763007174668477,-24.763007174668477
Jose Rubin Statham,1436.4855780884386,1426.750318935841,1421.1361758368953,1377.2045414773113,837.0,23.0,38.3,180.0,0,49,0.4,0.24,0.4693877551020408,0.4693877551020408,-136.5208195950745,-136.04099877475437,36.485578088438615,36.485578088438615
Johan Landsberg,1681.7376228914331,1681.7376228914331,1681.7376228914331,1681.7376228914331,611.0,22.0,50.4,183.0,0,10,0.0,0.0,0.0,0.0,0.0,0.0,0.0,0.0
Thomas Enqvist,1663.3754916520832,2151.6643916484363,2043.310313374208,2206.645746165234,157.0,249.0,51.6,190.0,0,768,0.0,0.32,0.38,0.37,-91.38804886427488,-182.88518313270924,-179.50109679867228,-380.5295557863358
Javier Garcia Sintes,1720.6914442223465,1720.6914442223465,1720.6914442223465,1720.6914442223465,479.0,48.0,46.3,185.67156964873536,0,50,0.0,0.0,0.0,0.0,0.0,0.0,0.0,0.0
Wesley Whitehouse,1750.3362912695172,1743.4721348113724,1750.3362912695172,1734.9213887754488,373.0,87.0,46.3,190.0,1,59,0.4,0.4444444444444444,0.4444444444444444,0.4444444444444444,37.00049815940588,37.00049815940588,37.00049815940588,37.00049815940588
Peter Handoyo,1513.64414285079,1451.179673275905,1513.64414285079,1513.64414285079,539.0,34.0,45.6,185.67156964873536,0,6,0.6,0.6666666666666666,0.6666666666666666,0.6666666666666666,113.6441428507901,113.6441428507901,113.6441428507901,113.6441428507901
Federico Gaio,1379.7217067180777,1354.0537739431677,1427.3844366298852,1379.7217067180777,174.0,371.0,32.9,178.0,0,17,0.2,0.1764705882352941,0.1764705882352941,0.1764705882352941,-20.278293281922288,-20.278293281922288,-20.278293281922288,-20.278293281922288
Juan Enrique Crosa,1369.230099709463,1393.1514330569055,1400.0,1369.230099709463,2000.0,0.0,41.3,185.67156964873536,0,2,0.0,0.0,0.0,0.0,-30.769900290536956,-30.769900290536956,-30.769900290536956,-30.769900290536956
Bor Artnak,1407.163675245618,1407.163675245618,1407.163675245618,1407.163675245618,616.0,54.0,21.2,193.0,0,4,0.5,0.5,0.5,0.5,7.163675245617924,7.163675245617924,7.163675245617924,7.163675245617924
Adrian Bohane,1400.0,1400.0,1400.0,1400.0,1416.0,1.0,43.9,185.67156964873536,1,0,0.0,0.0,0.0,0.0,0.0,0.0,0.0,0.0
Daniel Nestor,1929.1263689204889,1919.8692829675183,1919.6504646269293,1874.9635172477808,2000.0,0.0,52.9,190.0,1,186,0.4,0.4,0.4444444444444444,0.4444444444444444,5.253752579301363,-13.0084326479639,9.475904293559095,9.475904293559095
Yuki Bhambri,1534.2113449797507,1559.6850870078483,1420.2402955720554,1358.481711444393,571.0,55.0,32.5,185.0,0,60,0.4,0.36,0.46,0.4666666666666667,-87.0252934240741,-36.48225795043595,3.1730027517292,134.21134497975072
Younes Rachidi,1399.3046605739517,1397.742735667782,1376.3995039663582,1399.3046605739517,869.0,17.0,38.3,186.27336318231923,0,3,0.3333333333333333,0.3333333333333333,0.3333333333333333,0.3333333333333333,-0.6953394260483492,-0.6953394260483492,-0.6953394260483492,-0.6953394260483492
Ivan Nedelko,1387.9528966848327,1387.9528966848327,1387.9528966848327,1387.9528966848327,508.0,63.0,39.3,185.0,0,1,0.0,0.0,0.0,0.0,-12.047103315167304,-12.047103315167304,-12.047103315167304,-12.047103315167304
Matias Boeker,1564.3142591012902,1603.585462363702,1566.017592260695,1564.3142591012902,246.0,163.0,44.3,185.67156964873536,0,14,0.25,0.25,0.25,0.25,-1.7033331594047922,-1.7033331594047922,-1.7033331594047922,-1.7033331594047922
Jan Vacek,1723.0150064169368,1671.847769702228,1720.2792953145422,1888.3651329963072,342.0,101.0,49.0,198.0,0,139,0.6,0.28,0.28,0.3370786516853932,-81.57596670452585,-70.59498874143401,-138.09187261099942,-29.57648543278151
Jay Gooding,1678.6038020999708,1678.6038020999708,1678.6038020999708,1678.6038020999708,708.0,17.0,48.8,188.0,0,10,0.0,0.0,0.0,0.0,0.0,0.0,0.0,0.0
Ahmad Rabeea Muhammad,1317.4892354983183,1308.6389760357235,1381.3939375134592,1317.4892354983183,2000.0,0.0,38.2,185.67156964873536,0,13,0.0,0.3076923076923077,0.3076923076923077,0.3076923076923077,-82.51076450168148,-82.51076450168148,-82.51076450168148,-82.51076450168148
Kyu Tae Im,1405.90002422967,1477.8268756587977,1368.8610045461326,1393.5693528997515,477.0,66.0,44.4,185.0,0,12,0.4,0.3333333333333333,0.3333333333333333,0.3333333333333333,5.9000242296699525,5.9000242296699525,5.9000242296699525,5.9000242296699525
Kevin King,1418.4882349728691,1426.516578309611,1418.4882349728691,1400.0,304.0,154.0,33.8,191.0,1,6,0.2,0.1666666666666666,0.1666666666666666,0.1666666666666666,18.48823497286935,18.48823497286935,18.48823497286935,18.48823497286935
Mike Vermeer,1342.064280733452,1342.064280733452,1342.064280733452,1342.064280733452,1019.0,7.0,32.2,185.67156964873536,0,3,0.0,0.0,0.0,0.0,-57.93571926654795,-57.93571926654795,-57.93571926654795,-57.93571926654795
Revaz Osadze,1400.0,1400.0,1400.0,1400.0,2000.0,0.0,34.5,185.67156964873536,0,0,0.0,0.0,0.0,0.0,0.0,0.0,0.0,0.0
Federico Camacho,1380.9968060416102,1380.9968060416102,1400.0,1380.9968060416102,1328.0,1.0,45.5,185.67156964873536,0,1,0.0,0.0,0.0,0.0,-19.00319395838983,-19.00319395838983,-19.00319395838983,-19.00319395838983
Ben Patael,1375.0,1400.0,1400.0,1375.0,562.0,45.0,27.7,188.0,0,1,0.0,0.0,0.0,0.0,-25.0,-25.0,-25.0,-25.0
Josko Topic,1400.0,1400.0,1400.0,1400.0,605.0,41.0,41.6,185.67156964873536,0,0,0.0,0.0,0.0,0.0,0.0,0.0,0.0,0.0
Antoine Escoffier,1429.3414659277355,1429.3414659277355,1429.3414659277355,1429.3414659277355,172.0,354.0,32.9,185.0,0,0,0.0,0.0,0.0,0.0,0.0,0.0,0.0,0.0
Hiu Tung Yu,1434.0872534673792,1443.7998319579606,1415.8116128961676,1434.0872534673792,2000.0,0.0,41.1,185.67156964873536,1,27,0.4,0.4,0.4444444444444444,0.4444444444444444,82.7003987447838,34.08725346737924,34.08725346737924,34.08725346737924
Alberto Berasategui,1826.418577635707,1909.003872873776,1909.0227871055515,1964.4010494967697,186.0,215.0,51.8,173.0,0,168,0.2,0.2222222222222222,0.2222222222222222,0.2222222222222222,-137.98247186106278,-137.98247186106278,-137.98247186106278,-137.98247186106278
Elmar Gerth,1323.6638914147106,1378.4270051281171,1388.526558393807,1323.6638914147106,2000.0,0.0,54.6,185.67156964873536,0,5,0.0,0.0,0.0,0.0,-76.33610858528937,-76.33610858528937,-76.33610858528937,-76.33610858528937
Ryan Peniston,1500.3111475178107,1423.4182484690082,1500.3111475178107,1526.8206355072443,268.0,207.0,29.6,180.0,1,12,0.2,0.5,0.5,0.5,76.89289904880252,76.89289904880252,76.89289904880252,76.89289904880252
Sebastian Dominguez,1400.0,1400.0,1400.0,1400.0,2000.0,0.0,23.2,185.67156964873536,0,0,0.0,0.0,0.0,0.0,0.0,0.0,0.0,0.0
Johan Nikles,1389.6254993516086,1389.6254993516086,1362.2872722355353,1389.6254993516086,317.0,156.0,28.1,173.0,0,3,0.3333333333333333,0.3333333333333333,0.3333333333333333,0.3333333333333333,-10.374500648391404,-10.374500648391404,-10.374500648391404,-10.374500648391404
Tigran Martirosyan,1375.0,1375.0,1400.0,1375.0,2000.0,0.0,42.0,185.67156964873536,0,1,0.0,0.0,0.0,0.0,-25.0,-25.0,-25.0,-25.0
Simone Bolelli,1780.307359302862,1398.8242656216398,1677.4303555244442,1538.187648594375,187.0,272.0,39.6,183.0,0,290,0.4,0.36,0.42,0.44,-18.72661730765753,-136.78930944096146,-145.99636171033876,-23.85246103896793
Robert Kendrick,1598.8328800487277,1754.087907812098,1586.8309976262376,1628.006095731159,546.0,50.0,45.2,190.0,0,122,0.0,0.28,0.32,0.31,-96.33273899884944,-104.08694835669166,23.71209167094048,-121.5144325801898
Frank Moser,1563.0417695673657,1566.017592260695,1563.0417695673657,1566.017592260695,424.0,71.0,49.0,193.0,0,11,0.0,0.0,0.0,0.0,-2.975822693329519,-2.975822693329519,-2.975822693329519,-2.975822693329519
Amaury Gomez,1400.0,1400.0,1400.0,1400.0,2000.0,0.0,44.3,185.67156964873536,0,0,0.0,0.0,0.0,0.0,0.0,0.0,0.0,0.0
Simon Greul,1726.063461907706,1662.2105399700308,1697.307665580545,1631.7457589668882,125.0,443.0,44.0,185.0,0,126,0.6,0.4,0.36,0.39,-15.405288345595636,43.936102873779646,-70.54220756785458,-27.257691918823184
Vivek Shokeen,1378.6565088898506,1378.6565088898506,1378.6565088898506,1378.6565088898506,733.0,22.0,37.5,185.67156964873536,0,1,0.0,0.0,0.0,0.0,-21.343491110149444,-21.343491110149444,-21.343491110149444,-21.343491110149444
Ayed Zatar,1378.3015130615,1400.0,1381.5055008150582,1378.3015130615,2000.0,0.0,29.4,185.67156964873536,0,3,0.3333333333333333,0.3333333333333333,0.3333333333333333,0.3333333333333333,-21.69848693850008,-21.69848693850008,-21.69848693850008,-21.69848693850008
Christopher Koderisch,1400.0,1400.0,1400.0,1400.0,1355.0,1.0,40.5,180.0,0,0,0.0,0.0,0.0,0.0,0.0,0.0,0.0,0.0
Ivan Vajda,1721.778614518362,1721.778614518362,1721.778614518362,1721.778614518362,240.0,149.0,47.0,185.67156964873536,0,52,0.0,0.0,0.0,0.0,-16.87565695965577,-16.87565695965577,-16.87565695965577,-16.87565695965577
Viacheslav Bielinskyi,1391.701216398386,1391.701216398386,1391.701216398386,1391.701216398386,498.0,81.0,21.1,71.0,0,1,0.0,0.0,0.0,0.0,-8.298783601614105,-8.298783601614105,-8.298783601614105,-8.298783601614105
Laslo Djere,1662.9589071196096,1407.54839196365,1717.9611144393498,1336.3703138265244,141.0,419.0,30.4,188.0,0,292,0.8,0.4,0.5,0.51,-22.094527856891546,-131.03245024233183,-76.6371204143295,-13.14395766114876
Arnaud Di Pasquale,1783.3554681319888,1937.9349446459785,1873.062460578218,1998.3706426192848,228.0,165.0,46.6,185.0,0,395,0.4,0.36,0.3,0.3578947368421052,-112.36782500931304,-126.73185402406808,-185.7670623879808,-215.015174487296
Nicolaas Scholtz,1465.3292388787895,1423.2364753479214,1400.0,1465.3292388787895,325.0,144.0,33.9,185.67156964873536,0,11,0.6,0.4545454545454545,0.4545454545454545,0.4545454545454545,65.32923887878974,65.32923887878974,65.32923887878974,65.32923887878974
George Bastl,1583.5095036368054,1796.714232122261,1832.330408226035,1830.7094837892323,227.0,332.0,49.8,183.0,0,272,0.4,0.32,0.28,0.34,-78.79562913901032,-119.45922053505274,-289.75320352837093,-268.57418598706863
Elias Ymer,1528.6958917955617,1554.5457687335502,1418.716651644731,1376.4394153005294,252.0,219.0,29.5,185.0,0,117,0.4,0.32,0.44,0.37,-98.3030688791082,-71.74514643068346,69.02767742354763,37.25014243140299
Henry Searle,1388.6156852427528,1388.6156852427528,1388.6156852427528,1388.6156852427528,539.0,73.0,19.2,193.0,1,1,0.0,0.0,0.0,0.0,-11.38431475724724,-11.38431475724724,-11.38431475724724,-11.38431475724724
James Auckland,1482.2311828995216,1482.2311828995216,1482.2311828995216,1482.2311828995216,414.0,74.0,45.4,185.67156964873536,0,2,1.0,1.0,1.0,1.0,82.23118289952163,82.23118289952163,82.23118289952163,82.23118289952163
Gonzales Austin,1400.0,1400.0,1400.0,1400.0,2000.0,0.0,32.6,185.67156964873536,1,0,0.0,0.0,0.0,0.0,0.0,0.0,0.0,0.0
Patrick Ciorcila,1400.0,1400.0,1400.0,1400.0,589.0,52.0,28.5,185.67156964873536,0,0,0.0,0.0,0.0,0.0,0.0,0.0,0.0,0.0
Enrique Olivares,1400.0,1400.0,1400.0,1400.0,1103.0,5.0,38.0,186.27336318231923,0,0,0.0,0.0,0.0,0.0,0.0,0.0,0.0,0.0
Michael Mmoh,1644.7211208654244,1715.3501479183246,1361.2641373765466,1366.145055459437,123.0,507.0,27.2,188.0,0,67,0.4,0.52,0.42,0.4029850746268656,93.06186797973125,152.41918373601334,154.7530712564826,244.7211208654244
Adrian Andreev,1414.336372501029,1414.336372501029,1414.336372501029,1414.336372501029,319.0,158.0,24.3,175.0,0,8,0.4,0.25,0.25,0.25,14.336372501029018,14.336372501029018,14.336372501029018,14.336372501029018
Alexander Merino,1400.0,1400.0,1400.0,1400.0,1340.0,4.0,32.4,183.0,1,0,0.0,0.0,0.0,0.0,0.0,0.0,0.0,0.0
Yi Zhou,1379.8780220561357,1403.0992435131204,1400.0,1379.8780220561357,440.0,97.0,20.5,193.0,0,9,0.4,0.3333333333333333,0.3333333333333333,0.3333333333333333,-20.12197794386452,-20.12197794386452,-20.12197794386452,-20.12197794386452
Jae Min Seol,1400.0,1400.0,1400.0,1400.0,2000.0,0.0,35.0,185.67156964873536,0,0,0.0,0.0,0.0,0.0,0.0,0.0,0.0,0.0
Tapio Nurminen,1730.2456543979447,1730.2456543979447,1730.2456543979447,1730.2456543979447,336.0,90.0,49.4,186.27336318231923,0,50,0.0,0.0,0.0,0.0,0.0,0.0,0.0,0.0
Roger Federer,2125.702236158097,2134.2808624174777,1823.7343908744135,2036.837366153913,8.0,4815.0,43.8,185.0,0,1658,0.8,0.72,0.78,0.8,-105.0744919570293,-125.8074788391159,-139.57009350901626,-158.28726701835012
Justin Lunn,1400.0,1400.0,1400.0,1400.0,2000.0,0.0,33.6,185.67156964873536,0,0,0.0,0.0,0.0,0.0,0.0,0.0,0.0,0.0
Michael Agwi,1364.1300382268485,1400.0,1425.0492330724533,1364.1300382268485,487.0,83.0,22.0,193.0,0,2,0.0,0.0,0.0,0.0,-35.869961773151545,-35.869961773151545,-35.869961773151545,-35.869961773151545
Austen Childs,1400.0,1400.0,1400.0,1400.0,2000.0,0.0,36.3,186.27336318231923,0,0,0.0,0.0,0.0,0.0,0.0,0.0,0.0,0.0
Stefan Wauters,1625.538454737985,1625.538454737985,1625.538454737985,1625.538454737985,212.0,182.0,43.0,185.67156964873536,0,10,0.0,0.0,0.0,0.0,0.0,0.0,0.0,0.0
Walid Ahouda,1400.0,1400.0,1400.0,1400.0,1077.0,9.0,21.9,185.67156964873536,0,0,0.0,0.0,0.0,0.0,0.0,0.0,0.0,0.0
Yu Zhang,1388.0114418578926,1363.8737457520856,1388.0114418578926,1388.0114418578926,755.0,13.0,49.4,185.67156964873536,0,9,0.2,0.1111111111111111,0.1111111111111111,0.1111111111111111,-11.988558142107422,-11.988558142107422,-11.988558142107422,-11.988558142107422
Ching Lam,1400.0,1400.0,1400.0,1400.0,2000.0,0.0,25.4,185.67156964873536,0,0,0.0,0.0,0.0,0.0,0.0,0.0,0.0,0.0
Christoffer Konigsfeldt,1385.4586904214625,1385.4586904214625,1385.4586904214625,1385.4586904214625,2000.0,0.0,35.7,185.67156964873536,0,1,0.0,0.0,0.0,0.0,-14.541309578537494,-14.541309578537494,-14.541309578537494,-14.541309578537494
Mohamed Safwat,1488.0567504355106,1389.1170337957328,1496.1131859288462,1400.0,415.0,110.0,34.9,180.0,0,39,0.8,0.48,0.3846153846153846,0.3846153846153846,128.46474301765966,91.85438477399202,88.0567504355106,88.0567504355106
Carl Soderlund,1425.0,1425.0,1425.0,1425.0,479.0,79.0,28.1,188.0,0,1,1.0,1.0,1.0,1.0,25.0,25.0,25.0,25.0
Paul Kilderry,1717.5539364701235,1728.68704228651,1717.5539364701235,1740.9400905390753,263.0,122.0,52.2,175.0,0,52,0.0,0.0,0.0,0.0,-23.386154068951782,-23.386154068951782,-23.386154068951782,-23.386154068951782
Martin Rmus,1400.0,1400.0,1400.0,1400.0,2000.0,0.0,38.3,185.67156964873536,0,0,0.0,0.0,0.0,0.0,0.0,0.0,0.0,0.0
Slah Mbarek,1400.0,1400.0,1400.0,1400.0,1832.0,1.0,36.1,185.67156964873536,0,0,0.0,0.0,0.0,0.0,0.0,0.0,0.0,0.0
Julian Lenz,1397.1222070200376,1400.0,1400.0,1397.1222070200376,270.0,162.0,32.5,188.0,0,1,0.0,0.0,0.0,0.0,-2.8777929799623507,-2.8777929799623507,-2.8777929799623507,-2.8777929799623507
Gabi Adrian Boitan,1393.6593944081174,1400.0,1400.0,1393.6593944081174,364.0,136.0,26.1,185.0,0,1,0.0,0.0,0.0,0.0,-6.34060559188265,-6.34060559188265,-6.34060559188265,-6.34060559188265
Davin Russell,1400.0,1400.0,1400.0,1400.0,2000.0,0.0,40.9,185.67156964873536,0,0,0.0,0.0,0.0,0.0,0.0,0.0,0.0,0.0
Rhyne Williams,1521.519277863657,1477.9270124849304,1474.578770856187,1393.2207923578865,220.0,221.0,33.7,185.0,0,24,0.4,0.2916666666666667,0.2916666666666667,0.2916666666666667,105.53582233275392,121.51927786365697,121.51927786365697,121.51927786365697
Tzvetan Mihov,1384.2081301034782,1400.0,1384.2081301034782,1384.2081301034782,2000.0,0.0,34.3,185.67156964873536,0,1,0.0,0.0,0.0,0.0,-15.791869896521805,-15.791869896521805,-15.791869896521805,-15.791869896521805
Carlos Drada,1400.0,1400.0,1400.0,1400.0,2000.0,0.0,50.4,186.27336318231923,1,0,0.0,0.0,0.0,0.0,0.0,0.0,0.0,0.0
Miljan Zekic,1383.3686626096237,1383.3686626096237,1428.8061728840034,1383.3686626096237,316.0,152.0,37.0,185.0,0,1,0.0,0.0,0.0,0.0,-16.63133739037653,-16.63133739037653,-16.63133739037653,-16.63133739037653
Alex Fairbanks,1400.0,1400.0,1400.0,1400.0,2000.0,0.0,28.9,185.67156964873536,0,0,0.0,0.0,0.0,0.0,0.0,0.0,0.0,0.0
Alex Bolt,1569.8612258673622,1611.9808942246682,1569.8612258673622,1377.0725986725065,210.0,292.0,32.5,183.0,1,46,0.4,0.4,0.3478260869565217,0.3478260869565217,-1.7639808442065714,247.7906595814152,134.31438028167167,134.31438028167167
Mantas Bugailiskis,1400.0,1400.0,1400.0,1400.0,2000.0,0.0,28.7,186.27336318231923,0,0,0.0,0.0,0.0,0.0,0.0,0.0,0.0,0.0
James Mccabe,1350.155999657392,1364.6172982361093,1350.155999657392,1400.0,302.0,172.0,22.2,188.0,0,3,0.0,0.0,0.0,0.0,-49.84400034260807,-49.84400034260807,-49.84400034260807,-49.84400034260807
Boy Westerhof,1400.0,1400.0,1400.0,1400.0,236.0,195.0,39.7,185.67156964873536,0,0,0.0,0.0,0.0,0.0,0.0,0.0,0.0,0.0
Rodolphe Cadart,1803.8603837444468,1839.0291638561828,1800.8758679952427,1800.8758679952427,2000.0,0.0,47.2,183.0,1,56,0.4,0.3333333333333333,0.3333333333333333,0.3333333333333333,2.984515749204093,2.984515749204093,2.984515749204093,2.984515749204093
Joel Schwaerzler,1388.0259950656816,1400.0,1400.0,1388.0259950656816,347.0,141.0,19.7,188.0,1,1,0.0,0.0,0.0,0.0,-11.974004934318373,-11.974004934318373,-11.974004934318373,-11.974004934318373
Marin Draganja,1400.0,1400.0,1400.0,1400.0,2000.0,0.0,34.3,185.0,0,0,0.0,0.0,0.0,0.0,0.0,0.0,0.0,0.0
Michael Lammer,1538.5264412697543,1638.2934586953195,1536.9114136603373,1538.5264412697543,576.0,53.0,42.9,185.0,0,40,0.2,0.24,0.2333333333333333,0.2333333333333333,0.7417897564719169,-74.47898496868447,-74.47898496868447,-74.47898496868447
Sergio Gutierrez Ferrol,1410.739623581937,1410.739623581937,1447.029158594229,1410.739623581937,544.0,52.0,36.0,186.27336318231923,0,2,0.5,0.5,0.5,0.5,10.73962358193694,10.73962358193694,10.73962358193694,10.73962358193694
David Goffin,1788.8875596636822,1551.6723521095987,1533.7836948464517,1501.807983222011,54.0,980.0,34.8,180.0,0,601,0.8,0.56,0.46,0.5,189.16319574473755,98.47078632080684,8.34556325588892,71.97196597316133
Matija Pecotic,1400.0,1440.4511439826315,1400.0,1400.0,784.0,24.0,35.6,185.0,1,0,0.0,0.0,0.0,0.0,0.0,0.0,0.0,0.0
Antoine Breikeh,1400.0,1400.0,1400.0,1400.0,2000.0,0.0,36.5,185.67156964873536,0,0,0.0,0.0,0.0,0.0,0.0,0.0,0.0,0.0
Minh Quan Do,1393.6051394159535,1400.0,1393.6051394159535,1393.6051394159535,2000.0,0.0,41.2,186.27336318231923,0,1,0.0,0.0,0.0,0.0,-6.394860584046455,-6.394860584046455,-6.394860584046455,-6.394860584046455
Jack Brasington,1478.8875536426813,1437.481749916245,1447.2879144388444,1400.0,175.0,204.0,48.6,188.0,0,9,0.0,0.2222222222222222,0.2222222222222222,0.2222222222222222,78.88755364268127,78.88755364268127,78.88755364268127,78.88755364268127
Hyung Taik Lee,1731.7789194009067,1797.237200645986,1777.993927876774,1848.361632996104,153.0,466.0,49.5,180.0,0,351,0.4,0.4,0.48,0.48,-192.3343633488644,-227.59001830171545,-161.31548463489798,-182.11007745736583
Moez Echargui,1396.9786278741087,1373.3516388590333,1400.0,1396.9786278741087,382.0,127.0,32.5,178.0,0,2,0.5,0.5,0.5,0.5,-3.021372125891276,-3.021372125891276,-3.021372125891276,-3.021372125891276
Yannick Maden,1557.3389256942537,1496.9699274082798,1475.4146072465535,1391.6717806138502,131.0,404.0,35.2,185.0,0,25,0.4,0.36,0.36,0.36,109.89359197857856,157.3389256942537,157.3389256942537,157.3389256942537
Justin Engel,1400.0,1430.327700950142,1400.0,1400.0,458.0,91.0,18.0,186.27336318231923,0,0,0.0,0.0,0.0,0.0,0.0,0.0,0.0,0.0
Mario Ancic,2195.536457099211,1693.6087413855198,1786.676994696086,1822.4364514771808,422.0,79.0,41.0,196.0,0,352,0.4,0.6,0.6,0.62,-24.82871350600544,-113.64578693457544,-140.91622288932194,-156.96995766560894
Omar Hedayet,1423.1496213054709,1423.1496213054709,1423.1496213054709,1423.1496213054709,1284.0,6.0,39.7,186.27336318231923,0,1,1.0,1.0,1.0,1.0,23.149621305470877,23.149621305470877,23.149621305470877,23.149621305470877
Pedro Martinez,1579.796314034083,1435.0411002643073,1602.355346749878,1368.0492307937866,42.0,1270.0,28.5,185.0,0,158,0.2,0.32,0.4,0.41,-2.227370939450111,8.803477438937307,-33.0494347567751,-143.5350278648932
Hee Sung Chung,1641.1817415046075,1641.1817415046075,1641.1817415046075,1641.1817415046075,722.0,14.0,48.1,185.67156964873536,0,10,0.0,0.0,0.0,0.0,0.0,0.0,0.0,0.0
Mark Chigaazira,1400.0,1400.0,1400.0,1400.0,1322.0,3.0,26.9,185.67156964873536,0,0,0.0,0.0,0.0,0.0,0.0,0.0,0.0,0.0
Ayrton Wibowo,1354.660559289888,1354.660559289888,1354.660559289888,1354.660559289888,1356.0,4.0,36.8,185.67156964873536,0,2,0.0,0.0,0.0,0.0,-45.33944071011206,-45.33944071011206,-45.33944071011206,-45.33944071011206
Yu Jr Wang,1400.7896916951015,1549.3536781426676,1572.9225841206053,1527.7986595220673,548.0,45.0,44.1,186.27336318231923,1,31,0.0,0.238095238095238,0.238095238095238,0.238095238095238,-154.0560251273871,-172.13289242550354,-172.13289242550354,-172.13289242550354
Julien Mathieu,1566.017592260695,1566.017592260695,1566.017592260695,1566.017592260695,981.0,8.0,43.5,185.67156964873536,0,10,0.0,0.0,0.0,0.0,0.0,0.0,0.0,0.0
Tomas Machac,1891.4898441128523,1793.8545714503812,1549.2690027260742,1380.113900169287,25.0,1758.0,25.0,183.0,0,89,0.6,0.56,0.58,0.550561797752809,121.60792922925202,95.77469503344378,179.59416642295173,491.4898441128523
Ian Flanagan,1400.0,1400.0,1400.0,1495.30015244566,866.0,10.0,43.3,186.27336318231923,0,0,0.0,0.0,0.0,0.0,0.0,0.0,0.0,0.0
Oleksandr Ovcharenko,1400.0,1400.0,1400.0,1400.0,416.0,107.0,23.8,185.0,0,0,0.0,0.0,0.0,0.0,0.0,0.0,0.0,0.0
Mikk Irdoja,1400.0,1400.0,1400.0,1400.0,2000.0,0.0,37.9,185.67156964873536,0,0,0.0,0.0,0.0,0.0,0.0,0.0,0.0,0.0
Bjorn Rehnquist,1684.0931678250083,1677.5849112192368,1722.7800156598323,1684.0931678250083,191.0,442.0,47.0,175.0,0,63,0.4,0.3076923076923077,0.3076923076923077,0.3076923076923077,-28.004721962478925,-28.004721962478925,-28.004721962478925,-28.004721962478925
Juan Carlos Fuentes Vasquez,1425.0,1400.0,1400.0,1425.0,2000.0,0.0,19.9,185.67156964873536,0,1,1.0,1.0,1.0,1.0,25.0,25.0,25.0,25.0
Simon Carr,1357.1222346737056,1357.1222346737056,1357.1222346737056,1357.1222346737056,767.0,23.0,25.8,183.0,0,2,0.0,0.0,0.0,0.0,-42.877765326294366,-42.877765326294366,-42.877765326294366,-42.877765326294366
Arsenije Zlatanovic,1400.0,1400.0,1400.0,1400.0,1421.0,4.0,35.4,193.0,0,0,0.0,0.0,0.0,0.0,0.0,0.0,0.0,0.0
Edouard Roger Vasselin,1678.935043192506,1521.4132036161732,1564.7790657696696,1458.6249672036502,128.0,436.0,41.9,188.0,0,36,0.2,0.24,0.3333333333333333,0.3333333333333333,60.94878739781871,229.9768822149806,259.08656171341,259.08656171341
Syed Mohd Agil Syed Naguib,1400.0,1400.0,1400.0,1400.0,2000.0,0.0,31.0,185.67156964873536,0,0,0.0,0.0,0.0,0.0,0.0,0.0,0.0,0.0
Martins Rocens,1375.5364778957933,1375.5364778957933,1375.5364778957933,1375.5364778957933,1763.0,1.0,24.8,185.0,0,1,0.0,0.0,0.0,0.0,-24.46352210420673,-24.46352210420673,-24.46352210420673,-24.46352210420673
Claude Ngoran,1619.6449349971256,1639.282592248334,1693.192599218521,1619.6449349971256,2000.0,0.0,50.3,190.0,1,29,0.4,0.631578947368421,0.631578947368421,0.631578947368421,-23.699318302534493,-23.699318302534493,-23.699318302534493,-23.699318302534493
Matthew Prentice,1400.0,1400.0,1400.0,1400.0,2000.0,0.0,44.5,185.67156964873536,0,0,0.0,0.0,0.0,0.0,0.0,0.0,0.0,0.0
Gianluca Pozzi,1820.0093385490463,1846.972899512402,1842.5302517952864,1950.6558122255155,122.0,333.0,60.3,180.0,1,229,0.2,0.2,0.32,0.430379746835443,-176.4610765651264,-224.2752753531695,-223.52952557352685,-88.05230537104399
Cecil Mamiit,1448.132544814462,1779.618827518134,1780.2355447897005,1828.517990519981,2000.0,0.0,49.2,173.0,0,268,0.2,0.48,0.34,0.35,-234.61638220208147,-267.8036076601088,-377.7799206332609,-430.40362333365374
John Doran,1650.5625586792255,1672.9654320593306,1617.497312661606,1650.5625586792255,2000.0,0.0,47.1,185.67156964873536,0,18,0.6,0.625,0.625,0.625,5.388382818295668,5.388382818295668,5.388382818295668,5.388382818295668
Lukas Mugevicius,1321.22844076237,1369.4469717556676,1340.9356439003127,1321.22844076237,405.0,109.0,30.3,188.0,0,11,0.2,0.2727272727272727,0.2727272727272727,0.2727272727272727,-78.77155923763007,-78.77155923763007,-78.77155923763007,-78.77155923763007
Denis Golovanov,1626.111093519251,1645.913402494053,1626.111093519251,1645.913402494053,729.0,16.0,46.5,188.0,1,14,0.0,0.0,0.0,0.0,-19.80230897480192,-19.80230897480192,-19.80230897480192,-19.80230897480192
Mohamed Wafa,1566.017592260695,1566.017592260695,1566.017592260695,1566.017592260695,1138.0,4.0,47.4,186.27336318231923,0,10,0.0,0.0,0.0,0.0,0.0,0.0,0.0,0.0
Pablo Carreno Busta,1797.9182703371278,1662.3763080612582,1692.5806149929508,1284.9858326946994,203.0,287.0,34.2,188.0,0,498,0.4,0.48,0.56,0.57,-89.55460803544747,-147.49288814469332,-61.19887166116246,-252.10701889516872
Bob Bryan,1801.8936612418304,1773.979169527192,1800.6768633162346,1877.9706673482667,2000.0,0.0,47.1,193.0,1,96,0.4,0.32,0.3478260869565217,0.3478260869565217,-3.789972829748877,-62.60797617871367,-25.1949241522816,-25.1949241522816
Jesse Huta Galung,1457.4858180834124,1419.0545749488006,1446.201591310994,1408.7146329221464,436.0,92.0,39.9,188.0,0,41,0.2,0.24,0.2195121951219512,0.2195121951219512,-13.089531290065452,5.520900647801227,57.48581808341237,57.48581808341237
Christophe Rochus,1442.2187694093238,1759.4919478162744,1840.4975687720575,1653.6987854706233,160.0,302.0,46.5,170.0,0,382,0.0,0.12,0.3,0.29,-149.18220671073755,-233.5009459498497,-189.5852076562576,-367.54140249118495
Noam Behr,1807.711805149316,1812.8964999469256,1770.1092127376785,1807.711805149316,130.0,301.0,49.9,188.0,1,59,0.6,0.4444444444444444,0.4444444444444444,0.4444444444444444,37.60259241163749,37.60259241163749,37.60259241163749,37.60259241163749
Jesus Bandres,1366.6450320313274,1366.6450320313274,1366.6450320313274,1366.6450320313274,1644.0,1.0,34.1,185.67156964873536,0,2,0.0,0.0,0.0,0.0,-33.354967968672554,-33.354967968672554,-33.354967968672554,-33.354967968672554
Dieter Kindlmann,1540.3451425241838,1550.5800064034963,1556.640462528786,1540.3451425241838,162.0,297.0,42.9,183.0,0,21,0.0,0.0909090909090909,0.0909090909090909,0.0909090909090909,-25.672449736511226,-25.672449736511226,-25.672449736511226,-25.672449736511226
Finn Reynolds,1400.0,1400.0,1400.0,1400.0,2000.0,0.0,25.6,185.0,1,0,0.0,0.0,0.0,0.0,0.0,0.0,0.0,0.0
Ross Hutchins,1400.0,1400.0,1400.0,1400.0,2000.0,0.0,39.9,190.0,0,0,0.0,0.0,0.0,0.0,0.0,0.0,0.0,0.0
Jose Antonio Sanchez De Luna,1396.8893437452418,1396.8893437452418,1396.8893437452418,1396.8893437452418,304.0,117.0,40.5,185.67156964873536,0,2,0.0,0.0,0.0,0.0,-3.110656254758169,-3.110656254758169,-3.110656254758169,-3.110656254758169
Duje Ajdukovic,1476.558875594085,1413.4289249539577,1474.6861895838656,1476.558875594085,115.0,506.0,24.7,188.0,0,15,0.6,0.4,0.4,0.4,76.55887559408507,76.55887559408507,76.55887559408507,76.55887559408507
Hsien Yin Peng,1388.4096806541595,1388.4096806541595,1388.4096806541595,1388.4096806541595,2000.0,0.0,35.1,180.0,0,1,0.0,0.0,0.0,0.0,-11.590319345840498,-11.590319345840498,-11.590319345840498,-11.590319345840498
Michael Llodra,1735.933915615706,1789.6857327207454,1670.4840579975366,1863.055989137897,192.0,256.0,45.2,190.0,1,458,0.4,0.36,0.42,0.44,-146.12182293183673,-142.0073537433509,-133.56311211140974,-184.75956987209813
Jamie Murray,1400.0,1400.0,1400.0,1400.0,1507.0,1.0,39.1,190.0,1,0,0.0,0.0,0.0,0.0,0.0,0.0,0.0,0.0
Lovro Zovko,1747.5174038099858,1736.5222525987383,1731.016779862112,1747.5174038099858,2000.0,0.0,44.1,190.0,0,61,0.4,0.4545454545454545,0.4545454545454545,0.4545454545454545,23.83069331565912,23.83069331565912,23.83069331565912,23.83069331565912
Michael Yani,1419.1555327449307,1351.0845361706106,1378.2294789081384,1506.0687729542717,238.0,198.0,44.7,185.0,0,15,0.0,0.2,0.2,0.2,19.155532744930724,19.155532744930724,19.155532744930724,19.155532744930724
Nikolay Davydenko,1713.4607465171584,1845.3889243130868,1655.9696067451705,1349.5677862374116,92.0,610.0,43.9,178.0,0,831,0.2,0.4,0.42,0.47,-95.25850214299136,-104.42372870505052,-175.5348524011124,-177.9957400673859
Pfungwa Mahefu,1380.3294533984465,1380.3294533984465,1380.3294533984465,1380.3294533984465,2000.0,0.0,42.9,185.67156964873536,0,1,0.0,0.0,0.0,0.0,-19.670546601553724,-19.670546601553724,-19.670546601553724,-19.670546601553724
Jamie Delgado,1681.930424694765,1783.615738443117,1808.9642675418163,1781.5195174000578,437.0,63.0,48.3,178.0,0,89,0.2,0.2,0.2564102564102564,0.2564102564102564,-166.94786031329568,-168.1889687948567,-156.02181249568002,-156.02181249568002
Haluk Akkoyun,1373.921333347443,1375.7879546719385,1373.921333347443,1373.921333347443,1078.0,6.0,43.9,185.67156964873536,0,1,0.0,0.0,0.0,0.0,-26.07866665255733,-26.07866665255733,-26.07866665255733,-26.07866665255733
Theodoros Angelinos,1414.5459362543038,1414.5459362543038,1414.5459362543038,1414.5459362543038,280.0,165.0,40.8,185.67156964873536,0,3,0.3333333333333333,0.3333333333333333,0.3333333333333333,0.3333333333333333,14.545936254303797,14.545936254303797,14.545936254303797,14.545936254303797
Riccardo Bellotti,1407.1109497722305,1407.1109497722305,1407.1109497722305,1407.1109497722305,204.0,261.0,33.7,185.67156964873536,0,0,0.0,0.0,0.0,0.0,0.0,0.0,0.0,0.0
Sarp Agabigun,1400.0,1400.0,1400.0,1400.0,867.0,17.0,27.6,178.0,0,0,0.0,0.0,0.0,0.0,0.0,0.0,0.0,0.0
Alex Obrien,1823.8568412672955,1816.869424606724,1823.8568412672955,1840.4028739136731,316.0,93.0,55.4,185.0,0,60,0.2,0.3,0.3,0.3,-16.54603264637808,-16.54603264637808,-16.54603264637808,-16.54603264637808
Jacob Adaktusson,1665.0433926774226,1665.0433926774226,1665.0433926774226,1665.0433926774226,265.0,133.0,44.3,193.0,0,10,0.0,0.0,0.0,0.0,0.0,0.0,0.0,0.0
Sebastian Baez,1672.0746453730446,1332.1435334951443,1822.7544140344944,1341.4393093116696,27.0,1690.0,24.8,170.0,0,178,0.0,0.36,0.52,0.53,-34.49382902698039,-128.36550488553848,-56.57579452770233,15.014803824510864
Vaclav Safranek,1390.9014607211216,1401.8211935085612,1403.334211579824,1390.9014607211216,233.0,227.0,30.8,183.0,0,2,0.0,0.0,0.0,0.0,-12.432750858702548,-12.432750858702548,-12.432750858702548,-12.432750858702548
Nicholas Campbell,1400.0,1400.0,1400.0,1400.0,2000.0,0.0,25.5,185.67156964873536,0,0,0.0,0.0,0.0,0.0,0.0,0.0,0.0,0.0
Jean Segodo,1400.0,1400.0,1400.0,1400.0,2000.0,0.0,36.3,185.67156964873536,0,0,0.0,0.0,0.0,0.0,0.0,0.0,0.0,0.0
Mario Radic,1636.5490336830585,1636.5490336830585,1672.0180556918738,1636.5490336830585,315.0,95.0,43.5,188.0,0,14,0.25,0.25,0.25,0.25,13.36667108103643,13.36667108103643,13.36667108103643,13.36667108103643
Shendrit Deari,1400.0,1400.0,1400.0,1400.0,2000.0,0.0,36.5,185.67156964873536,0,0,0.0,0.0,0.0,0.0,0.0,0.0,0.0,0.0
Mohammad Ghareeb,1614.1664639408896,1528.6026911913668,1509.7703052957168,1614.1664639408896,2000.0,0.0,44.5,186.27336318231923,0,42,0.6,0.6,0.6428571428571429,0.6428571428571429,-28.56870799157241,67.62898867826743,214.1664639408896,214.1664639408896
Oliver Gross,1821.8022719393448,1842.0626204936616,1837.608364901345,1842.0626204936616,357.0,77.0,52.0,185.0,0,61,0.2,0.2727272727272727,0.2727272727272727,0.2727272727272727,-20.260348554317037,-20.260348554317037,-20.260348554317037,-20.260348554317037
Konstantinos Mikos,1400.0,1400.0,1400.0,1400.0,1293.0,3.0,33.4,185.67156964873536,0,0,0.0,0.0,0.0,0.0,0.0,0.0,0.0,0.0
Alessandro Camarco,1400.0,1400.0,1400.0,1400.0,540.0,35.0,43.4,185.67156964873536,0,0,0.0,0.0,0.0,0.0,0.0,0.0,0.0,0.0
Ilija Bozoljac,1548.751566071837,1345.8991033224934,1477.8234267982052,1454.9224451124387,268.0,170.0,39.4,193.0,0,30,0.2,0.28,0.3666666666666666,0.3666666666666666,-29.036051239836752,148.75156607183703,148.75156607183703,148.75156607183703
Magloire Yakpa,1400.0,1400.0,1400.0,1400.0,2000.0,0.0,33.2,185.67156964873536,0,0,0.0,0.0,0.0,0.0,0.0,0.0,0.0,0.0
Robin Kern,1393.1598564394926,1393.1598564394926,1393.1598564394926,1393.1598564394926,392.0,98.0,31.7,188.0,0,2,0.0,0.0,0.0,0.0,-6.840143560507386,-6.840143560507386,-6.840143560507386,-6.840143560507386
Aljaz Bedene,1618.7369493301796,1502.9007362033703,1554.3719170742702,1410.8690776329356,330.0,140.0,36.1,181.0,0,298,0.0,0.32,0.4,0.47,-144.89330262015983,-173.05904750583886,-193.8207821230133,-171.87734136088034
Reilly Opelka,1712.3643794060256,1726.9865604348474,1448.9822717003203,1374.194106107596,309.0,167.0,28.0,211.0,0,187,0.4,0.44,0.56,0.51,-98.58285133646268,-125.71164233111926,-15.135695315971134,-95.81593945735337
Raoul Behr,1307.260479319442,1347.9357755715423,1367.0631346923087,1307.260479319442,2000.0,0.0,48.7,185.67156964873536,0,6,0.0,0.0,0.0,0.0,-92.73952068055814,-92.73952068055814,-92.73952068055814,-92.73952068055814
Sultan Khalfan,1383.979939341409,1383.979939341409,1383.979939341409,1383.979939341409,1116.0,5.0,47.7,185.67156964873536,0,5,0.0,0.0,0.0,0.0,-16.020060658591092,-16.020060658591092,-16.020060658591092,-16.020060658591092
Frederick Sundsten,1400.0,1400.0,1400.0,1400.0,2000.0,0.0,46.3,185.67156964873536,0,0,0.0,0.0,0.0,0.0,0.0,0.0,0.0,0.0
Alejandro Gomez Gb42,1400.0,1400.0,1400.0,1400.0,698.0,34.0,33.9,188.0,0,0,0.0,0.0,0.0,0.0,0.0,0.0,0.0,0.0
Eric Quigley,1400.0,1400.0,1400.0,1400.0,463.0,82.0,36.0,185.0,0,0,0.0,0.0,0.0,0.0,0.0,0.0,0.0,0.0
Alexandre Sidorenko,1473.323436524501,1385.102366095114,1458.3558232419562,1473.323436524501,255.0,205.0,37.5,185.0,0,12,0.4,0.3333333333333333,0.3333333333333333,0.3333333333333333,73.32343652450095,73.32343652450095,73.32343652450095,73.32343652450095
Luis Patino,1380.0104190629309,1425.7789490556725,1359.3711875059769,1380.0104190629309,983.0,12.0,31.4,183.0,0,9,0.6,0.3333333333333333,0.3333333333333333,0.3333333333333333,-19.98958093706915,-19.98958093706915,-19.98958093706915,-19.98958093706915
Adrian Menendez Maceiras,1400.3762160910985,1495.2587008213095,1379.4085388574667,1417.2700922167887,139.0,408.0,39.4,185.0,0,22,0.0,0.2272727272727272,0.2272727272727272,0.2272727272727272,18.645900358221752,-1.7230256302764246,-1.7230256302764246,-1.7230256302764246
Robin Vik,1702.618629245737,1725.6350151251438,1715.9113824573033,1662.9048103027346,378.0,154.0,45.2,183.0,0,107,0.2,0.28,0.34,0.3508771929824561,-107.82744882534416,-135.87706342598358,-43.08703368787678,3.1344042527373404
Marko Topo,1356.7610064865066,1356.7610064865066,1356.7610064865066,1356.7610064865066,320.0,165.0,21.5,185.0,0,4,0.0,0.0,0.0,0.0,-43.23899351349337,-43.23899351349337,-43.23899351349337,-43.23899351349337
Troy Stone,1393.762883484649,1393.762883484649,1393.762883484649,1393.762883484649,2000.0,0.0,44.8,185.67156964873536,0,1,0.0,0.0,0.0,0.0,-6.2371165153513175,-6.2371165153513175,-6.2371165153513175,-6.2371165153513175
Alexandar Lazarov,1433.7571911595996,1405.969292452878,1400.0,1433.7571911595996,709.0,38.0,27.9,191.0,0,11,0.4,0.3636363636363636,0.3636363636363636,0.3636363636363636,33.75719115959964,33.75719115959964,33.75719115959964,33.75719115959964
Marc Kevin Goellner,1808.169498702685,1775.6401724109155,1793.8820017100354,1744.0869444344655,453.0,53.0,54.8,196.0,0,73,0.2,0.3478260869565217,0.3478260869565217,0.3478260869565217,83.7857988952901,61.33300176466878,61.33300176466878,61.33300176466878
Guillermo Coria,1799.983143173906,1693.3943305569214,1899.59299419468,1557.4759684072574,564.0,41.0,43.4,175.0,0,344,0.2,0.32,0.38,0.57,-317.34957871358233,-420.6993569914023,-518.9408251952921,-506.57895811121057
Markos Kalovelonis,1429.6076034826328,1429.6076034826328,1400.0,1429.6076034826328,690.0,34.0,30.8,191.0,0,1,1.0,1.0,1.0,1.0,29.60760348263284,29.60760348263284,29.60760348263284,29.60760348263284
Sergis Kyratzis,1284.372840982498,1349.695336214196,1387.005335252643,1284.372840982498,1574.0,2.0,29.8,186.27336318231923,1,7,0.0,0.0,0.0,0.0,-115.62715901750198,-115.62715901750198,-115.62715901750198,-115.62715901750198
Alejandro Mendoza,1400.0,1400.0,1400.0,1400.0,1290.0,4.0,34.9,183.0,0,0,0.0,0.0,0.0,0.0,0.0,0.0,0.0,0.0
Thiago Alves,1544.102907145044,1529.4832664376038,1575.5492438344768,1593.7105588083546,141.0,390.0,42.6,178.0,0,42,0.0,0.16,0.21875,0.21875,-59.39084936051631,-37.57449576601857,-37.57449576601857,-37.57449576601857
Clement Chidekh,1400.0,1400.0,1400.0,1400.0,434.0,101.0,23.6,180.0,0,0,0.0,0.0,0.0,0.0,0.0,0.0,0.0,0.0
Jun Kato,1660.6121068788411,1660.6121068788411,1660.6121068788411,1660.6121068788411,503.0,38.0,44.2,173.0,0,10,0.0,0.0,0.0,0.0,0.0,0.0,0.0,0.0
Federico Luzzi,1780.2180582925307,1700.7610985034576,1806.0924867230492,1780.2180582925307,111.0,385.0,45.5,188.0,0,97,0.4,0.28,0.3829787234042553,0.3829787234042553,-63.29240764049064,-105.7510698417027,40.80629430536192,40.80629430536192
Carlos Alcaraz,2279.267019328984,1709.4125783644122,1823.6204562263488,1491.6965812623423,3.0,7010.0,22.5,183.0,0,264,0.4,0.72,0.8,0.79,-56.10088160214673,-28.663761285540204,-31.42413405776369,-38.96826804421926
Rainer Eitzinger,1525.1309432826065,1438.2940318817184,1495.8123905855634,1525.1309432826065,263.0,140.0,41.8,178.0,0,9,0.4,0.4444444444444444,0.4444444444444444,0.4444444444444444,125.13094328260628,125.13094328260628,125.13094328260628,125.13094328260628
Greg Rusedski,1768.0195295852716,2039.5072468401545,1886.2420182658848,2201.306496934547,136.0,310.0,52.0,193.0,1,591,0.2,0.32,0.5,0.54,-135.25438931049734,-209.32333637172,-116.37396759593936,-180.1392634262204
Luis Perez Chete,1457.4936867542783,1457.4936867542783,1457.4936867542783,1457.4936867542783,2000.0,0.0,54.4,185.67156964873536,0,5,0.6,0.6,0.6,0.6,57.49368675427832,57.49368675427832,57.49368675427832,57.49368675427832
Harry Bourchier,1427.7068677143388,1400.0,1427.7068677143388,1427.7068677143388,324.0,138.0,29.0,185.0,0,1,1.0,1.0,1.0,1.0,27.70686771433884,27.70686771433884,27.70686771433884,27.70686771433884
Arnaud Clement,1572.865950215415,1882.3698368295156,1789.2092091965244,1943.610395748519,139.0,400.0,47.4,173.0,0,689,0.4,0.32,0.38,0.38,-67.02838506156536,-110.83511938670743,-129.01158905984676,-156.68972493889532
Andres Artunedo Martinavarro,1400.0,1400.0,1400.0,1400.0,340.0,126.0,31.3,185.67156964873536,0,0,0.0,0.0,0.0,0.0,0.0,0.0,0.0,0.0
Matic Kriznik,1414.3192473396482,1400.0,1400.0,1414.3192473396482,1274.0,5.0,19.4,185.67156964873536,1,2,0.5,0.5,0.5,0.5,14.3192473396482,14.3192473396482,14.3192473396482,14.3192473396482
Sergi Bruguera,1869.1582148880905,1719.5186913898265,1904.241989096444,1727.4436465217018,140.0,285.0,54.2,188.0,0,121,0.2,0.36,0.46,0.4647887323943662,-137.16736526235286,-78.73902164013361,-15.965011202606547,141.71456836638845
Henrik Sillanpaa,1378.271918190928,1378.271918190928,1378.271918190928,1378.271918190928,505.0,70.0,34.2,185.0,0,1,0.0,0.0,0.0,0.0,-21.728081809072137,-21.728081809072137,-21.728081809072137,-21.728081809072137
Gianluigi Quinzi,1425.3139368947873,1394.3009454080045,1440.0789569706028,1425.3139368947873,294.0,166.0,29.7,191.0,1,3,0.3333333333333333,0.3333333333333333,0.3333333333333333,0.3333333333333333,25.313936894787275,25.313936894787275,25.313936894787275,25.313936894787275
Yanaki Milev,1372.6469586967926,1400.0,1410.3669165945296,1372.6469586967926,445.0,97.0,21.4,180.0,0,2,0.0,0.0,0.0,0.0,-27.35304130320742,-27.35304130320742,-27.35304130320742,-27.35304130320742
Mats Moraing,1431.581666732482,1431.581666732482,1400.0,1400.0,253.0,241.0,32.9,198.0,1,2,0.5,0.5,0.5,0.5,31.581666732482063,31.581666732482063,31.581666732482063,31.581666732482063
Li Tu,1318.7712960495628,1340.421059157551,1318.7712960495628,1401.8719861865825,191.0,304.0,29.3,183.0,0,9,0.0,0.1111111111111111,0.1111111111111111,0.1111111111111111,-81.2287039504372,-81.2287039504372,-81.2287039504372,-81.2287039504372
George Kallis,1400.0,1400.0,1400.0,1400.0,2000.0,0.0,37.8,185.67156964873536,0,0,0.0,0.0,0.0,0.0,0.0,0.0,0.0,0.0
Yannick Mertens,1412.1653512450598,1412.1653512450598,1412.1653512450598,1412.1653512450598,208.0,237.0,38.3,185.0,0,2,0.5,0.5,0.5,0.5,12.16535124505981,12.16535124505981,12.16535124505981,12.16535124505981
Emilio Gomez,1502.540485329013,1470.306771136393,1457.698945758454,1502.540485329013,307.0,175.0,33.1,185.0,0,53,0.4,0.32,0.44,0.4339622641509434,-13.80423137111461,-40.0315290916335,81.81395543258213,102.54048532901334
Hugo Nys,1380.0318967758526,1400.0,1400.0,1380.0318967758526,2000.0,0.0,34.5,185.0,0,1,0.0,0.0,0.0,0.0,-19.9681032241474,-19.9681032241474,-19.9681032241474,-19.9681032241474
Flavio Cobolli,1848.7502327100808,1684.6043316051034,1576.1865748477096,1381.08600974938,31.0,1482.0,23.4,183.0,0,78,0.6,0.64,0.56,0.5256410256410257,106.40210498575038,135.62733015519848,221.1828194162813,448.7502327100808
Christopher Oconnell,1603.3990863987494,1621.8693702823666,1385.701426766806,1421.7939272723504,71.0,765.0,31.4,183.0,0,114,0.2,0.36,0.4,0.42,-121.2756811456618,-8.293052133819401,-91.48920571301392,207.82789419208484
Rodrigo Banzer,1380.6926518343375,1400.0,1400.0,1380.6926518343375,2000.0,0.0,28.0,186.27336318231923,0,1,0.0,0.0,0.0,0.0,-19.30734816566246,-19.30734816566246,-19.30734816566246,-19.30734816566246
Vitaliy Pavlov,1400.0,1400.0,1400.0,1400.0,2000.0,0.0,40.9,185.67156964873536,0,0,0.0,0.0,0.0,0.0,0.0,0.0,0.0,0.0
Francisco Yim Kim,1400.0,1400.0,1400.0,1400.0,2000.0,0.0,30.3,185.67156964873536,0,0,0.0,0.0,0.0,0.0,0.0,0.0,0.0,0.0
Mikhail Filima,1449.612257620719,1406.0208429544882,1449.612257620719,1449.612257620719,645.0,28.0,42.8,186.27336318231923,0,3,0.6666666666666666,0.6666666666666666,0.6666666666666666,0.6666666666666666,49.61225762071899,49.61225762071899,49.61225762071899,49.61225762071899
Kamil Majchrzak,1617.7986360416337,1576.8701998900096,1460.2357052509617,1418.689611768651,163.0,364.0,29.6,180.0,0,70,0.6,0.48,0.46,0.4428571428571428,15.970884614511531,148.94899094566836,120.03899770875024,217.79863604163347
Daniel Munoz de la Nava,1443.6495129312768,1473.36223145623,1388.6885574447822,1443.6495129312768,138.0,423.0,43.4,178.0,1,36,0.2,0.24,0.25,0.25,-109.5479845364298,38.10192974171741,33.95851163047132,33.95851163047132
Ivaylo Traykov,1685.4143468896416,1685.4143468896416,1749.622805011829,1685.4143468896416,476.0,58.0,46.5,188.0,0,64,0.4,0.5,0.5,0.5,-63.04065961438664,-63.04065961438664,-63.04065961438664,-63.04065961438664
Digvijaypratap Singh,1400.0,1400.0,1400.0,1400.0,544.0,68.0,25.2,191.0,0,0,0.0,0.0,0.0,0.0,0.0,0.0,0.0,0.0
Viktor Durasovic,1357.3409263477768,1361.8008071192046,1376.6132115731257,1357.3409263477768,413.0,110.0,27.8,185.0,0,30,0.2,0.28,0.2666666666666666,0.2666666666666666,18.14551467361639,-42.65907365222324,-42.65907365222324,-42.65907365222324
Hamad Medjedovic,1705.4124461191543,1669.5441222671566,1476.043834907598,1385.788908657596,156.0,378.0,22.3,188.0,0,37,0.6,0.64,0.5405405405405406,0.5405405405405406,167.820398439487,351.3389861651908,305.4124461191543,305.4124461191543
Treat Conrad Huey,1444.086665954271,1408.5891741811922,1431.5145148643055,1444.086665954271,2000.0,0.0,39.5,178.0,1,15,0.6,0.5333333333333333,0.5333333333333333,0.5333333333333333,44.08666595427098,44.08666595427098,44.08666595427098,44.08666595427098
Rudolfs Mednis,1326.1133169316813,1326.1133169316813,1326.1133169316813,1326.1133169316813,1544.0,2.0,27.0,185.67156964873536,0,3,0.0,0.0,0.0,0.0,-73.88668306831869,-73.88668306831869,-73.88668306831869,-73.88668306831869
Erhan Oral,1584.9594611609407,1654.9288481873018,1629.068886749901,1584.9594611609407,1247.0,2.0,53.9,185.67156964873536,0,13,0.0,0.0,0.0,0.0,-69.96938702636112,-69.96938702636112,-69.96938702636112,-69.96938702636112
Alexander Blom,1367.6144236307434,1378.8250878022511,1397.247639846786,1367.6144236307434,2000.0,0.0,37.8,186.27336318231923,0,15,0.4,0.3333333333333333,0.3333333333333333,0.3333333333333333,-32.38557636925657,-32.38557636925657,-32.38557636925657,-32.38557636925657
Tsung Hua Yang,1296.305520666838,1280.5965867701466,1296.305520666838,1296.305520666838,447.0,87.0,34.4,178.0,0,21,0.0,0.1904761904761904,0.1904761904761904,0.1904761904761904,-119.55829775643248,-103.694479333162,-103.694479333162,-103.694479333162
Martin Vassallo Arguello,1589.5254201061327,1566.55368404406,1774.216687010046,1704.4917901856734,102.0,515.0,44.9,183.0,0,177,0.0,0.2,0.34,0.36,-140.69054285839024,-149.25334407231912,-72.23428891245567,-196.41487163497413
Oskar Saarne,1400.0,1400.0,1400.0,1400.0,2000.0,0.0,39.9,185.67156964873536,0,0,0.0,0.0,0.0,0.0,0.0,0.0,0.0,0.0
David Josepa,1358.445559673246,1400.0,1395.1879726363584,1358.445559673246,2000.0,0.0,38.8,185.67156964873536,0,3,0.0,0.0,0.0,0.0,-41.55444032675405,-41.55444032675405,-41.55444032675405,-41.55444032675405
Guillermo Carter,1581.225404731551,1581.225404731551,1581.225404731551,1581.225404731551,904.0,8.0,47.5,186.27336318231923,0,10,0.0,0.0,0.0,0.0,0.0,0.0,0.0,0.0
Ivan Gakhov,1431.7736852567175,1431.7736852567175,1431.7736852567175,1431.7736852567175,280.0,202.0,28.4,191.0,1,3,0.3333333333333333,0.3333333333333333,0.3333333333333333,0.3333333333333333,31.773685256717727,31.773685256717727,31.773685256717727,31.773685256717727
Alexander Shvec,1792.7114318395695,1789.235242776957,1789.235242776957,1792.7114318395695,675.0,19.0,52.5,185.67156964873536,0,55,0.4,0.4,0.4,0.4,3.476189062612548,3.476189062612548,3.476189062612548,3.476189062612548
Abedallah Shelbayh,1371.4445329258426,1402.990029694207,1405.4220866298972,1383.7397886122,230.0,265.0,21.3,180.0,1,13,0.2,0.2307692307692307,0.2307692307692307,0.2307692307692307,-28.555467074157377,-28.555467074157377,-28.555467074157377,-28.555467074157377
Paul Harsanyi,1592.222642963225,1592.222642963225,1592.222642963225,1592.222642963225,962.0,5.0,50.6,185.67156964873536,0,11,0.0,0.0,0.0,0.0,-3.043730120062719,-3.043730120062719,-3.043730120062719,-3.043730120062719
Marcus Daniell,1425.0,1425.0,1425.0,1425.0,643.0,41.0,35.6,188.0,0,1,1.0,1.0,1.0,1.0,25.0,25.0,25.0,25.0
Andy Murray,1788.1611767639931,1356.2526201370474,1503.452355602574,1627.376878446673,129.0,498.0,38.0,191.0,0,1016,0.2,0.36,0.44,0.5,-108.66569256628644,-124.14638886307851,-205.33406954839236,-271.46280972997306
Emilio Daniel Baez Britez,1537.395493107919,1573.7843277487402,1583.898886177668,1537.395493107919,2000.0,0.0,47.3,185.67156964873536,0,18,0.6,0.5,0.5,0.5,-46.3355339330617,-46.3355339330617,-46.3355339330617,-46.3355339330617
Hernan Gumy,1848.9480073158904,1900.7158126585816,1915.156630293143,1950.247326188129,132.0,293.0,52.9,188.0,0,181,0.4,0.28,0.3225806451612903,0.3225806451612903,-47.46098952946522,-101.29931887223891,-101.29931887223891,-101.29931887223891
Karim Alami,1768.3745451083375,1928.1709803405483,1986.531264173465,2036.8555585288736,479.0,42.0,52.6,185.0,0,380,0.2,0.28,0.34,0.3875,-110.54405136896276,-190.5826223164438,-181.71425878089576,-284.21694674138075
Daniel Llarenas,1400.0,1400.0,1400.0,1400.0,2000.0,0.0,36.7,186.27336318231923,0,0,0.0,0.0,0.0,0.0,0.0,0.0,0.0,0.0
Jing Zhu Yang,1572.9225841206053,1572.9225841206053,1572.9225841206053,1572.9225841206053,1076.0,3.0,49.0,186.27336318231923,0,10,0.0,0.0,0.0,0.0,0.0,0.0,0.0,0.0
Peter Polansky,1499.7751565123085,1486.1038834674882,1396.189349147456,1377.786725762486,172.0,305.0,37.1,180.0,0,63,0.0,0.24,0.28,0.3015873015873015,-35.593884585841124,-56.30688351925414,9.910740973994509,99.77515651230851
Joseph Sirianni,1692.2183496778705,1748.7754569454944,1692.2183496778705,1689.2398554258175,254.0,273.0,50.3,175.0,0,69,0.4,0.3684210526315789,0.3684210526315789,0.3684210526315789,-40.8909000919432,-40.8909000919432,-40.8909000919432,-40.8909000919432
Thiemo De Bakker,1715.960255438199,1424.4950176973098,1674.2020398981458,1416.0759624882655,224.0,220.0,36.7,193.0,0,163,0.4,0.28,0.36,0.37,-86.7885940785618,-133.76696219429414,-111.365150556936,-282.3872712865739
Colin Obrien,1460.7284198273949,1419.2720346365356,1400.0,1387.5579600820872,1004.0,8.0,40.9,185.67156964873536,1,4,0.75,0.75,0.75,0.75,60.72841982739487,60.72841982739487,60.72841982739487,60.72841982739487
Stefano Galvani,1690.3638564976618,1748.9528610167956,1744.0661840558846,1790.9969490324163,321.0,143.0,47.6,178.0,0,104,0.2,0.32,0.34,0.3333333333333333,-65.76982182222923,-151.67552577798733,-102.07768596638152,-97.21163969930694
Bruno Echagaray,1400.4467142884666,1445.2522564100643,1393.3413410680523,1400.4467142884666,356.0,187.0,41.8,183.0,0,11,0.0,0.1818181818181818,0.1818181818181818,0.1818181818181818,0.4467142884666373,0.4467142884666373,0.4467142884666373,0.4467142884666373
Lucas Andriamasilalao,1400.0,1400.0,1400.0,1400.0,2000.0,0.0,27.6,185.67156964873536,0,0,0.0,0.0,0.0,0.0,0.0,0.0,0.0,0.0
Evgeny Donskoy,1505.5141360648308,1586.3775234585537,1293.8674044074578,1415.1850787685291,149.0,456.0,35.4,185.0,0,171,0.2,0.24,0.34,0.3,-104.77298611312584,-123.66465897710668,-19.86004066094506,-126.90944332694426
Julius Tverijonas,1336.0516127201352,1400.0,1375.0,1336.0516127201352,791.0,19.0,30.7,188.0,0,3,0.0,0.0,0.0,0.0,-63.948387279864846,-63.948387279864846,-63.948387279864846,-63.948387279864846
Andrej Martin,1547.2347030948322,1432.2904680417591,1558.4799587176576,1417.7526452208958,115.0,624.0,35.3,183.0,0,64,0.4,0.28,0.42,0.421875,-54.724814428006766,-166.99320229023965,-18.53956664701832,129.48205787393636
Khalid Al Nabhani,1352.2797190694291,1352.2797190694291,1352.2797190694291,1352.2797190694291,2000.0,0.0,42.8,185.67156964873536,0,5,0.2,0.2,0.2,0.2,-47.72028093057065,-47.72028093057065,-47.72028093057065,-47.72028093057065
Rui Machado,1531.448324954897,1341.9025048692326,1600.43181910198,1400.0,254.0,188.0,41.4,178.0,0,81,0.6,0.32,0.34,0.3580246913580246,32.765194560688315,-101.78314387719956,-69.59223137828599,131.44832495489732
Stefano Ianni,1432.3852977997367,1432.3852977997367,1432.3852977997367,1432.3852977997367,559.0,43.0,44.4,185.67156964873536,0,1,1.0,1.0,1.0,1.0,32.38529779973669,32.38529779973669,32.38529779973669,32.38529779973669
Anthony Marshall,1354.8055062632873,1400.0,1381.2693100887611,1354.8055062632873,2000.0,0.0,39.5,185.67156964873536,0,2,0.0,0.0,0.0,0.0,-45.19449373671273,-45.19449373671273,-45.19449373671273,-45.19449373671273
Juho Paukku,1322.4103624446243,1331.854565072618,1379.8651650410377,1322.4103624446243,1455.0,3.0,38.6,185.67156964873536,1,11,0.0,0.0909090909090909,0.0909090909090909,0.0909090909090909,-77.58963755537548,-77.58963755537548,-77.58963755537548,-77.58963755537548
Tobias Summerer,1434.397438603594,1426.7790976094648,1439.344652907677,1427.83522551522,219.0,176.0,42.2,185.0,0,8,0.2,0.125,0.125,0.125,6.562213088374165,6.562213088374165,6.562213088374165,6.562213088374165
Jack Sock,1683.510858631158,1550.3185640404738,1522.2788038993165,1428.2862182994115,166.0,359.0,32.5,191.0,0,335,0.4,0.36,0.42,0.4,-54.4490973859688,14.68963201512247,-3.7636055029413455,-382.7831827756754
Martyn Pawelski,1400.0,1400.0,1400.0,1400.0,661.0,46.0,20.8,196.0,0,0,0.0,0.0,0.0,0.0,0.0,0.0,0.0,0.0
Hicham Arazi,1869.972978230048,2015.7019146929424,1862.8048976367895,2027.928961632364,138.0,321.0,51.4,175.0,1,533,0.2,0.36,0.48,0.45,-74.1071773875442,-114.22096717342696,-73.14691572582387,-146.35460032850574
Viktor Galovic,1437.5643456796945,1437.5643456796945,1463.8684310309418,1386.143704063422,197.0,259.0,34.8,193.0,0,8,0.4,0.375,0.375,0.375,37.5643456796945,37.5643456796945,37.5643456796945,37.5643456796945
Karen Khachanov,1916.429865753428,1678.7644804057345,1651.428154266942,1493.8575138743067,21.0,2225.0,29.4,198.0,0,476,0.8,0.52,0.6,0.63,34.543018360895985,-84.44698520542761,-59.73442630009299,-71.09330800747603
Juan Pablo Guzman,1615.673955439188,1686.7269657742152,1617.2360152050474,1685.3227318544707,132.0,321.0,44.5,178.0,1,32,0.2,0.2727272727272727,0.2727272727272727,0.2727272727272727,-78.47238838346993,-74.3747268006382,-74.3747268006382,-74.3747268006382
Mohammed Faizal Bin Othman,1400.0,1400.0,1400.0,1400.0,2000.0,0.0,41.9,185.67156964873536,0,0,0.0,0.0,0.0,0.0,0.0,0.0,0.0,0.0
Federico Delbonis,1494.2782682782115,1270.2350504184517,1776.8385107430283,1259.9199007756,131.0,426.0,34.3,193.0,1,364,0.4,0.28,0.3,0.43,-102.37614693001888,-108.09546340861448,-211.3338496177564,-142.8198566922881
Joao Menezes,1386.8967758219133,1413.6594810209322,1394.7412583598632,1386.8967758219133,217.0,319.0,28.5,185.0,0,2,0.0,0.0,0.0,0.0,-26.76270519901891,-26.76270519901891,-26.76270519901891,-26.76270519901891
Piero Luisi,1441.0408005027543,1425.140471931158,1450.656211646974,1441.0408005027543,1056.0,7.0,38.0,185.67156964873536,0,11,0.6,0.6363636363636364,0.6363636363636364,0.6363636363636364,41.04080050275434,41.04080050275434,41.04080050275434,41.04080050275434
Sulaiman Al Rawahi,1368.177743024169,1368.177743024169,1368.177743024169,1368.177743024169,2000.0,0.0,40.9,185.67156964873536,0,1,0.0,0.0,0.0,0.0,-31.822256975830896,-31.822256975830896,-31.822256975830896,-31.822256975830896
Karim Hossam,1398.7657558166943,1398.7657558166943,1398.7657558166943,1398.7657558166943,339.0,127.0,30.8,185.67156964873536,0,1,0.0,0.0,0.0,0.0,-1.2342441833054636,-1.2342441833054636,-1.2342441833054636,-1.2342441833054636
Markus Hipfl,1785.2383814931422,1866.4750470129648,1918.663124202292,1877.2736428995,2000.0,0.0,47.2,178.0,0,245,0.4,0.36,0.36,0.4210526315789473,-90.45885961642512,-93.81755152669076,-181.07473455685133,-150.5175408226205
Bernabe Zapata Miralles,1462.0689599815378,1290.75785706024,1668.7161397908203,1334.9962807443892,144.0,457.0,28.1,183.0,0,96,0.2,0.2,0.38,0.3645833333333333,-104.97420207860432,-170.01427429276123,-64.58153215294419,62.06895998153777
Emmanuel Heussner,1399.9632877236345,1400.0,1438.3855775086902,1399.9632877236345,2000.0,0.0,54.0,185.67156964873536,0,8,0.4,0.25,0.25,0.25,-0.0367122763657334,-0.0367122763657334,-0.0367122763657334,-0.0367122763657334
Jan Lennard Struff,1844.628058933232,1525.440302749293,1750.8450930495178,1496.6842035743143,43.0,1240.0,35.5,193.0,0,466,0.6,0.6,0.6,0.57,-6.431045953599096,53.49519720163244,77.03105120396003,199.21395182277277
Jared Donaldson,1667.396304125655,1654.187863096712,1379.7890899465897,1441.5188070928327,192.0,270.0,28.3,188.0,0,112,0.4,0.4,0.4,0.44,-66.52105022721935,-11.455669609657887,-139.40361200713414,219.11503334579905
Jacobo Diaz,1756.3598075878378,1802.9162292489652,1891.5122886179704,1910.8636517963332,430.0,51.0,48.5,173.0,0,193,0.2,0.28,0.2558139534883721,0.2558139534883721,-105.33412529491216,-51.96234580060696,-154.5038442084956,-154.5038442084956
Diego Duran,1374.086574095948,1400.0,1400.0,1374.086574095948,2000.0,0.0,27.28978785329969,186.27336318231923,0,1,0.0,0.0,0.0,0.0,-25.91342590405202,-25.91342590405202,-25.91342590405202,-25.91342590405202
Alex Corretja,1739.3005621415807,1929.8899996538023,2010.181098459123,2075.95860097292,153.0,290.0,51.0,180.0,0,560,0.2,0.32,0.34,0.45,-61.25970855398191,-136.45581638966542,-183.5700667574331,-404.3509962403234
Andrei Soltoianu,1400.0,1400.0,1400.0,1400.0,2000.0,0.0,31.7,185.67156964873536,0,0,0.0,0.0,0.0,0.0,0.0,0.0,0.0,0.0
Petros Tsitsipas,1426.0964135712102,1391.363870403979,1446.400688591003,1426.0964135712102,2000.0,0.0,25.0,185.0,0,6,0.4,0.5,0.5,0.5,26.096413571210174,26.096413571210174,26.096413571210174,26.096413571210174
Sebastian Prieto,1782.8044536670172,1782.8044536670172,1794.2813705218637,1782.8044536670172,2000.0,0.0,49.8,180.0,0,56,0.0,0.1666666666666666,0.1666666666666666,0.1666666666666666,-49.60276181522386,-49.60276181522386,-49.60276181522386,-49.60276181522386
Matteo Arnaldi,1771.5089297936686,1620.863371680498,1620.788503464846,1377.695732386055,38.0,1335.0,24.6,185.0,0,91,0.4,0.52,0.52,0.5274725274725275,-57.06001066520594,-11.701208828429344,27.382453010226527,371.5089297936686
Julio Peralta,1400.0,1400.0,1400.0,1400.0,540.0,34.0,43.4,188.0,0,0,0.0,0.0,0.0,0.0,0.0,0.0,0.0,0.0
Adam Neff,1400.0,1400.0,1400.0,1400.0,829.0,23.0,23.6,183.0,0,0,0.0,0.0,0.0,0.0,0.0,0.0,0.0,0.0
Fernando Meligeni,1854.9982100309217,2031.572842970425,1996.441845980115,2020.1087356092205,118.0,324.0,54.0,180.0,1,430,0.4,0.44,0.46,0.47,-79.55741548458536,-63.94233551717366,-39.72699746538342,-76.96012112962012
Franz Luna Lavidalie,1370.013255294872,1370.013255294872,1370.013255294872,1370.013255294872,2000.0,0.0,27.4,185.67156964873536,0,1,0.0,0.0,0.0,0.0,-29.986744705128103,-29.986744705128103,-29.986744705128103,-29.986744705128103
Paul Jubb,1444.649310692732,1444.649310692732,1444.649310692732,1444.649310692732,201.0,301.0,25.6,180.0,0,8,0.6,0.375,0.375,0.375,44.64931069273189,44.64931069273189,44.64931069273189,44.64931069273189
Omar Jasika,1424.7045718212155,1424.7045718212155,1424.7045718212155,1424.7045718212155,343.0,148.0,27.6,183.0,1,4,0.25,0.25,0.25,0.25,24.70457182121549,24.70457182121549,24.70457182121549,24.70457182121549
Felipe Meligeni Alves,1450.359396920472,1414.1341022344427,1428.6332041489006,1400.0,144.0,427.0,27.4,185.0,0,15,0.2,0.3333333333333333,0.3333333333333333,0.3333333333333333,50.359396920472136,50.359396920472136,50.359396920472136,50.359396920472136
Andre Ghem,1450.5085726476482,1450.5085726476482,1450.5085726476482,1450.5085726476482,221.0,244.0,43.1,193.0,0,6,0.2,0.3333333333333333,0.3333333333333333,0.3333333333333333,50.50857264764818,50.50857264764818,50.50857264764818,50.50857264764818
Girts Dzelde,1398.1226293569923,1398.1226293569923,1400.0,1398.1226293569923,2000.0,0.0,62.0,173.0,0,1,0.0,0.0,0.0,0.0,-1.87737064300768,-1.87737064300768,-1.87737064300768,-1.87737064300768
Enrique Lopez Perez,1412.3231785930573,1412.3231785930573,1412.3231785930573,1412.3231785930573,196.0,278.0,34.1,185.67156964873536,0,0,0.0,0.0,0.0,0.0,0.0,0.0,0.0,0.0
Akira Santillan,1375.354072945594,1397.7758965446071,1381.2573237630154,1425.4614613262413,163.0,341.0,28.3,180.0,0,8,0.4,0.25,0.25,0.25,-24.645927054406,-24.645927054406,-24.645927054406,-24.645927054406
Petru Alexandru Luncanu,1389.836755085338,1397.2064601246575,1400.0,1389.836755085338,443.0,82.0,35.9,185.0,1,2,0.0,0.0,0.0,0.0,-10.163244914662071,-10.163244914662071,-10.163244914662071,-10.163244914662071
Markus Kerner,1400.0,1400.0,1400.0,1400.0,1343.0,3.0,30.3,185.67156964873536,0,0,0.0,0.0,0.0,0.0,0.0,0.0,0.0,0.0
James Ward,1441.5220417903972,1447.1785042856577,1365.6006571480998,1447.9249667146055,340.0,135.0,38.3,190.0,0,85,0.0,0.16,0.22,0.2941176470588235,-159.09559655362864,-167.6194498546729,-154.000427652677,41.522041790397225
Jiri Lehecka,1826.319856929863,1671.659004447294,1496.8079450322273,1405.903535239086,31.0,1560.0,23.9,185.0,0,141,0.4,0.6,0.58,0.58,-56.6084222429713,70.82257790499375,53.98171369425677,104.49301338704504
Daniel Berta,1390.210504527452,1390.210504527452,1400.0,1400.0,2000.0,0.0,32.6,178.0,0,1,0.0,0.0,0.0,0.0,-9.78949547254797,-9.78949547254797,-9.78949547254797,-9.78949547254797
Jeff Morrison,1769.4441693410593,1712.994915325614,1601.377385994546,1691.6001241424838,157.0,260.0,46.5,185.0,0,97,0.6,0.24,0.38,0.367816091954023,29.974205277447027,-104.51036180248708,-92.2157857831976,162.7612509277135
Matija Zgaga,1400.0,1400.0,1400.0,1400.0,922.0,7.0,41.9,186.27336318231923,1,0,0.0,0.0,0.0,0.0,0.0,0.0,0.0,0.0
Andres Molteni,1399.7052149632143,1399.7052149632143,1399.7052149632143,1399.7052149632143,280.0,169.0,36.9,180.0,0,1,0.0,0.0,0.0,0.0,-0.2947850367856972,-0.2947850367856972,-0.2947850367856972,-0.2947850367856972
Jacob Fearnley,1409.4684061363887,1400.0,1409.4684061363887,1410.4042147603736,99.0,588.0,24.2,183.0,0,3,0.3333333333333333,0.3333333333333333,0.3333333333333333,0.3333333333333333,9.468406136388694,9.468406136388694,9.468406136388694,9.468406136388694
Asif Ismail,1400.0,1425.0,1400.0,1400.0,2000.0,0.0,54.3,186.27336318231923,0,0,0.0,0.0,0.0,0.0,0.0,0.0,0.0,0.0
Kornel Bardoczky,1577.1500623708578,1616.173129932327,1587.3932673363472,1577.1500623708578,538.0,50.0,46.6,185.67156964873536,0,30,0.4,0.5,0.5,0.5,-61.824690543041925,-74.44541836194912,-74.44541836194912,-74.44541836194912
Abdul Mumin Babalola,1351.7287767978175,1351.7287767978175,1351.7287767978175,1351.7287767978175,738.0,20.0,40.5,185.67156964873536,1,2,0.0,0.0,0.0,0.0,-48.271223202182455,-48.271223202182455,-48.271223202182455,-48.271223202182455
Bartolome Salva Vidal,1355.1206644819686,1396.790576839559,1362.5802880449107,1355.1206644819686,326.0,110.0,39.1,183.0,1,5,0.0,0.0,0.0,0.0,-44.87933551803144,-44.87933551803144,-44.87933551803144,-44.87933551803144
Goran Bosalevski,1400.0,1400.0,1400.0,1400.0,2000.0,0.0,46.8,185.67156964873536,0,0,0.0,0.0,0.0,0.0,0.0,0.0,0.0,0.0
Illya Marchenko,1540.551104343387,1651.2457753469162,1316.986309479335,1394.095116585282,267.0,221.0,37.9,185.0,0,160,0.4,0.32,0.32,0.38,-70.95615132999546,-98.67517992518242,-176.4168189869922,-97.89957255451328
Henrik Andersson,1668.5237557356234,1668.5237557356234,1668.5237557356234,1668.5237557356234,388.0,68.0,48.1,185.67156964873536,0,10,0.0,0.0,0.0,0.0,0.0,0.0,0.0,0.0
Gregory Carraz,1801.4901490131117,1777.5609292254032,1733.2888733836166,1803.6399026153572,167.0,233.0,49.7,190.0,0,132,0.2,0.28,0.36,0.4146341463414634,-111.3719004338334,-118.49489916809809,-168.29639959809333,48.05536396324487
Simon Shen,1400.0,1400.0,1400.0,1400.0,1207.0,3.0,48.5,186.27336318231923,0,0,0.0,0.0,0.0,0.0,0.0,0.0,0.0,0.0
Fernando Gonzalez,1912.65747373301,1724.9414413028553,1962.4464019695383,1686.7157020925788,221.0,220.0,44.6,183.0,0,621,0.4,0.44,0.54,0.64,-230.58629366670425,-281.48291859019514,-323.5412233282193,-231.36470855319044
Matej Dodig,1417.974066054295,1400.0,1400.0,1417.974066054295,291.0,182.0,20.1,188.0,0,2,0.5,0.5,0.5,0.5,17.974066054295008,17.974066054295008,17.974066054295008,17.974066054295008
Prima Simpatiaji,1434.5572910997253,1434.5572910997253,1434.5572910997253,1434.5572910997253,2000.0,0.0,43.3,186.27336318231923,0,19,0.2,0.4210526315789473,0.4210526315789473,0.4210526315789473,34.55729109972526,34.55729109972526,34.55729109972526,34.55729109972526
Harshana Godamanna,1559.1501816775665,1481.593480523466,1422.1963230530173,1559.1501816775665,2000.0,0.0,39.3,185.67156964873536,1,18,0.8,0.7222222222222222,0.7222222222222222,0.7222222222222222,159.15018167756625,159.15018167756625,159.15018167756625,159.15018167756625
Alexander Blockx,1379.3932759235445,1379.3932759235445,1379.3932759235445,1379.3932759235445,231.0,247.0,20.5,191.0,0,2,0.0,0.0,0.0,0.0,-20.60672407645552,-20.60672407645552,-20.60672407645552,-20.60672407645552
Mardy Fish,2024.1720215636249,1706.0239635639502,1423.8508967564496,1738.929309127716,581.0,55.0,43.7,188.0,0,524,0.2,0.52,0.52,0.6,-78.91158116481665,-100.81622519258872,-171.2049584806382,-167.26842048244453
Michael Leong,1409.5749438577068,1435.7904248756054,1409.5749438577068,1409.5749438577068,1782.0,1.0,38.8,185.67156964873536,0,21,0.6,0.5238095238095238,0.5238095238095238,0.5238095238095238,-51.4184999120514,9.574943857706783,9.574943857706783,9.574943857706783
Bastian Knittel,1426.8635679417275,1426.8635679417275,1385.111015100822,1400.0,210.0,225.0,41.8,180.0,1,4,0.25,0.25,0.25,0.25,26.863567941727524,26.863567941727524,26.863567941727524,26.863567941727524
Raemon Sluiter,1748.5793154908567,1765.2969710172322,1733.2969786524,1917.356081378264,866.0,23.0,47.1,185.0,0,260,0.6,0.4,0.32,0.38,15.289118052673755,-59.50085730951105,-150.47220336591568,-198.38919808207265
Martin Fischer,1412.472762471603,1427.0316191312504,1343.307227530874,1423.4483519033838,335.0,133.0,38.7,180.0,0,24,0.4,0.2083333333333333,0.2083333333333333,0.2083333333333333,52.58134521803686,12.472762471602664,12.472762471602664,12.472762471602664
Luis Adrian Morejon,1759.403509657987,1779.5798377655367,1806.516458063223,1779.5798377655367,342.0,85.0,52.2,178.0,0,59,0.2,0.4444444444444444,0.4444444444444444,0.4444444444444444,-20.176328107549807,-20.176328107549807,-20.176328107549807,-20.176328107549807
Daniel Langre,1634.3916339905463,1634.3916339905463,1634.3916339905463,1634.3916339905463,2000.0,0.0,43.9,186.27336318231923,0,10,0.0,0.0,0.0,0.0,0.0,0.0,0.0,0.0
Adam Pavlasek,1547.2632449719472,1419.3961041299044,1544.71082544767,1463.8278206382452,185.0,317.0,30.6,185.0,0,14,0.6,0.4285714285714285,0.4285714285714285,0.4285714285714285,83.43542433370203,83.43542433370203,83.43542433370203,83.43542433370203
Sandor Martinez Breijo,1356.7894771060428,1427.450837586659,1352.7585796558496,1356.7894771060428,2000.0,0.0,44.0,185.67156964873536,0,8,0.4,0.375,0.375,0.375,-43.2105228939572,-43.2105228939572,-43.2105228939572,-43.2105228939572
Guillem Burniol,1394.68999523867,1394.68999523867,1394.68999523867,1394.68999523867,505.0,49.0,41.6,185.67156964873536,0,1,0.0,0.0,0.0,0.0,-5.310004761329992,-5.310004761329992,-5.310004761329992,-5.310004761329992
Carlos Cuadrado,1549.7845962401134,1549.7845962401134,1549.7845962401134,1549.7845962401134,225.0,170.0,41.8,180.0,0,7,0.6,0.5714285714285714,0.5714285714285714,0.5714285714285714,149.7845962401134,149.7845962401134,149.7845962401134,149.7845962401134
Stan Wawrinka,1686.3131842245573,1550.201367920448,1598.1755614237495,1270.8626924837638,148.0,391.0,40.6,183.0,0,947,0.6,0.4,0.44,0.45,-7.54328224725532,-180.96671493719964,-157.7290591226888,-299.42805108016137
Soufiane El Mesbahi,1400.0,1400.0,1400.0,1400.0,1533.0,2.0,24.1,185.67156964873536,0,0,0.0,0.0,0.0,0.0,0.0,0.0,0.0,0.0
Fitriadi M Rifqi,1379.6702387686155,1379.6702387686155,1379.6702387686155,1379.6702387686155,569.0,64.0,26.0,175.0,0,3,0.3333333333333333,0.3333333333333333,0.3333333333333333,0.3333333333333333,-20.32976123138451,-20.32976123138451,-20.32976123138451,-20.32976123138451
Alvaro Raposo De Oliveira,1400.0,1400.0,1400.0,1400.0,761.0,18.0,34.4,186.27336318231923,0,0,0.0,0.0,0.0,0.0,0.0,0.0,0.0,0.0
Seanon Williams,1287.514857847655,1355.889338583186,1351.6515131782128,1287.514857847655,2000.0,0.0,33.9,185.67156964873536,0,9,0.2,0.1111111111111111,0.1111111111111111,0.1111111111111111,-112.4851421523449,-112.4851421523449,-112.4851421523449,-112.4851421523449
Norbert Gombos,1492.6921975984042,1455.6197340422214,1553.2189294870093,1399.523222619987,408.0,114.0,35.0,193.0,0,84,0.2,0.32,0.38,0.3095238095238095,-58.01367719070572,-90.89809380581072,36.078469757303765,57.1453520127136
Yassine Idmbarek,1442.323178382357,1418.188866649917,1433.512661083557,1442.323178382357,910.0,16.0,38.5,186.27336318231923,0,10,0.0,0.4,0.4,0.4,42.32317838235667,42.32317838235667,42.32317838235667,42.32317838235667
Romain Jouan,1435.7543673572004,1436.962948005456,1400.0,1435.7543673572004,230.0,215.0,40.1,183.0,0,4,0.25,0.25,0.25,0.25,35.75436735720041,35.75436735720041,35.75436735720041,35.75436735720041
Hamid Reza Nadaf,1425.770920571255,1400.0,1400.0,1425.770920571255,1588.0,2.0,32.2,183.0,0,1,1.0,1.0,1.0,1.0,25.77092057125492,25.77092057125492,25.77092057125492,25.77092057125492
Edwin Kempes,1815.566409594833,1823.1726492020323,1844.0889680148384,1764.1893297231004,249.0,130.0,49.1,188.0,0,75,0.4,0.4,0.4,0.4,-55.02466697158252,0.5567782058978992,0.5567782058978992,0.5567782058978992
Stian Boretti,1435.822262729802,1473.7740205161654,1426.569552338001,1435.822262729802,1288.0,2.0,43.5,188.0,0,24,0.2,0.375,0.375,0.375,30.917724358875603,35.822262729802105,35.822262729802105,35.822262729802105
Lawal Shehu,1400.0,1400.0,1400.0,1400.0,1210.0,4.0,40.4,185.67156964873536,0,0,0.0,0.0,0.0,0.0,0.0,0.0,0.0,0.0
Rogerio Dutra Silva,1508.5798996774326,1476.50433942702,1531.015224267528,1324.314455203576,138.0,407.0,41.0,178.0,0,94,0.2,0.28,0.3,0.3191489361702128,3.649679141935167,-29.74575276186192,-31.816242038431483,107.09378070905382
Mariano Delfino,1658.34974255248,1658.34974255248,1658.34974255248,1658.34974255248,185.0,188.0,47.6,183.0,0,10,0.0,0.0,0.0,0.0,0.0,0.0,0.0,0.0
Richard Krajicek,2022.287520721434,2085.6247658742145,2184.000903322252,2195.6315204447037,72.0,600.0,53.5,196.0,0,575,0.6,0.52,0.58,0.6,-92.87762534896252,-160.4152444515596,-117.1466623949616,-177.71247927856598
Werner Eschauer,1518.6079042154277,1683.876798123743,1713.4794657309426,1827.771127355012,218.0,179.0,51.2,188.0,0,103,0.0,0.2,0.28,0.2830188679245283,-252.80152814166763,-287.5773064277621,-340.10194667578685,-303.3706793890499
Mauricio Echazu,1461.0001064476053,1375.2444652953814,1471.0599436027348,1461.0001064476053,716.0,28.0,36.0,174.0,0,29,0.6,0.56,0.5172413793103449,0.5172413793103449,91.41821784709964,61.00010644760528,61.00010644760528,61.00010644760528
Fabrice Santoro,1666.212354043735,1979.626105848422,1767.634641685772,2073.4690436809824,67.0,645.0,52.1,178.0,0,743,0.2,0.4,0.46,0.49,-131.58477111591924,-125.88558205436198,-164.93009069043023,-184.1448124376227
Murad Inoyatov,1334.6623272689264,1354.7994341348085,1416.7146192855848,1400.0,524.0,57.0,40.2,185.67156964873536,0,11,0.0,0.2727272727272727,0.2727272727272727,0.2727272727272727,-65.33767273107355,-65.33767273107355,-65.33767273107355,-65.33767273107355
Paul Haarhuis,1824.873999307332,1824.873999307332,1824.873999307332,1824.873999307332,586.0,25.0,59.3,188.0,0,50,0.0,0.0,0.0,0.0,0.0,0.0,0.0,0.0
Alex Clayton,1400.0,1400.0,1400.0,1400.0,1281.0,3.0,37.6,183.0,0,0,0.0,0.0,0.0,0.0,0.0,0.0,0.0,0.0
David Szintai,1400.0,1400.0,1400.0,1400.0,2000.0,0.0,27.6,185.67156964873536,0,0,0.0,0.0,0.0,0.0,0.0,0.0,0.0,0.0
Carlos Gomez Herrera,1400.0,1400.0,1400.0,1400.0,671.0,30.0,35.0,191.0,0,0,0.0,0.0,0.0,0.0,0.0,0.0,0.0,0.0
Prakash Amritraj,1618.1035956379872,1411.8084976882717,1400.0,1668.6407135082163,308.0,142.0,41.7,188.0,0,51,0.4,0.44,0.38,0.3725490196078431,99.5783026958336,186.88347717290597,222.9414203930487,218.10359563798715
Nikoloz Basilashvili,1588.8279188711356,1433.3867622829923,1517.6379742642312,1450.976799877364,118.0,481.0,33.0,185.0,0,317,0.2,0.32,0.32,0.45,-169.37115989354857,-177.436982556766,-277.3921302066701,-138.64952901484708
Christopher Diaz Figueroa,1433.1384481373352,1519.8839525671222,1335.2845479073728,1433.1384481373352,630.0,42.0,34.8,185.67156964873536,0,22,0.6,0.5,0.5,0.5,48.78390251146061,33.13844813733522,33.13844813733522,33.13844813733522
Pau Gerbaud Farras,1400.0,1400.0,1400.0,1400.0,2000.0,0.0,41.4,186.27336318231923,0,0,0.0,0.0,0.0,0.0,0.0,0.0,0.0,0.0
Aristotelis Thanos,1449.513704449104,1422.3127595413782,1400.0,1449.513704449104,713.0,37.0,24.4,185.67156964873536,0,3,0.6666666666666666,0.6666666666666666,0.6666666666666666,0.6666666666666666,49.513704449104125,49.513704449104125,49.513704449104125,49.513704449104125
Igor Sijsling,1561.0833392575191,1479.7113463264295,1390.1526804598514,1511.2602359415716,114.0,543.0,37.9,191.0,0,139,0.2,0.28,0.24,0.35,-20.175889899808453,-80.16864363327136,-201.2941238442745,-132.53942241580194
Rogier Wassen,1783.1214063370458,1801.1413513224024,1777.716939451837,1773.518821939051,542.0,35.0,49.1,190.0,0,57,0.4,0.2857142857142857,0.2857142857142857,0.2857142857142857,9.602584397995088,9.602584397995088,9.602584397995088,9.602584397995088
Ruben Ramirez Hidalgo,1426.101558238555,1593.0269884860763,1672.3406854423995,1643.55766270843,165.0,337.0,47.2,183.0,0,250,0.4,0.2,0.22,0.25,-63.728543765655104,-142.80475571505576,-215.7332208671894,-460.30146521824486
Alexander Ward,1379.5590412772972,1379.5590412772972,1400.0,1381.879664215909,869.0,17.0,35.1,185.0,0,3,0.0,0.0,0.0,0.0,-20.440958722702817,-20.440958722702817,-20.440958722702817,-20.440958722702817
Mubarak Shannan Zayid,1375.4298787414157,1375.4298787414157,1375.4298787414157,1375.4298787414157,2000.0,0.0,29.9,185.67156964873536,0,3,0.0,0.0,0.0,0.0,-24.57012125858432,-24.57012125858432,-24.57012125858432,-24.57012125858432
Roman Hassanov,1400.0,1400.0,1400.0,1400.0,707.0,29.0,28.3,185.67156964873536,0,0,0.0,0.0,0.0,0.0,0.0,0.0,0.0,0.0
Maxim Shin,1400.0,1400.0,1400.0,1400.0,1469.0,3.0,21.6,191.0,0,0,0.0,0.0,0.0,0.0,0.0,0.0,0.0,0.0
Marco Trungelliti,1536.9222526122492,1378.7222676062188,1581.7951279797633,1400.0,138.0,423.0,35.6,178.0,0,40,0.4,0.44,0.425,0.425,-18.834647890764472,65.54706499041959,136.92225261224917,136.92225261224917
Ye Cong Mo,1400.0,1400.0,1400.0,1400.0,668.0,46.0,25.2,183.0,0,0,0.0,0.0,0.0,0.0,0.0,0.0,0.0,0.0
Zsolt Tatar,1400.0,1400.0,1400.0,1400.0,716.0,16.0,43.6,185.67156964873536,0,0,0.0,0.0,0.0,0.0,0.0,0.0,0.0,0.0
Luis Diaz Barriga,1400.0,1400.0,1400.0,1400.0,489.0,68.0,39.5,185.67156964873536,0,0,0.0,0.0,0.0,0.0,0.0,0.0,0.0,0.0
Agustin Velotti,1379.3920885567256,1379.3920885567256,1379.3920885567256,1379.3920885567256,184.0,308.0,32.7,174.0,0,3,0.0,0.0,0.0,0.0,-20.60791144327436,-20.60791144327436,-20.60791144327436,-20.60791144327436
Sergey Betov,1292.4334587965425,1331.2377981702612,1384.6288854596326,1292.4334587965425,514.0,61.0,37.9,185.0,0,6,0.0,0.0,0.0,0.0,-107.56654120345776,-107.56654120345776,-107.56654120345776,-107.56654120345776
Richard Gasquet,1556.3721480699455,1464.764035293455,1402.510064068475,1504.104651292726,133.0,445.0,39.3,183.0,0,1021,0.2,0.24,0.28,0.44,-71.78089499286762,-185.2141799260776,-271.3796676828624,-228.54035786599525
Arthur Fils,1892.923413435788,1655.6362451800508,1616.1419990678687,1463.065330350218,20.0,2355.0,21.5,185.0,0,107,0.4,0.6,0.58,0.57,54.59686736324602,199.3259708378091,161.89009932487852,277.7954785188101
Cyril Jacobe,1243.167761634404,1259.7175428543048,1400.0,1243.167761634404,2000.0,0.0,42.0,185.67156964873536,0,8,0.0,0.0,0.0,0.0,-156.8322383655959,-156.8322383655959,-156.8322383655959,-156.8322383655959
Grzegorz Panfil,1406.4547726609574,1400.0,1393.248460389706,1406.4547726609574,380.0,102.0,37.0,183.0,1,4,0.25,0.25,0.25,0.25,6.45477266095736,6.45477266095736,6.45477266095736,6.45477266095736
Dimitar Kutrovsky,1527.2432757454933,1462.1771206231952,1454.676817931372,1527.2432757454933,307.0,149.0,38.0,175.0,0,12,0.8,0.6666666666666666,0.6666666666666666,0.6666666666666666,127.24327574549328,127.24327574549328,127.24327574549328,127.24327574549328
Victor Romero,1619.045877256332,1619.045877256332,1619.045877256332,1619.045877256332,495.0,51.0,46.4,186.27336318231923,0,10,0.0,0.0,0.0,0.0,0.0,0.0,0.0,0.0
Renzo Olivo,1524.047675835507,1343.4313069750233,1609.9487949672616,1400.0,179.0,347.0,32.9,178.0,0,55,0.4,0.32,0.4,0.4181818181818181,-42.00309783677085,-93.51014887013548,-3.598561070879441,124.0476758355071
Justin Barki,1423.2042036527448,1400.0,1423.2042036527448,1423.2042036527448,2000.0,0.0,25.3,178.0,0,1,1.0,1.0,1.0,1.0,23.20420365274481,23.20420365274481,23.20420365274481,23.20420365274481
Guillaume Raoux,1840.248847857991,1858.983829853078,1858.983829853078,1840.248847857991,283.0,114.0,55.2,180.0,0,51,0.0,0.0,0.0,0.0,-18.73498199508708,-18.73498199508708,-18.73498199508708,-18.73498199508708
Alessio Di Mauro,1656.4517058778072,1772.3579341509394,1679.8602109791,1759.0337172560724,257.0,177.0,47.7,185.0,1,102,0.4,0.28,0.32,0.3269230769230769,-51.429509236174,-82.17333878289219,-86.06838574643893,-101.72135932702918
Ergun Zorlu,1400.0,1400.0,1400.0,1370.771026159738,866.0,11.0,40.3,185.67156964873536,0,0,0.0,0.0,0.0,0.0,0.0,0.0,0.0,0.0
Maximus Jones,1400.0,1400.0,1400.0,1400.0,581.0,61.0,20.3,185.0,0,0,0.0,0.0,0.0,0.0,0.0,0.0,0.0,0.0
Mustafa Azkara,1606.4435770604955,1618.6365876468058,1607.0910175074432,1606.4435770604955,834.0,9.0,54.5,186.27336318231923,0,12,0.5,0.5,0.5,0.5,11.177203977207682,11.177203977207682,11.177203977207682,11.177203977207682
Amro Ghoneim,1618.9137973346365,1687.728947170619,1622.7569298845742,1618.9137973346365,1093.0,4.0,51.0,185.67156964873536,0,15,0.2,0.2,0.2,0.2,-68.81514983598254,-68.81514983598254,-68.81514983598254,-68.81514983598254
Teymuraz Gabashvili,1630.6023921142523,1494.8363581840972,1584.0780659753318,1286.8930792749711,229.0,220.0,40.3,185.0,0,315,0.0,0.28,0.38,0.38,-92.84363941746663,-169.8044287385278,-171.43810829625295,-162.28625896486778
Soteris Hadjistyllis,1400.0,1400.0,1400.0,1400.0,2000.0,0.0,32.7,185.67156964873536,0,0,0.0,0.0,0.0,0.0,0.0,0.0,0.0,0.0
Helge Koll,1633.4378718527385,1681.0077142901332,1644.4940168257983,1633.4378718527385,2000.0,0.0,50.1,185.67156964873536,0,17,0.6,0.4285714285714285,0.4285714285714285,0.4285714285714285,-47.56984243739476,-47.56984243739476,-47.56984243739476,-47.56984243739476
Leonardo Ramirez,1400.0,1400.0,1400.0,1400.0,2000.0,0.0,41.7,185.67156964873536,0,0,0.0,0.0,0.0,0.0,0.0,0.0,0.0,0.0
Christian Harrison,1508.8746091703235,1501.532441294135,1400.0,1412.3859547906452,251.0,210.0,31.0,180.0,0,14,0.6,0.4285714285714285,0.4285714285714285,0.4285714285714285,108.87460917032354,108.87460917032354,108.87460917032354,108.87460917032354
Zhe Li,1401.3448538318148,1401.3448538318148,1401.3448538318148,1401.3448538318148,602.0,55.0,38.9,183.0,0,19,0.0,0.3157894736842105,0.3157894736842105,0.3157894736842105,1.3448538318148169,1.3448538318148169,1.3448538318148169,1.3448538318148169
Dustin Brown,1696.579787338659,1438.492625007424,1475.24446967191,1617.6210081323934,303.0,181.0,40.4,196.0,0,160,0.4,0.32,0.38,0.39,-38.25864800324712,-159.86924113795976,-115.81583014238504,-12.370269610052674
Carlos Taborga,1400.0,1400.0,1400.0,1400.0,2000.0,0.0,33.8,185.67156964873536,0,0,0.0,0.0,0.0,0.0,0.0,0.0,0.0,0.0
Elvis Henry,1400.0,1400.0,1400.0,1400.0,2000.0,0.0,48.9,185.67156964873536,0,0,0.0,0.0,0.0,0.0,0.0,0.0,0.0,0.0
Andrew Carlson,1400.0,1400.0,1400.0,1400.0,1089.0,4.0,47.9,185.67156964873536,1,0,0.0,0.0,0.0,0.0,0.0,0.0,0.0,0.0
Dennis Peschek,1400.0,1400.0,1400.0,1400.0,2000.0,0.0,41.5,185.67156964873536,0,0,0.0,0.0,0.0,0.0,0.0,0.0,0.0,0.0
Blake Strode,1400.0,1400.0,1400.0,1400.0,393.0,95.0,37.5,188.0,0,0,0.0,0.0,0.0,0.0,0.0,0.0,0.0,0.0
Kristijan Mesaros,1400.0,1400.0,1400.0,1400.0,295.0,153.0,36.5,185.67156964873536,0,0,0.0,0.0,0.0,0.0,0.0,0.0,0.0,0.0
Fred Hemmes,1566.8907588246832,1590.5774607245128,1590.5774607245128,1590.5774607245128,215.0,166.0,43.9,183.0,0,12,0.0,0.0,0.0,0.0,-23.686701899829583,-23.686701899829583,-23.686701899829583,-23.686701899829583
Ryan Harrison,1652.0937888710585,1695.438774250374,1366.6324585257903,1393.1470336427356,481.0,73.0,32.6,185.0,0,278,0.4,0.48,0.44,0.47,-106.16265883987604,-124.67890642444922,-165.7527170271328,-125.43807376451376
Andrey Rublev,1857.775262030189,1641.4275789453288,1623.513331587047,1447.851068019351,8.0,3760.0,28.0,188.0,0,520,0.2,0.56,0.56,0.63,-118.19511878875484,-138.08990758946788,-207.53093623485304,-270.3724574541343
G D Jones,1495.1666738214426,1495.1666738214426,1495.1666738214426,1495.1666738214426,817.0,27.0,39.2,183.0,0,9,0.6,0.6666666666666666,0.6666666666666666,0.6666666666666666,95.1666738214426,95.1666738214426,95.1666738214426,95.1666738214426
Marcus Willis,1400.0,1400.0,1400.0,1434.9437600058282,772.0,26.0,34.7,191.0,1,0,0.0,0.0,0.0,0.0,0.0,0.0,0.0,0.0
Davit Babayan,1400.0,1400.0,1400.0,1400.0,2000.0,0.0,46.6,185.67156964873536,0,0,0.0,0.0,0.0,0.0,0.0,0.0,0.0,0.0
Francis Casey Alcantara,1475.457844194147,1428.5173953755916,1456.4698474726465,1475.457844194147,1189.0,6.0,33.4,175.0,0,9,0.8,0.6666666666666666,0.6666666666666666,0.6666666666666666,75.4578441941469,75.4578441941469,75.4578441941469,75.4578441941469
Peter Luczak,1624.566167245913,1656.6144957281476,1473.8408596171976,1673.644221255249,248.0,194.0,45.8,183.0,0,138,0.0,0.2,0.26,0.29,-54.83402779136418,-95.12794944850587,-83.09408852097363,-173.87641655233915
Mounir El Aarej,1623.0486059102293,1663.4170972373415,1742.7968518102368,1704.3260976990032,386.0,79.0,47.8,185.67156964873536,0,72,0.2,0.2727272727272727,0.2727272727272727,0.2727272727272727,-64.79428536093337,-81.27749178877389,-81.27749178877389,-81.27749178877389
Mathieu Rodrigues,1443.7978023604076,1443.7978023604076,1443.7978023604076,1443.7978023604076,275.0,173.0,39.8,180.0,0,1,1.0,1.0,1.0,1.0,43.79780236040756,43.79780236040756,43.79780236040756,43.79780236040756
Aissa Benchakroun,1400.0,1400.0,1400.0,1400.0,1671.0,1.0,22.9,186.27336318231923,0,0,0.0,0.0,0.0,0.0,0.0,0.0,0.0,0.0
Muhammad Althaf Dhaifullah,1400.0,1400.0,1400.0,1400.0,2000.0,0.0,24.1,185.67156964873536,0,0,0.0,0.0,0.0,0.0,0.0,0.0,0.0,0.0
Pavel Chekhov,1400.0,1400.0,1400.0,1400.0,334.0,101.0,37.2,185.67156964873536,0,0,0.0,0.0,0.0,0.0,0.0,0.0,0.0,0.0
Matteo Donati,1400.0,1400.0,1446.4349445775615,1400.0,282.0,172.0,30.1,185.0,0,0,0.0,0.0,0.0,0.0,0.0,0.0,0.0,0.0
Jose  Flores,1400.0,1400.0,1400.0,1400.0,2000.0,0.0,29.1,185.67156964873536,0,0,0.0,0.0,0.0,0.0,0.0,0.0,0.0,0.0
Pavel Katliarov,1400.0,1400.0,1400.0,1400.0,977.0,10.0,37.3,185.67156964873536,0,0,0.0,0.0,0.0,0.0,0.0,0.0,0.0,0.0
Rik De Voest,1504.391326684422,1655.473933190537,1575.3823215981886,1618.0767496728815,261.0,176.0,44.8,180.0,0,96,0.4,0.32,0.36,0.3837209302325581,-87.25265688708782,-139.68590507862996,-202.00900825502663,-157.05329641085063
Marin Cilic,1886.442520940354,1390.7848931985689,1539.783407968021,1687.045835524506,196.0,298.0,37.1,198.0,0,932,0.2,0.4,0.58,0.56,-127.43487437804195,-121.47535479931958,-44.99023524838299,-43.87331224107129
Adam Kellner,1378.636212150415,1408.106077886715,1363.3713274459394,1378.636212150415,346.0,122.0,38.6,186.27336318231923,0,12,0.4,0.4166666666666667,0.4166666666666667,0.4166666666666667,-21.363787849584924,-21.363787849584924,-21.363787849584924,-21.363787849584924
Stefano Napolitano,1463.632246716186,1422.6964275392447,1501.8643011531396,1422.6964275392447,125.0,497.0,30.2,196.0,0,9,0.4,0.3333333333333333,0.3333333333333333,0.3333333333333333,40.93581917694132,40.93581917694132,40.93581917694132,40.93581917694132
Giovani Samaha,1400.0,1400.0,1400.0,1400.0,1573.0,2.0,30.9,185.67156964873536,1,0,0.0,0.0,0.0,0.0,0.0,0.0,0.0,0.0
Emilio Benfele Alvarez,1803.323280448683,1795.3185404300773,1877.2876936075247,1803.323280448683,122.0,320.0,52.6,183.0,0,69,0.2,0.3684210526315789,0.3684210526315789,0.3684210526315789,-51.91098575470323,-51.91098575470323,-51.91098575470323,-51.91098575470323
Davide Sanguinetti,1702.7132312696174,1906.420561639658,1757.6029583688946,1840.304214949392,253.0,148.0,53.0,188.0,0,344,0.0,0.32,0.32,0.41,-92.83199449819836,-100.13550336677758,-225.3038407636875,-105.7323967767802
Adam Hornby,1359.2130251942592,1400.0,1381.7571165154943,1359.2130251942592,2000.0,0.0,29.6,185.67156964873536,0,2,0.0,0.0,0.0,0.0,-40.78697480574078,-40.78697480574078,-40.78697480574078,-40.78697480574078
Shao Xuan Zeng,1485.7219866946502,1504.04169556371,1485.7219866946502,1485.7219866946502,393.0,96.0,44.1,185.0,0,14,0.6,0.3571428571428571,0.3571428571428571,0.3571428571428571,85.72198669465024,85.72198669465024,85.72198669465024,85.72198669465024
Aqeel Khan,1472.4370379899428,1426.9366600514952,1368.6411423425795,1527.3229559798026,2000.0,0.0,45.6,186.27336318231923,0,70,0.6,0.64,0.46,0.4142857142857143,69.787635282662,103.58793174330869,64.53394325283534,72.43703798994284
Nicolas Barrientos,1349.6578712357798,1343.312759166198,1428.3778309745576,1349.6578712357798,510.0,68.0,37.7,175.0,0,5,0.2,0.2,0.2,0.2,-50.342128764220206,-50.342128764220206,-50.342128764220206,-50.342128764220206
Jonathan Mridha,1389.3900629216396,1400.0,1389.3900629216396,1389.3900629216396,1094.0,8.0,30.4,183.0,0,1,0.0,0.0,0.0,0.0,-10.609937078360415,-10.609937078360415,-10.609937078360415,-10.609937078360415
Hong Kit Jack Wong,1373.7393367293805,1373.7393367293805,1373.7393367293805,1373.7393367293805,1643.0,2.0,26.4,186.27336318231923,0,7,0.4,0.4285714285714285,0.4285714285714285,0.4285714285714285,-26.26066327061972,-26.26066327061972,-26.26066327061972,-26.26066327061972
Carlos Gimeno Valero,1400.0,1400.0,1400.0,1400.0,369.0,114.0,23.8,191.0,0,0,0.0,0.0,0.0,0.0,0.0,0.0,0.0,0.0
Benito Jose Suriano,1373.4662166887006,1400.0,1400.0,1373.4662166887006,2000.0,0.0,35.0,186.27336318231923,0,1,0.0,0.0,0.0,0.0,-26.53378331129943,-26.53378331129943,-26.53378331129943,-26.53378331129943
Baris Erguden,1375.0,1400.0,1375.0,1375.0,1606.0,1.0,39.0,185.67156964873536,0,1,0.0,0.0,0.0,0.0,-25.0,-25.0,-25.0,-25.0
Julen Uriguen,1358.7873255894294,1400.320000096147,1383.2431165842004,1358.7873255894294,1076.0,5.0,33.9,186.27336318231923,0,4,0.25,0.25,0.25,0.25,-41.21267441057057,-41.21267441057057,-41.21267441057057,-41.21267441057057
Xavier Malisse,1664.309339692988,1645.345489197233,1686.0938008876255,2016.3132363331276,113.0,495.0,45.1,185.0,0,580,0.2,0.36,0.44,0.45,-84.71545418457913,-98.49656810119724,-90.99434740658285,-173.70354984824462
Rameez Junaid,1399.0500181856949,1400.0,1399.0500181856949,1400.0,334.0,117.0,44.0,185.67156964873536,0,1,0.0,0.0,0.0,0.0,-0.949981814305147,-0.949981814305147,-0.949981814305147,-0.949981814305147
Pascal Schaul,1447.834198237171,1400.0,1424.911903283787,1447.834198237171,2000.0,0.0,46.2,185.67156964873536,0,2,1.0,1.0,1.0,1.0,47.834198237171,47.834198237171,47.834198237171,47.834198237171
Vincenzo Santopadre,1799.3306910055026,1799.3306910055026,1843.848055165068,1799.3306910055026,145.0,259.0,53.4,183.0,1,55,0.2,0.2,0.2,0.2,-29.25547805585893,-29.25547805585893,-29.25547805585893,-29.25547805585893
Marcos Giron,1730.738748425016,1639.3490280222284,1385.41297127102,1466.0718670318142,49.0,1105.0,32.2,180.0,0,221,0.6,0.56,0.52,0.47,28.647831210437744,18.13470445421672,82.8299225698006,3.356503695334822
Alti Vahkal,1428.495142595537,1400.0,1400.0,1428.495142595537,2000.0,0.0,50.9,185.67156964873536,0,3,0.3333333333333333,0.3333333333333333,0.3333333333333333,0.3333333333333333,28.495142595536663,28.495142595536663,28.495142595536663,28.495142595536663
Charles Irie,1400.0,1400.0,1400.0,1400.0,2000.0,0.0,40.0,185.67156964873536,0,0,0.0,0.0,0.0,0.0,0.0,0.0,0.0,0.0
Noam Okun,1632.4143533876052,1762.2228561854818,1797.370164012635,1743.114597371829,1087.0,6.0,46.7,185.0,0,140,0.2,0.4,0.42,0.3888888888888889,-104.38970997833484,-163.98290868185745,-133.5332018663555,-186.03316465144508
Mose Navarra,1853.7721041634752,1853.7721041634752,1836.860686530838,1853.7721041634752,428.0,61.0,50.7,180.0,1,52,0.5,0.5,0.5,0.5,8.32518054690695,8.32518054690695,8.32518054690695,8.32518054690695
Marcelo Charpentier,1757.4190833397552,1757.4190833397552,1762.0099602106206,1757.4190833397552,194.0,182.0,51.6,180.0,1,57,0.0,0.1428571428571428,0.1428571428571428,0.1428571428571428,-35.20046256010869,-35.20046256010869,-35.20046256010869,-35.20046256010869
Roman Recarte,1413.3122596206374,1362.597173150587,1425.598042994868,1413.3122596206374,600.0,37.0,38.0,185.67156964873536,0,6,0.4,0.5,0.5,0.5,13.312259620637406,13.312259620637406,13.312259620637406,13.312259620637406
Finn Tearney,1348.4555021505832,1348.4555021505832,1348.4555021505832,1348.4555021505832,1018.0,9.0,34.4,183.0,0,4,0.0,0.0,0.0,0.0,-51.54449784941676,-51.54449784941676,-51.54449784941676,-51.54449784941676
Michail Pervolarakis,1345.8062728000143,1368.85140372823,1400.0,1345.8062728000143,506.0,70.0,28.5,193.0,0,12,0.2,0.1666666666666666,0.1666666666666666,0.1666666666666666,-54.19372719998546,-54.19372719998546,-54.19372719998546,-54.19372719998546
Amer Naow,1400.0,1400.0,1400.0,1400.0,2000.0,0.0,30.1,185.67156964873536,0,0,0.0,0.0,0.0,0.0,0.0,0.0,0.0,0.0
Alex De Minaur,2015.8209868708595,1818.428224456997,1424.1076250033138,1522.2579633982955,9.0,3745.0,26.7,183.0,0,409,0.0,0.6,0.66,0.68,-104.62308876376778,-37.6164179310756,-9.032291426312897,100.87134641817715
Juan Borba,1349.3785948379984,1349.3785948379984,1349.3785948379984,1349.3785948379984,2000.0,0.0,29.4,185.67156964873536,0,4,0.25,0.25,0.25,0.25,-50.621405162001565,-50.621405162001565,-50.621405162001565,-50.621405162001565
Todd Martin,1858.7238023499556,2096.8376820776825,2037.592245923198,2242.478165713137,96.0,448.0,55.1,198.0,0,645,0.2,0.4,0.5,0.54,-74.93829206421765,-115.07999056000858,-99.1338804951306,-226.4280004648413
Sebastian Fanselow,1400.0,1400.0,1400.0,1400.0,316.0,166.0,33.3,185.67156964873536,0,0,0.0,0.0,0.0,0.0,0.0,0.0,0.0,0.0
Jonathan Erlich,1788.5972785930155,1789.6990793612515,1788.5972785930155,1734.504942548578,557.0,34.0,48.4,180.0,0,59,0.6,0.5555555555555556,0.5555555555555556,0.5555555555555556,39.32541458834544,39.32541458834544,39.32541458834544,39.32541458834544
Kimmer Coppejans,1412.6758839273068,1398.4631852863,1442.3150678556642,1401.4319304972869,186.0,326.0,31.6,178.0,0,20,0.2,0.2,0.2,0.2,11.243953430020156,6.202042244033009,6.202042244033009,6.202042244033009
Cem Ilkel,1281.7504962580165,1479.919324508171,1281.8740333418991,1362.1931971904785,474.0,87.0,30.0,185.0,0,39,0.4,0.24,0.2307692307692307,0.2307692307692307,25.076815722729638,-71.4414901113746,-118.24950374198352,-118.24950374198352
Oliver Freelove,1597.037309886352,1597.037309886352,1597.037309886352,1597.037309886352,620.0,23.0,48.7,185.67156964873536,0,10,0.0,0.0,0.0,0.0,0.0,0.0,0.0,0.0
Louk Sorensen,1516.24749502318,1429.394248513301,1432.30278748943,1516.24749502318,236.0,206.0,40.4,175.0,0,10,0.4,0.5,0.5,0.5,116.24749502317992,116.24749502317992,116.24749502317992,116.24749502317992
Oscar Rodriguez Sanchez,1400.0,1400.0,1400.0,1400.0,857.0,11.0,40.3,185.67156964873536,0,0,0.0,0.0,0.0,0.0,0.0,0.0,0.0,0.0
Luke Bourgeois,1599.1277450390255,1599.1277450390255,1599.1277450390255,1599.1277450390255,369.0,92.0,47.8,188.0,0,11,0.0,0.0,0.0,0.0,-5.1096477684561705,-5.1096477684561705,-5.1096477684561705,-5.1096477684561705
Bowen Ouyang,1400.0,1400.0,1400.0,1400.0,1098.0,9.0,33.3,186.0,1,0,0.0,0.0,0.0,0.0,0.0,0.0,0.0,0.0
Kristian Pless,1650.6300940133533,1718.384666210956,1638.49466813654,1663.8019849279217,2000.0,0.0,43.9,188.0,0,182,0.0,0.24,0.26,0.32,-136.75983732845089,-127.33897296756732,-218.40405215278724,-331.2275707198171
Hans Podlipnik Castillo,1420.127865117268,1400.0,1422.9089359193265,1420.127865117268,198.0,267.0,37.1,183.0,0,6,0.4,0.3333333333333333,0.3333333333333333,0.3333333333333333,20.12786511726813,20.12786511726813,20.12786511726813,20.12786511726813
Pierre Ludovic Duclos,1432.6855499021988,1437.101053267838,1432.6855499021988,1400.0,244.0,190.0,39.4,188.0,0,3,0.3333333333333333,0.3333333333333333,0.3333333333333333,0.3333333333333333,32.68554990219877,32.68554990219877,32.68554990219877,32.68554990219877
Matt Reid,1400.0,1400.0,1400.0,1400.0,216.0,220.0,34.9,183.0,0,0,0.0,0.0,0.0,0.0,0.0,0.0,0.0,0.0
Fabiano De Paula,1400.0,1400.0,1400.0,1400.0,458.0,86.0,36.6,178.0,0,0,0.0,0.0,0.0,0.0,0.0,0.0,0.0,0.0
Eddy Chala,1400.0,1400.0,1425.0,1400.0,1263.0,8.0,40.0,186.27336318231923,0,0,0.0,0.0,0.0,0.0,0.0,0.0,0.0,0.0
Tomas Tenconi,1436.0508257777424,1436.0508257777424,1436.0508257777424,1436.0508257777424,147.0,299.0,44.7,178.0,0,2,0.5,0.5,0.5,0.5,36.050825777742375,36.050825777742375,36.050825777742375,36.050825777742375
Michael Ryderstedt,1551.512446482314,1509.0993221783,1445.7648060000754,1551.512446482314,457.0,76.0,40.8,188.0,1,24,0.0,0.3333333333333333,0.3333333333333333,0.3333333333333333,19.49375006791797,151.5124464823141,151.5124464823141,151.5124464823141
Brian Shi,1400.0,1400.0,1400.0,1400.0,2000.0,0.0,24.9,185.67156964873536,0,0,0.0,0.0,0.0,0.0,0.0,0.0,0.0,0.0
Haithem Abid,1297.2909870424496,1343.7652886071917,1366.8023231077457,1297.2909870424496,804.0,17.0,39.7,185.67156964873536,1,8,0.0,0.125,0.125,0.125,-102.7090129575504,-102.7090129575504,-102.7090129575504,-102.7090129575504
Alberto Emmanuel Alvarado Larin,1241.5188723973788,1257.0481299645264,1400.0,1241.5188723973788,2000.0,0.0,30.2,185.67156964873536,0,9,0.0,0.0,0.0,0.0,-158.4811276026212,-158.4811276026212,-158.4811276026212,-158.4811276026212
Jurabek Karimov,1413.989787109172,1400.0,1372.4472969185313,1413.989787109172,873.0,14.0,27.2,186.27336318231923,0,2,0.5,0.5,0.5,0.5,13.989787109172084,13.989787109172084,13.989787109172084,13.989787109172084
Jesus Francisco Felix,1393.4980865331802,1375.7434902667555,1446.6130277929203,1393.4980865331802,2000.0,0.0,44.8,185.67156964873536,0,4,0.5,0.5,0.5,0.5,-6.501913466819815,-6.501913466819815,-6.501913466819815,-6.501913466819815
Guillermo Hormazabal,1330.7910088808449,1400.0,1371.855670243015,1330.7910088808449,289.0,158.0,40.5,185.67156964873536,0,5,0.0,0.0,0.0,0.0,-69.20899111915514,-69.20899111915514,-69.20899111915514,-69.20899111915514
Titouan Droguet,1436.9896586198197,1447.5589763132898,1430.101166882354,1436.9896586198197,174.0,338.0,24.3,191.0,0,3,0.3333333333333333,0.3333333333333333,0.3333333333333333,0.3333333333333333,6.888491737465529,6.888491737465529,6.888491737465529,6.888491737465529
Laurence Tieleman,1825.9301121716112,1913.1555218474932,1879.053694801475,1891.9564519397463,138.0,279.0,52.9,180.0,0,178,0.4,0.36,0.3571428571428571,0.3571428571428571,-64.71115447390571,-92.2141120428032,-92.2141120428032,-92.2141120428032
Andres Bucaro,1379.619655483641,1400.0,1400.0,1379.619655483641,2000.0,0.0,34.3,185.67156964873536,0,1,0.0,0.0,0.0,0.0,-20.380344516358942,-20.380344516358942,-20.380344516358942,-20.380344516358942
Daniel Cukierman,1395.1637933757063,1398.329046976914,1375.02945885614,1395.1637933757063,508.0,77.0,30.1,186.27336318231923,0,8,0.4,0.375,0.375,0.375,-4.836206624293709,-4.836206624293709,-4.836206624293709,-4.836206624293709
Massimo Dellacqua,1694.1798574744912,1712.2300620696042,1718.3715134813342,1741.169201857151,472.0,57.0,45.7,193.0,0,54,0.0,0.0,0.0,0.0,-30.52077521524961,-30.52077521524961,-30.52077521524961,-30.52077521524961
Wisnu Adi Nugroho,1369.7162693970688,1369.7162693970688,1369.7162693970688,1369.7162693970688,1787.0,1.0,31.4,185.67156964873536,0,5,0.2,0.2,0.2,0.2,-30.2837306029312,-30.2837306029312,-30.2837306029312,-30.2837306029312
Ronaldo Carvalho,1600.260837613789,1600.260837613789,1600.260837613789,1600.260837613789,435.0,56.0,46.5,185.67156964873536,0,10,0.0,0.0,0.0,0.0,0.0,0.0,0.0,0.0
Alastair Gray,1364.3287220427665,1364.3287220427665,1364.3287220427665,1364.3287220427665,288.0,173.0,27.0,193.0,0,2,0.0,0.0,0.0,0.0,-35.67127795723354,-35.67127795723354,-35.67127795723354,-35.67127795723354
Mark Nielsen,1689.4410136638476,1746.7729159290743,1788.5969627313457,1784.3181179205062,2000.0,0.0,47.4,185.0,0,82,0.6,0.44,0.46875,0.46875,-57.8640603820545,-94.87710425665864,-94.87710425665864,-94.87710425665864
Federico Browne,1830.7996196726967,1835.7349222658052,1888.4927543759984,1830.7996196726967,181.0,212.0,49.1,180.0,0,76,0.2,0.4,0.3846153846153846,0.3846153846153846,-85.91096624925603,-30.1002497788013,-30.1002497788013,-30.1002497788013
Michael Russell,1538.3072817582083,1844.6055308308207,1641.4963707557706,1682.7202176852172,156.0,325.0,46.7,173.0,0,274,0.2,0.32,0.36,0.37,-76.03514884789547,-151.8326066366824,-131.09975183232427,-114.44686790458218
Victor Hanescu,1657.4372988393652,1473.4439178957116,1871.942717644853,1508.510332763166,146.0,375.0,43.6,198.0,0,453,0.2,0.36,0.38,0.37,-8.550428167148084,-66.35485624781177,-69.95530143644282,-132.26152104393714
Arthur Cazaux,1600.8581249661638,1641.8485921198774,1371.4221002691966,1408.272078581587,85.0,678.0,23.1,183.0,0,28,0.6,0.4,0.3928571428571428,0.3928571428571428,87.43232043321132,200.8581249661638,200.8581249661638,200.8581249661638
Alexandre Simoni,1723.2728765772638,1784.7980837813443,1784.555447229528,1762.31099165646,301.0,114.0,45.7,188.0,0,82,0.2,0.24,0.3125,0.3125,-76.57607273446706,-64.85352253170436,-64.85352253170436,-64.85352253170436
Joseph Victorino,1315.0474631465108,1350.8685387796047,1370.1419723746071,1315.0474631465108,2000.0,0.0,41.4,185.67156964873536,0,7,0.2,0.1428571428571428,0.1428571428571428,0.1428571428571428,-84.95253685348916,-84.95253685348916,-84.95253685348916,-84.95253685348916
Roberto Carretero,1855.862455599036,1855.862455599036,1855.862455599036,1855.862455599036,1236.0,2.0,50.0,178.0,0,53,0.6666666666666666,0.6666666666666666,0.6666666666666666,0.6666666666666666,30.254435507578137,30.254435507578137,30.254435507578137,30.254435507578137
Bostjan Osabnik,1452.94691129394,1411.4371749991806,1400.841505307645,1452.94691129394,381.0,76.0,43.1,185.67156964873536,0,6,0.6,0.5,0.5,0.5,52.94691129394005,52.94691129394005,52.94691129394005,52.94691129394005
Simone Vagnozzi,1527.4402358025989,1527.4402358025989,1527.4402358025989,1527.4402358025989,192.0,281.0,42.1,173.0,0,10,0.6,0.4,0.4,0.4,127.44023580259886,127.44023580259886,127.44023580259886,127.44023580259886
Mikael Ymer,1675.8498776609115,1643.1399189277186,1455.5334175316502,1407.9485518683994,59.0,831.0,26.8,183.0,0,149,0.4,0.4,0.5,0.49,-79.74201054392324,-83.51000593668755,-24.03348949220981,25.66450094321613
Michael Geerts,1426.0291848973702,1392.3215824081094,1400.0,1426.0291848973702,268.0,189.0,30.7,178.0,0,2,0.5,0.5,0.5,0.5,26.02918489737021,26.02918489737021,26.02918489737021,26.02918489737021
Adam Thompson,1418.6942608054908,1395.602557991303,1418.6942608054908,1418.6942608054908,830.0,32.0,42.5,186.27336318231923,0,4,0.5,0.5,0.5,0.5,18.694260805490785,18.694260805490785,18.694260805490785,18.694260805490785
Torsten Popp,1397.5848094445032,1397.5848094445032,1397.5848094445032,1397.5848094445032,222.0,178.0,41.6,185.67156964873536,0,1,0.0,0.0,0.0,0.0,-2.4151905554967925,-2.4151905554967925,-2.4151905554967925,-2.4151905554967925
Anton Tsymbalov,1405.7807904368967,1423.132724537499,1400.0,1405.7807904368967,2000.0,0.0,40.0,186.27336318231923,0,4,0.5,0.5,0.5,0.5,5.780790436896723,5.780790436896723,5.780790436896723,5.780790436896723
Kevin Kim,1558.5226477116996,1760.643680180105,1732.0488161559367,1724.9337321429466,151.0,334.0,47.0,180.0,0,187,0.2,0.32,0.22,0.28,15.14089628353736,-30.953223090948317,-140.5748741984903,-233.72411113666655
Janez Semrajc,1518.5028479248006,1439.5617722302616,1448.006862821514,1518.5028479248006,305.0,146.0,35.5,185.67156964873536,0,4,1.0,1.0,1.0,1.0,118.50284792480056,118.50284792480056,118.50284792480056,118.50284792480056
Ben Shelton,1843.70737665836,1825.134277790532,1424.1155580549146,1333.1443166247927,21.0,2330.0,23.1,193.0,1,122,0.6,0.64,0.62,0.59,15.344257583238914,38.526099057473175,72.73012087844131,244.0071366913976
Ryan Henry,1400.0,1400.0,1400.0,1400.0,578.0,30.0,40.2,183.0,0,0,0.0,0.0,0.0,0.0,0.0,0.0,0.0,0.0
Martin Alund,1626.5612548388428,1626.5612548388428,1629.4672132960077,1486.4031063640027,131.0,430.0,39.1,183.0,0,16,0.4,0.4375,0.4375,0.4375,140.15814847484012,140.15814847484012,140.15814847484012,140.15814847484012
Rinky Hijikata,1642.064608144432,1628.8329087109662,1359.1581333616566,1476.9970258686649,78.0,718.0,24.6,178.0,0,63,0.6,0.4,0.44,0.4444444444444444,65.7979536142359,-4.789159919340364,93.95531176317309,242.064608144432
Mehdi Ziadi,1341.6076502479325,1341.6076502479325,1345.542301455611,1400.0,757.0,21.0,38.5,185.67156964873536,0,8,0.0,0.0,0.0,0.0,-58.3923497520675,-58.3923497520675,-58.3923497520675,-58.3923497520675
Todd Reid,1749.18636153304,1724.4629512016377,1400.0,1488.2753076318695,175.0,246.0,40.6,180.0,0,35,0.0,0.44,0.4,0.4,56.48989190637735,350.2666510615368,349.1863615330401,349.1863615330401
Sergey Makashin,1405.0886410178243,1376.63048780465,1400.0,1405.0886410178243,2000.0,0.0,45.5,185.67156964873536,0,2,0.5,0.5,0.5,0.5,5.0886410178243295,5.0886410178243295,5.0886410178243295,5.0886410178243295
Benjamin Balleret,1490.88132151826,1374.7675838895204,1570.8083724846372,1490.88132151826,2000.0,0.0,42.6,185.0,0,56,0.4,0.4,0.5,0.5,-46.60957277391663,-71.605523353139,-66.27895556340013,90.88132151825994
Daniel Rincon,1380.754476646203,1380.754476646203,1380.754476646203,1380.754476646203,216.0,283.0,22.2,185.0,1,2,0.0,0.0,0.0,0.0,-19.245523353796894,-19.245523353796894,-19.245523353796894,-19.245523353796894
Chase Buchanan,1399.241323180576,1399.241323180576,1399.241323180576,1399.241323180576,172.0,302.0,34.1,193.0,0,1,0.0,0.0,0.0,0.0,-0.7586768194239539,-0.7586768194239539,-0.7586768194239539,-0.7586768194239539
Luis Felipe Noriega,1400.0,1400.0,1400.0,1400.0,2000.0,0.0,42.0,186.27336318231923,0,0,0.0,0.0,0.0,0.0,0.0,0.0,0.0,0.0
Radim Zitko,1697.2784193049654,1705.1995423863573,1705.1995423863573,1697.2784193049654,487.0,52.0,46.6,185.67156964873536,0,51,0.0,0.0,0.0,0.0,-7.921123081391897,-7.921123081391897,-7.921123081391897,-7.921123081391897
Hyun Joon Kim,1410.1367730985644,1424.3422738627514,1400.0,1410.1367730985644,800.0,15.0,37.3,186.27336318231923,1,2,0.5,0.5,0.5,0.5,10.13677309856439,10.13677309856439,10.13677309856439,10.13677309856439
Ricardas Berankis,1620.7541319732948,1720.442704327777,1352.9479836450982,1344.8350716960972,248.0,238.0,34.6,175.0,0,286,0.4,0.48,0.44,0.46,38.038290303644544,-2.984315829487741,20.29959581016556,72.60496653700739
Pablo Cuevas,1547.2583981110324,1372.0527645125735,1677.3176003211206,1354.1123857203777,149.0,418.0,39.3,180.0,0,462,0.4,0.36,0.38,0.46,-141.6473769065965,-125.84917496446928,-144.83360199699837,-231.1898315379358
Ugo Blanchet,1386.1624320590156,1400.8758679952427,1440.2562352202317,1386.1624320590156,161.0,370.0,26.5,175.0,0,1,0.0,0.0,0.0,0.0,-14.713435936227144,-14.713435936227144,-14.713435936227144,-14.713435936227144
Sergio Rojas,1400.0,1400.0,1400.0,1400.0,2000.0,0.0,36.6,185.67156964873536,0,0,0.0,0.0,0.0,0.0,0.0,0.0,0.0,0.0
Sasi Kumar Mukund,1340.297012308019,1363.7332969299596,1340.297012308019,1400.0,365.0,137.0,28.6,185.0,0,3,0.0,0.0,0.0,0.0,-59.70298769198098,-59.70298769198098,-59.70298769198098,-59.70298769198098
Austin Smith,1400.0,1400.0,1400.0,1400.0,2000.0,0.0,31.6,185.67156964873536,0,0,0.0,0.0,0.0,0.0,0.0,0.0,0.0,0.0
Sergei Bubka,1628.6926243700368,1563.1473588287463,1400.8632121946866,1425.1151653596637,174.0,296.0,38.5,188.0,0,29,0.2,0.44,0.4827586206896552,0.4827586206896552,61.00217086804287,228.6926243700368,228.6926243700368,228.6926243700368
Rafael Avalos Brenes,1373.317793129905,1373.317793129905,1373.317793129905,1373.317793129905,2000.0,0.0,63.6,186.27336318231923,0,5,0.2,0.2,0.2,0.2,-26.68220687009466,-26.68220687009466,-26.68220687009466,-26.68220687009466
Jean Claude Scherrer,1617.013456622443,1646.2982964433395,1617.013456622443,1656.2668533407832,1121.0,5.0,47.1,188.0,0,14,0.0,0.0,0.0,0.0,-54.1829742593261,-54.1829742593261,-54.1829742593261,-54.1829742593261
Jose De Armas,1729.0560487743285,1731.0056222922874,1689.5384980969902,1729.0560487743285,662.0,28.0,44.4,185.67156964873536,0,80,0.6,0.64,0.6,0.6,-39.20038348900175,20.002417680338112,20.002417680338112,20.002417680338112
Hiroki Moriya,1427.32973667611,1453.8938490142914,1427.32973667611,1400.0,253.0,193.0,34.9,168.0,0,12,0.2,0.1666666666666666,0.1666666666666666,0.1666666666666666,27.32973667610986,27.32973667610986,27.32973667610986,27.32973667610986
Lester Cook,1400.0,1400.0,1400.0,1400.0,1445.0,1.0,41.2,180.0,0,0,0.0,0.0,0.0,0.0,0.0,0.0,0.0,0.0
Ando Rasolomalala,1377.0528851790148,1377.0528851790148,1400.0,1377.0528851790148,2000.0,0.0,34.7,185.67156964873536,0,1,0.0,0.0,0.0,0.0,-22.947114820985234,-22.947114820985234,-22.947114820985234,-22.947114820985234
Iliyan Radulov,1400.0,1400.0,1400.0,1400.0,766.0,30.0,20.2,187.0,0,0,0.0,0.0,0.0,0.0,0.0,0.0,0.0,0.0
Jad Ballout,1371.228144219277,1400.0,1400.0,1371.228144219277,2000.0,0.0,28.3,185.67156964873536,0,1,0.0,0.0,0.0,0.0,-28.771855780722944,-28.771855780722944,-28.771855780722944,-28.771855780722944
Simon Larose,1765.8802062353795,1800.6094936088057,1656.641752159807,1765.8802062353795,301.0,105.0,47.2,190.0,0,73,0.2,0.391304347826087,0.391304347826087,0.391304347826087,82.37388696315543,64.70755573985184,64.70755573985184,64.70755573985184
Alexandru Andronachi,1400.0,1400.0,1400.0,1400.0,2000.0,0.0,42.1,185.67156964873536,0,0,0.0,0.0,0.0,0.0,0.0,0.0,0.0,0.0
Rares Cuzdriorean,1325.394940052979,1335.3843631940308,1400.0,1325.394940052979,2000.0,0.0,38.6,185.67156964873536,0,4,0.0,0.0,0.0,0.0,-74.60505994702089,-74.60505994702089,-74.60505994702089,-74.60505994702089
Nemanja Kontic,1400.0,1400.0,1400.0,1400.0,2000.0,0.0,43.9,185.67156964873536,0,0,0.0,0.0,0.0,0.0,0.0,0.0,0.0,0.0
Steve Johnson,1652.7131580031826,1456.885716419469,1491.0543878212843,1513.7448164073346,246.0,240.0,35.1,188.0,0,404,0.4,0.44,0.46,0.45,-93.4441618748458,-51.898296298960986,-53.08959460486676,-67.39152958948739
Hugo Armando,1758.6758729300363,1813.439535232073,1726.1263274488217,1758.6758729300363,205.0,192.0,46.8,183.0,0,92,0.6,0.36,0.3095238095238095,0.3095238095238095,46.76534328351795,-38.6201912815477,-12.39844306924124,-12.39844306924124
Alec Beckley,1400.0,1400.0,1400.0,1400.0,641.0,48.0,24.2,183.0,0,0,0.0,0.0,0.0,0.0,0.0,0.0,0.0,0.0
Sergio Galdos,1489.7538651937257,1489.7538651937257,1489.7538651937257,1489.7538651937257,860.0,17.0,35.0,180.0,0,4,1.0,1.0,1.0,1.0,89.75386519372569,89.75386519372569,89.75386519372569,89.75386519372569
Juan Ignacio Chela,1573.6438361315963,1756.0747824614286,2031.2154489029983,1670.2842100321698,83.0,620.0,45.8,190.0,0,651,0.0,0.36,0.48,0.52,-127.41157974674684,-215.8472025349088,-197.83730645722835,-126.5241855583538
Sebastian Quiros,1372.398884360575,1400.0,1400.0,1372.398884360575,1774.0,1.0,26.9,185.67156964873536,0,1,0.0,0.0,0.0,0.0,-27.60111563942496,-27.60111563942496,-27.60111563942496,-27.60111563942496
Christian Sigsgaard,1408.758097604234,1377.993033673901,1408.758097604234,1400.0,820.0,19.0,28.4,188.0,0,6,0.4,0.5,0.5,0.5,8.758097604233853,8.758097604233853,8.758097604233853,8.758097604233853
Jason Kubler,1626.258138022074,1471.9899671528303,1463.555513419184,1506.691001400109,113.0,561.0,31.6,178.0,0,61,0.2,0.4,0.5,0.4590163934426229,-101.09657461297412,-29.99684068355145,151.05598931880058,226.25813802207404
Bruno Rodriguez,1435.9779550275327,1435.9779550275327,1425.8996875055248,1435.9779550275327,914.0,12.0,38.8,186.27336318231923,0,5,0.6,0.6,0.6,0.6,35.977955027532744,35.977955027532744,35.977955027532744,35.977955027532744
Hiroki Kondo,1615.9444916240243,1615.9444916240243,1615.9444916240243,1615.9444916240243,589.0,39.0,42.9,178.0,0,13,0.3333333333333333,0.3333333333333333,0.3333333333333333,0.3333333333333333,17.369838301324762,17.369838301324762,17.369838301324762,17.369838301324762
Gilles Arnaud Bailly,1389.279549276197,1389.279549276197,1389.279549276197,1389.279549276197,869.0,21.0,20.0,180.0,0,1,0.0,0.0,0.0,0.0,-10.72045072380297,-10.72045072380297,-10.72045072380297,-10.72045072380297
Ugo Humbert,1794.1557894569405,1861.047270074857,1277.5177071529874,1590.4981281584369,18.0,2385.0,27.3,188.0,1,265,0.4,0.52,0.56,0.6,-68.96077624642976,-142.56062013500696,-89.8669027292442,156.0797020780101
Ismael Changawa Ruwa Mzai,1400.0,1400.0,1400.0,1400.0,2000.0,0.0,28.6,185.67156964873536,1,0,0.0,0.0,0.0,0.0,0.0,0.0,0.0,0.0
Michel Koning,1400.0,1400.0,1400.0,1400.0,793.0,16.0,41.1,185.67156964873536,0,0,0.0,0.0,0.0,0.0,0.0,0.0,0.0,0.0
Ernests Gulbis,1684.4752933155894,1389.7125449496743,1532.195987072257,1389.137525478812,196.0,359.0,37.0,190.0,0,483,0.4,0.28,0.4,0.4,-96.16273712178167,-195.656888037292,-133.8675234840391,-164.87458128243725
Andreas Vinciguerra,1643.0438175796266,1825.868887963583,1764.5697395892823,1854.6070389741085,572.0,47.0,44.3,180.0,1,322,0.0,0.24,0.34,0.36,-135.66561404563004,-290.9536559720061,-259.32987452845714,-388.6435497612552
Eyal Ran,1769.6293287897404,1769.6293287897404,1769.6293287897404,1769.6293287897404,384.0,68.0,52.4,183.0,0,50,0.0,0.0,0.0,0.0,0.0,0.0,0.0,0.0
Coenie Van Wyk,1618.2940670654002,1618.2940670654002,1618.2940670654002,1618.2940670654002,2000.0,0.0,47.8,186.27336318231923,0,10,0.0,0.0,0.0,0.0,0.0,0.0,0.0,0.0
Jie Cui,1400.0,1400.0,1400.0,1400.0,583.0,60.0,27.6,183.0,0,0,0.0,0.0,0.0,0.0,0.0,0.0,0.0,0.0
Paul Baccanello,1674.5109746089497,1660.434674386217,1674.5109746089497,1655.3266755027198,276.0,144.0,45.5,183.0,0,19,0.2,0.2222222222222222,0.2222222222222222,0.2222222222222222,19.1842991062299,19.1842991062299,19.1842991062299,19.1842991062299
Anthony Susanto,1326.9064470122546,1376.1707786484994,1400.0,1326.9064470122546,2000.0,0.0,27.6,185.67156964873536,0,3,0.0,0.0,0.0,0.0,-73.0935529877454,-73.0935529877454,-73.0935529877454,-73.0935529877454
Ramkumar Ramanathan,1438.3946184202662,1277.394388205042,1400.0,1546.4714349573387,332.0,153.0,30.8,188.0,0,61,0.2,0.24,0.4,0.3934426229508196,-167.91537248621944,-139.2625377682125,-7.408520852649644,38.39461842026617
Sebastian Dominko,1350.756482041064,1400.0,1373.8805707214228,1350.756482041064,1107.0,8.0,21.7,203.0,1,2,0.0,0.0,0.0,0.0,-49.24351795893608,-49.24351795893608,-49.24351795893608,-49.24351795893608
Jerome Kym,1451.2737467775803,1451.2737467775803,1451.2737467775803,1451.2737467775803,140.0,421.0,22.6,198.0,0,2,1.0,1.0,1.0,1.0,51.2737467775803,51.2737467775803,51.2737467775803,51.2737467775803
Lior Mor,1794.912766494892,1807.1109497722305,1807.1109497722305,1794.912766494892,176.0,207.0,49.4,175.0,0,52,0.5,0.5,0.5,0.5,-12.198183277338558,-12.198183277338558,-12.198183277338558,-12.198183277338558
Adrians Zguns,1404.3092255760675,1404.3092255760675,1378.376079608361,1404.3092255760675,600.0,62.0,43.5,185.67156964873536,0,2,0.5,0.5,0.5,0.5,4.309225576067547,4.309225576067547,4.309225576067547,4.309225576067547
Thomas Kromann,1405.8333469771444,1370.917891187571,1400.0,1405.8333469771444,2000.0,0.0,37.6,185.67156964873536,1,3,0.3333333333333333,0.3333333333333333,0.3333333333333333,0.3333333333333333,5.8333469771444015,5.8333469771444015,5.8333469771444015,5.8333469771444015
Jurgen Zopp,1550.3749772354856,1491.644066244377,1551.81899487262,1365.4520656013092,133.0,437.0,37.5,190.0,0,62,0.4,0.36,0.38,0.3870967741935484,5.933711746153676,3.049814543190905,105.17972182251653,150.37497723548563
Stefano Pescosolido,1764.6793388114156,1814.332807297668,1794.1181673270978,1777.7054729847623,157.0,257.0,54.1,185.0,0,56,0.2,0.1666666666666666,0.1666666666666666,0.1666666666666666,-49.65346848625222,-49.65346848625222,-49.65346848625222,-49.65346848625222
Dejan Petrovic,1768.1690793421988,1803.52520350597,1768.1690793421988,1789.1838016460808,318.0,95.0,47.2,185.67156964873536,0,57,0.2,0.2857142857142857,0.2857142857142857,0.2857142857142857,-38.30476234107505,-38.30476234107505,-38.30476234107505,-38.30476234107505
Thomas Johansson,1764.7799213260837,2008.1859841251269,1746.6480420811283,2024.648608497625,178.0,456.0,49.9,180.0,0,714,0.4,0.36,0.48,0.49,-96.85326892523176,-109.59243272336062,-102.99578321122884,-139.39192411568752
Mahmoud Nader Al Baloushi,1400.0,1400.0,1400.0,1400.0,2000.0,0.0,44.7,185.67156964873536,0,0,0.0,0.0,0.0,0.0,0.0,0.0,0.0,0.0
Isak Arvidsson,1330.389135916618,1339.7274415101672,1400.0,1330.389135916618,569.0,57.0,32.4,188.0,0,8,0.0,0.0,0.0,0.0,-69.61086408338201,-69.61086408338201,-69.61086408338201,-69.61086408338201
Rabie Chaki,1465.7596238114247,1391.5519451683815,1439.7953849741862,1465.7596238114247,482.0,107.0,42.9,185.67156964873536,0,9,0.4,0.5555555555555556,0.5555555555555556,0.5555555555555556,65.75962381142472,65.75962381142472,65.75962381142472,65.75962381142472
Woong Sun Jun,1532.535380142875,1510.8404056204497,1416.455171321961,1400.0,246.0,157.0,39.2,190.0,0,21,0.2,0.4761904761904761,0.4761904761904761,0.4761904761904761,76.23716682812255,132.53538014287506,132.53538014287506,132.53538014287506
Andrew Anderson,1590.5774607245128,1590.5774607245128,1590.5774607245128,1590.5774607245128,1564.0,2.0,41.8,193.0,0,10,0.0,0.0,0.0,0.0,0.0,0.0,0.0,0.0
Enzo Couacaud,1404.907563160789,1423.1976281864156,1423.074509781521,1392.8398732330038,205.0,292.0,30.3,183.0,0,10,0.2,0.2,0.2,0.2,4.03169516554658,4.03169516554658,4.03169516554658,4.03169516554658
Luis Horna,1707.547914691112,1748.5203335891554,1936.0162934574248,1757.7287549842365,319.0,149.0,44.9,180.0,0,327,0.6,0.4,0.44,0.48,-140.98020213108475,-98.91136444391871,-157.5193142708372,-136.4049605610378
Zizou Bergs,1647.9831484053109,1568.293406169316,1494.847177840349,1410.5756785378564,61.0,886.0,26.4,185.0,0,59,0.6,0.52,0.4,0.3898305084745763,164.39372063649898,271.0678581294472,240.51068078522667,247.98314840531063
Quentin Halys,1697.9157086169466,1512.413763823887,1462.4771054040225,1512.3110840762115,84.0,693.0,29.0,191.0,0,96,0.4,0.48,0.5,0.3645833333333333,113.76930729541482,138.51463627813996,268.85575692714224,297.91570861694663
Francesco Piccari,1554.74921703724,1554.74921703724,1554.74921703724,1554.74921703724,406.0,137.0,45.6,185.67156964873536,0,11,0.0,0.0,0.0,0.0,-35.82824368727279,-35.82824368727279,-35.82824368727279,-35.82824368727279
Julio Cesar Campozano,1568.391295598006,1425.5653671845166,1555.8849387417768,1568.391295598006,495.0,71.0,39.1,185.67156964873536,0,24,0.8,0.5416666666666666,0.5416666666666666,0.5416666666666666,156.49554492013272,168.39129559800608,168.39129559800608,168.39129559800608
Diego Schwartzman,1533.7849755547882,1509.9879767069413,1589.6914502947106,1329.3482089181623,244.0,236.0,33.0,170.0,0,475,0.0,0.28,0.26,0.43,-126.6833947127584,-134.99993218615373,-284.9869110202221,-429.2910850411995
Edgardo Massa,1707.879017804208,1711.4613471107682,1744.5194849034813,1696.717914183852,240.0,163.0,44.5,180.0,0,73,0.4,0.3478260869565217,0.3478260869565217,0.3478260869565217,49.401628572466734,11.161103620356016,11.161103620356016,11.161103620356016
Nicolas Jarry,1715.250718822209,1358.8947747153366,1784.0500890471883,1417.715763265698,37.0,1365.0,30.0,201.0,0,227,0.4,0.36,0.48,0.57,-89.18414454208119,-151.46169952984383,-155.40409704331068,118.2254828730729
Navdeep Singh,1400.0,1400.0,1400.0,1400.0,817.0,15.0,39.5,185.67156964873536,0,0,0.0,0.0,0.0,0.0,0.0,0.0,0.0,0.0
Andreas Haider Maurer,1576.093851600892,1510.8311904155655,1521.8249491507452,1358.9479710849575,412.0,96.0,38.1,190.0,0,123,0.0,0.2,0.32,0.35,-132.93622230742085,-169.30980173670764,-129.3783273601373,-126.93066582073288
Horia Tecau,1395.2922929844876,1395.2922929844876,1395.2922929844876,1395.2922929844876,550.0,42.0,40.0,193.0,0,2,0.0,0.0,0.0,0.0,-4.707707015512369,-4.707707015512369,-4.707707015512369,-4.707707015512369
Christian Garay,1407.4585801447822,1407.4585801447822,1407.4585801447822,1407.4585801447822,2000.0,0.0,29.3,186.27336318231923,0,4,0.5,0.5,0.5,0.5,7.458580144782218,7.458580144782218,7.458580144782218,7.458580144782218
Stylianos Christodoulou,1373.921333347443,1400.0,1400.0,1373.921333347443,1114.0,8.0,20.2,186.27336318231923,0,1,0.0,0.0,0.0,0.0,-26.07866665255733,-26.07866665255733,-26.07866665255733,-26.07866665255733
Faris Zakaryia,1400.0,1400.0,1400.0,1400.0,923.0,18.0,24.3,185.0,0,0,0.0,0.0,0.0,0.0,0.0,0.0,0.0,0.0
Nicolas Escude,2106.250095442705,2192.2353219499582,1862.7308904039344,2109.729160664064,67.0,611.0,49.3,185.0,0,505,0.6,0.68,0.62,0.63,-24.06125963914656,-46.19453338401581,-8.888888912400944,52.63230420385662
Brandon Perez,1353.6519541675314,1378.6519541675314,1400.0,1353.6519541675314,1921.0,1.0,25.6,191.0,1,2,0.0,0.0,0.0,0.0,-46.34804583246864,-46.34804583246864,-46.34804583246864,-46.34804583246864
Micke Kontinen,1357.4846644634438,1401.180121099481,1377.2182876526035,1357.4846644634438,379.0,112.0,32.5,185.67156964873536,0,8,0.2,0.25,0.25,0.25,-42.51533553655622,-42.51533553655622,-42.51533553655622,-42.51533553655622
Peter Bertran,1404.0033526642103,1347.5873287928607,1400.0,1404.0033526642103,552.0,52.0,29.5,183.0,0,2,0.5,0.5,0.5,0.5,4.003352664210297,4.003352664210297,4.003352664210297,4.003352664210297
Dinko Halachev,1400.0,1400.0,1400.0,1400.0,1155.0,7.0,40.4,185.67156964873536,0,0,0.0,0.0,0.0,0.0,0.0,0.0,0.0,0.0
Henri Kontinen,1510.6776914373202,1386.3561539846,1422.3492734424974,1400.0,281.0,167.0,35.2,191.0,0,12,0.4,0.5,0.5,0.5,110.67769143732016,110.67769143732016,110.67769143732016,110.67769143732016
Nicolas Alvarez Varona,1416.196901542084,1430.17753566359,1400.0,1416.196901542084,231.0,230.0,24.3,188.0,0,2,0.5,0.5,0.5,0.5,16.196901542084106,16.196901542084106,16.196901542084106,16.196901542084106
Abdulla Hajji,1383.774327022208,1383.774327022208,1383.774327022208,1383.774327022208,2000.0,0.0,34.0,185.67156964873536,0,2,0.0,0.0,0.0,0.0,-16.225672977791874,-16.225672977791874,-16.225672977791874,-16.225672977791874
Martin Slanar,1575.0680406792032,1548.667843517411,1575.0680406792032,1575.0680406792032,232.0,171.0,44.4,185.67156964873536,0,12,0.5,0.5,0.5,0.5,9.050448418508267,9.050448418508267,9.050448418508267,9.050448418508267
Andrea Collarini,1378.094303135828,1378.094303135828,1378.094303135828,1378.094303135828,264.0,213.0,33.4,183.0,1,1,0.0,0.0,0.0,0.0,-25.239908443996228,-25.239908443996228,-25.239908443996228,-25.239908443996228
Jan Frode Andersen,1725.31984788923,1719.5901097565522,1841.5612293337415,1725.31984788923,916.0,11.0,52.8,190.0,1,83,0.8,0.56,0.5454545454545454,0.5454545454545454,-58.233711907560064,-54.77803566645844,-54.77803566645844,-54.77803566645844
Tetsuya Chaen,1648.912978882135,1648.912978882135,1648.912978882135,1648.912978882135,625.0,33.0,51.9,185.67156964873536,0,10,0.0,0.0,0.0,0.0,0.0,0.0,0.0,0.0
Cedrik Marcel Stebe,1652.9120236570486,1386.8343143737252,1694.121564507911,1405.9844084358522,231.0,269.0,34.3,183.0,1,81,0.2,0.44,0.4,0.3950617283950617,-22.649019666851245,-76.14648998603866,-61.16567455069867,249.5778120772245
Nejc Podkrajsek,1400.0,1400.0,1400.0,1400.0,2000.0,0.0,39.4,185.67156964873536,0,0,0.0,0.0,0.0,0.0,0.0,0.0,0.0,0.0
Milos Raonic,1941.3073341029049,1657.3227930898288,1600.706967952294,1502.0529121031914,177.0,340.0,34.5,196.0,0,583,0.6,0.52,0.6,0.62,-58.42907536656867,-102.45063170888216,-119.81112066634525,-105.3080811689631
Tarek Ben Soltane,1400.0,1400.0,1400.0,1400.0,2000.0,0.0,40.4,185.67156964873536,0,0,0.0,0.0,0.0,0.0,0.0,0.0,0.0,0.0
Alexandros Jakupovic,1344.5135965658592,1557.6029516921285,1491.4724006566694,1344.5135965658592,503.0,69.0,43.2,186.27336318231923,0,28,0.0,0.2222222222222222,0.2222222222222222,0.2222222222222222,-228.4089875547461,-228.4089875547461,-228.4089875547461,-228.4089875547461
Alistair Hunt,1739.1471993487107,1648.5806082145348,1739.1471993487107,1635.071992427293,2000.0,0.0,52.3,190.0,0,19,0.6,0.5555555555555556,0.5555555555555556,0.5555555555555556,104.0752069214177,104.0752069214177,104.0752069214177,104.0752069214177
Mohamed Mamoun,1412.2700614402522,1421.7635997115567,1432.2723328219556,1412.2700614402522,911.0,19.0,43.7,186.27336318231923,0,11,0.2,0.3636363636363636,0.3636363636363636,0.3636363636363636,12.27006144025222,12.27006144025222,12.27006144025222,12.27006144025222
N Vijay Sundar Prashanth,1400.0,1400.0,1400.0,1400.0,557.0,56.0,38.1,178.0,0,0,0.0,0.0,0.0,0.0,0.0,0.0,0.0,0.0
Roberto Bautista Agut,1819.9798639620064,1587.6304903765358,1444.187158965245,1618.9286884767264,47.0,1151.0,37.5,183.0,0,692,0.8,0.64,0.54,0.51,85.69743234117959,93.58220548767532,76.2553778652125,-136.10570498896254
Pedro Sakamoto,1400.0,1400.0,1400.0,1400.0,389.0,39.0,31.6,178.0,0,0,0.0,0.0,0.0,0.0,0.0,0.0,0.0,0.0
Peter Clarke,1702.814161050571,1702.814161050571,1727.278462963783,1702.814161050571,345.0,93.0,45.7,188.0,0,59,0.6,0.5555555555555556,0.5555555555555556,0.5555555555555556,-25.673189406822303,-25.673189406822303,-25.673189406822303,-25.673189406822303
Zibusiso Ncube,1395.6860140355975,1400.0,1400.0,1395.6860140355975,2000.0,0.0,46.3,185.67156964873536,0,1,0.0,0.0,0.0,0.0,-4.313985964402491,-4.313985964402491,-4.313985964402491,-4.313985964402491
Martin Vilarrubi,1462.5540221970075,1425.0,1414.349818544263,1462.5540221970075,533.0,49.0,40.4,186.27336318231923,0,9,0.6,0.5555555555555556,0.5555555555555556,0.5555555555555556,62.554022197007725,62.554022197007725,62.554022197007725,62.554022197007725
Leonardo Tavares,1449.8539846498063,1379.375026334625,1450.190581499358,1449.8539846498063,311.0,141.0,41.3,185.0,0,16,0.4,0.375,0.375,0.375,49.85398464980631,49.85398464980631,49.85398464980631,49.85398464980631
Adam Moundir,1393.1525524540511,1400.0,1407.4254992329013,1393.1525524540511,779.0,29.0,30.3,191.0,0,3,0.3333333333333333,0.3333333333333333,0.3333333333333333,0.3333333333333333,-6.847447545948853,-6.847447545948853,-6.847447545948853,-6.847447545948853
Weerapat Doakmaiklee,1312.2855158766663,1376.8029717331249,1400.0,1312.2855158766663,1332.0,3.0,37.6,185.67156964873536,0,9,0.2,0.1111111111111111,0.1111111111111111,0.1111111111111111,-87.71448412333348,-87.71448412333348,-87.71448412333348,-87.71448412333348
Andrew Whittington,1467.5843077627726,1441.779920335518,1467.5843077627726,1416.3739197141513,210.0,255.0,31.8,188.0,0,4,0.5,0.5,0.5,0.5,51.210388048621326,51.210388048621326,51.210388048621326,51.210388048621326
Scott Draper,1863.4080576303757,1950.9685814264872,1787.5581652206183,1835.6010458744845,787.0,16.0,51.0,178.0,1,107,0.2,0.44,0.36,0.3508771929824561,49.84938169089787,65.2453578931952,57.18326736117001,19.66427388131433
Dawid Olejniczak,1435.9110907173983,1432.8733231551855,1393.3369473459518,1400.0,202.0,190.0,42.3,185.67156964873536,0,7,0.2,0.4285714285714285,0.4285714285714285,0.4285714285714285,35.91109071739834,35.91109071739834,35.91109071739834,35.91109071739834
Michael Mcclune,1440.5786230691958,1398.0693762193864,1440.5786230691958,1440.5786230691958,303.0,146.0,35.9,188.0,0,2,0.5,0.5,0.5,0.5,40.57862306919583,40.57862306919583,40.57862306919583,40.57862306919583
Filippo Volandri,1243.4060081709688,1410.3776544791913,1843.6855816077384,1665.918522581671,226.0,239.0,43.8,183.0,0,452,0.0,0.08,0.22,0.3,-186.9281091170326,-199.81128712502093,-235.97925574176588,-259.7756984954342
Rodrigo Crespo Piedra,1374.301693840177,1374.301693840177,1374.301693840177,1374.301693840177,2000.0,0.0,23.6,185.67156964873536,0,1,0.0,0.0,0.0,0.0,-25.698306159823005,-25.698306159823005,-25.698306159823005,-25.698306159823005
Gabriel Donev,1400.0,1400.0,1400.0,1400.0,796.0,18.0,29.1,180.0,0,0,0.0,0.0,0.0,0.0,0.0,0.0,0.0,0.0
Alexander Sadecky,1423.0627630457984,1423.0627630457984,1423.0627630457984,1423.0627630457984,401.0,93.0,38.0,193.0,1,2,0.5,0.5,0.5,0.5,23.06276304579842,23.06276304579842,23.06276304579842,23.06276304579842
David Caldwell,1715.8474534371792,1715.8474534371792,1715.8474534371792,1715.8474534371792,1028.0,4.0,51.1,180.0,0,50,0.0,0.0,0.0,0.0,0.0,0.0,0.0,0.0
Wing Luen Wong,1578.1680444908563,1578.1680444908563,1578.1680444908563,1578.1680444908563,2000.0,0.0,43.8,186.27336318231923,0,22,0.6,0.6666666666666666,0.6666666666666666,0.6666666666666666,12.150452230161363,12.150452230161363,12.150452230161363,12.150452230161363
Jaroslav Pospisil,1362.0929522213394,1392.976803783209,1392.2648643079197,1397.5790601895949,213.0,225.0,44.6,175.0,0,6,0.0,0.0,0.0,0.0,-37.90704777866063,-37.90704777866063,-37.90704777866063,-37.90704777866063
Julien Benneteau,1751.3135656302336,1755.608188986199,1502.7593013978942,1575.6214948611837,60.0,891.0,43.6,185.0,0,578,0.4,0.48,0.44,0.43,-30.08183508510365,55.5760811794737,33.01830154624599,-97.06621562985242
Hans Hach Verdugo,1400.0,1428.8219620564255,1400.0,1400.0,621.0,49.0,35.2,183.0,1,0,0.0,0.0,0.0,0.0,0.0,0.0,0.0,0.0
Jaroslav Levinsky,1628.2612358896397,1628.2612358896397,1628.2612358896397,1628.2612358896397,403.0,64.0,44.4,196.0,0,10,0.0,0.0,0.0,0.0,0.0,0.0,0.0,0.0
Min Hyoek Cho,1429.979558002184,1429.979558002184,1429.979558002184,1429.979558002184,742.0,23.0,38.2,185.67156964873536,0,4,0.5,0.5,0.5,0.5,29.97955800218392,29.97955800218392,29.97955800218392,29.97955800218392
Jason Jung,1432.4133016809765,1395.224491916808,1432.407215482241,1505.5435484578045,276.0,206.0,36.1,180.0,0,33,0.2,0.32,0.303030303030303,0.303030303030303,-29.83414959119341,0.0060861987353746,0.0060861987353746,0.0060861987353746
Lukas Pokorny,1400.0,1400.0,1400.0,1400.0,589.0,60.0,22.9,191.0,0,0,0.0,0.0,0.0,0.0,0.0,0.0,0.0,0.0
Blaz Rola,1479.5568507195085,1428.880327288906,1476.1078425536232,1409.866341247059,457.0,94.0,34.9,193.0,1,37,0.2,0.32,0.3783783783783784,0.3783783783783784,-4.835974442394672,50.11831250271575,79.55685071950847,79.55685071950847
Tommy Paul,1979.800085758336,1789.3001873378937,1461.905507657628,1502.112137408189,12.0,3180.0,28.4,185.0,0,299,0.8,0.68,0.7,0.67,-54.02696863336132,36.58703628483204,142.33630785472133,127.90741336220572
Guillaume Rufin,1671.3530187609144,1544.3859108597153,1499.8106107742583,1446.3963049372694,91.0,589.0,35.2,188.0,0,42,0.4,0.32,0.3571428571428571,0.3571428571428571,109.7021258631994,180.145117431485,271.35301876091444,271.35301876091444
Alexander Erler,1443.3926582128647,1443.3926582128647,1443.3926582128647,1443.3926582128647,337.0,146.0,27.7,193.0,0,1,1.0,1.0,1.0,1.0,43.39265821286472,43.39265821286472,43.39265821286472,43.39265821286472
Pere Riba,1489.8630890783572,1303.5889580067137,1659.259983701684,1347.1899418574767,228.0,236.0,36.8,183.0,0,86,0.0,0.16,0.24,0.2790697674418604,-88.30695936867846,-74.79574660999333,-110.34113495506972,89.86308907835723
Seung Hoon Lee,1539.340326267147,1566.017592260695,1539.340326267147,1566.017592260695,567.0,28.0,45.8,185.67156964873536,0,12,0.0,0.0,0.0,0.0,-26.67726599354796,-26.67726599354796,-26.67726599354796,-26.67726599354796
Martijn Van Haasteren,1441.8080472814152,1425.4352033268513,1394.816123553187,1441.8080472814152,2000.0,0.0,44.8,185.67156964873536,0,5,0.6,0.6,0.6,0.6,41.80804728141516,41.80804728141516,41.80804728141516,41.80804728141516
Wayne Odesnik,1696.3125043863188,1485.6769662993634,1684.4539021264948,1334.2323058993354,176.0,293.0,39.7,180.0,1,100,0.0,0.36,0.38,0.41,-105.35266675880008,-102.56292577553336,-105.39678486917228,298.34079501155134
Orest Tereshchuk,1758.0500595821557,1604.6311697188996,1663.413605271427,1758.0500595821557,427.0,67.0,43.6,185.67156964873536,0,26,1.0,0.75,0.75,0.75,146.04851108068056,146.04851108068056,146.04851108068056,146.04851108068056
Oliver Marach,1600.5609287584975,1685.2723300494924,1686.3711355221278,1713.6471154674896,2000.0,0.0,44.9,185.0,0,101,0.0,0.36,0.36,0.3725490196078431,-167.88706658136402,-170.0635331768524,-137.0560641941122,-113.08618670899205
Francisco Clavet,1813.7338216301123,2004.5602844632976,1859.151014881181,2020.1627048379332,214.0,161.0,56.7,183.0,1,447,0.4,0.28,0.36,0.38,-96.6215928017939,-119.5670280679176,-108.28098038743406,-281.31918616136363
Wojciech Marek,1400.0,1400.0,1400.0,1400.0,632.0,40.0,23.7,191.0,0,0,0.0,0.0,0.0,0.0,0.0,0.0,0.0,0.0
Francisco Llanes,1425.0,1425.0,1425.0,1425.0,1262.0,5.0,23.4,178.0,0,1,1.0,1.0,1.0,1.0,25.0,25.0,25.0,25.0
Alessandro Bega,1400.0,1400.0,1400.0,1400.0,351.0,128.0,34.5,173.0,0,0,0.0,0.0,0.0,0.0,0.0,0.0,0.0,0.0
Tegar Abdi Satrio Wibowo,1400.0,1400.0,1400.0,1400.0,2000.0,0.0,22.5,185.67156964873536,0,0,0.0,0.0,0.0,0.0,0.0,0.0,0.0,0.0
Corentin Moutet,1572.130639696628,1500.4476640650764,1515.9784595670492,1462.2428992775156,66.0,804.0,26.5,180.0,1,152,0.0,0.36,0.34,0.42,-37.26025345719109,-48.84472610040984,-139.1878145848127,-93.50173557256517
Bruno Agostinelli,1435.3724944391136,1400.0,1395.002599853249,1435.3724944391136,1171.0,7.0,38.3,185.67156964873536,0,2,0.5,0.5,0.5,0.5,35.37249443911355,35.37249443911355,35.37249443911355,35.37249443911355
Luke Saville,1400.0298404635198,1375.8648697335495,1400.0298404635198,1456.3255612657408,313.0,176.0,31.7,188.0,0,9,0.0,0.2222222222222222,0.2222222222222222,0.2222222222222222,0.0298404635198039,0.0298404635198039,0.0298404635198039,0.0298404635198039
Holger Rune,1969.1293629288384,1685.8089074165025,1699.0981288412995,1357.0965096202297,13.0,3005.0,22.5,188.0,0,226,0.8,0.68,0.66,0.63,5.252370639705987,35.661072088650826,5.919264792530612,-108.06491084509662
Thomas Larsen,1713.9591835078727,1713.9591835078727,1697.6438407068636,1713.9591835078727,2000.0,0.0,50.1,180.0,0,50,0.0,0.0,0.0,0.0,0.0,0.0,0.0,0.0
Jamie Baker,1452.1409947958907,1403.076197966731,1378.823079325391,1432.264309846708,295.0,152.0,38.8,183.0,0,26,0.2,0.28,0.2692307692307692,0.2692307692307692,76.67922222638367,52.14099479589072,52.14099479589072,52.14099479589072
Roberto Ortega Olmedo,1400.0,1400.0,1400.0,1400.0,310.0,157.0,34.0,168.0,0,0,0.0,0.0,0.0,0.0,0.0,0.0,0.0,0.0
Roey Tabet,1400.0,1400.0,1400.0,1400.0,2000.0,0.0,23.7,185.67156964873536,0,0,0.0,0.0,0.0,0.0,0.0,0.0,0.0,0.0
Maxim Bulat,1374.0067869355748,1374.0067869355748,1374.0067869355748,1374.0067869355748,2000.0,0.0,28.3,185.67156964873536,0,1,0.0,0.0,0.0,0.0,-25.993213064425163,-25.993213064425163,-25.993213064425163,-25.993213064425163
Ben Ellwood,1754.2835720555258,1754.2835720555258,1754.2835720555258,1754.2835720555258,827.0,11.0,49.3,178.0,0,50,0.0,0.0,0.0,0.0,0.0,0.0,0.0,0.0
Thiago Monteiro,1628.800149864275,1398.572567476024,1685.0885264374506,1376.6316262966072,100.0,609.0,31.4,183.0,1,220,0.2,0.52,0.42,0.4,-29.22262435969401,45.75967715553156,35.18478462749226,-5.335952615330598
Hayk Hakobyan,1400.0,1400.0,1400.0,1400.0,2000.0,0.0,45.0,185.67156964873536,0,0,0.0,0.0,0.0,0.0,0.0,0.0,0.0,0.0
Ivan Miranda,1567.6845262020695,1559.0542191766533,1635.3881933699188,1627.4544943364049,674.0,26.0,45.3,175.0,0,65,0.6,0.44,0.4,0.4181818181818181,-177.6047175420124,-222.21609464055155,-118.8550280152017,-59.769968134335386
Rami Osman,1374.7947732224936,1400.0,1400.0,1374.7947732224936,2000.0,0.0,35.0,185.67156964873536,0,1,0.0,0.0,0.0,0.0,-25.20522677750637,-25.20522677750637,-25.20522677750637,-25.20522677750637
Andrey Stepanov,1400.0,1400.0,1400.0,1400.0,2000.0,0.0,42.1,185.67156964873536,0,0,0.0,0.0,0.0,0.0,0.0,0.0,0.0,0.0
Juan Sebastian Langton,1275.006782538717,1347.811233578006,1371.613993567279,1275.006782538717,2000.0,0.0,41.7,185.67156964873536,0,12,0.2,0.25,0.25,0.25,-124.99321746128294,-124.99321746128294,-124.99321746128294,-124.99321746128294
Marco Cecchinato,1481.9078416411762,1254.7996157342131,1735.0458887015911,1322.8284817907222,109.0,549.0,32.9,185.0,0,206,0.2,0.44,0.42,0.4,-50.0713858999909,-48.02026717503168,-127.30252448930196,-175.39529304170242
Ajeet Rai,1313.4435274688376,1313.4435274688376,1313.4435274688376,1313.4435274688376,498.0,81.0,26.6,188.0,0,6,0.0,0.1666666666666666,0.1666666666666666,0.1666666666666666,-86.5564725311624,-86.5564725311624,-86.5564725311624,-86.5564725311624
Augusto Ricciardi Castelli,1400.0,1400.0,1400.0,1400.0,2000.0,0.0,45.9,185.67156964873536,0,0,0.0,0.0,0.0,0.0,0.0,0.0,0.0,0.0
Richard Bloomfield,1495.5237802093814,1397.614699851741,1495.5237802093814,1501.9125697006325,332.0,127.0,42.1,185.0,0,15,0.6,0.2666666666666666,0.2666666666666666,0.2666666666666666,95.52378020938136,95.52378020938136,95.52378020938136,95.52378020938136
Marek Marksoo,1400.0,1400.0,1400.0,1400.0,2000.0,0.0,31.7,185.67156964873536,0,0,0.0,0.0,0.0,0.0,0.0,0.0,0.0,0.0
Inam Gul,1400.0,1400.0,1400.0,1400.0,2000.0,0.0,43.2,185.67156964873536,0,0,0.0,0.0,0.0,0.0,0.0,0.0,0.0,0.0
Isaac Becroft,1400.0,1400.0,1400.0,1400.0,1016.0,9.0,24.8,180.0,0,0,0.0,0.0,0.0,0.0,0.0,0.0,0.0,0.0
Henry Adjei Darko,1435.7398797643168,1416.1736679417563,1400.0,1435.7398797643168,426.0,65.0,42.3,186.27336318231923,0,5,0.4,0.4,0.4,0.4,35.73987976431681,35.73987976431681,35.73987976431681,35.73987976431681
Eleftherios Christou,1377.1665898192955,1377.1665898192955,1377.1665898192955,1377.1665898192955,2000.0,0.0,40.4,185.67156964873536,0,1,0.0,0.0,0.0,0.0,-22.83341018070428,-22.83341018070428,-22.83341018070428,-22.83341018070428
Frank Condor,1400.0,1400.0,1400.0,1400.0,374.0,83.0,41.2,185.67156964873536,0,0,0.0,0.0,0.0,0.0,0.0,0.0,0.0,0.0
Alen Avidzba,1400.0,1425.0,1400.0,1400.0,498.0,59.0,25.6,186.27336318231923,0,0,0.0,0.0,0.0,0.0,0.0,0.0,0.0,0.0
Alexios Halebian,1400.0,1400.0,1400.0,1400.0,644.0,39.0,31.1,185.67156964873536,1,0,0.0,0.0,0.0,0.0,0.0,0.0,0.0,0.0
Thomas Blake,1693.5733944154908,1698.231763327655,1694.009119221312,1694.009119221312,332.0,89.0,48.5,185.67156964873536,0,55,0.4,0.4,0.4,0.4,-0.4357248058211098,-0.4357248058211098,-0.4357248058211098,-0.4357248058211098
Nicolas Meister,1400.0,1400.0,1400.0,1400.0,625.0,37.0,36.1,180.0,0,0,0.0,0.0,0.0,0.0,0.0,0.0,0.0,0.0
Ignaci Roca,1355.2697440947206,1355.2697440947206,1355.2697440947206,1355.2697440947206,2000.0,0.0,38.7,185.67156964873536,0,2,0.0,0.0,0.0,0.0,-44.73025590527936,-44.73025590527936,-44.73025590527936,-44.73025590527936
Alexis Klegou,1404.5265052322875,1446.39872128431,1375.0609572832109,1404.5265052322875,1881.0,1.0,36.0,185.67156964873536,0,4,0.5,0.5,0.5,0.5,4.526505232287718,4.526505232287718,4.526505232287718,4.526505232287718
Stephane Huet,1763.4543408410711,1800.8254668166542,1851.313577270892,1863.7868009159615,269.0,132.0,54.4,180.0,1,76,0.2,0.24,0.2307692307692307,0.2307692307692307,-32.64687798026648,-105.40454287214176,-105.40454287214176,-105.40454287214176
Taro Daniel,1512.623042253029,1515.4513645214686,1515.7190445123629,1289.7274588545192,89.0,636.0,32.7,191.0,0,236,0.4,0.2,0.3,0.35,-86.75581497159124,-101.16761712973788,-192.27589411421832,-74.95118897486736
Thomas Muster,1767.42314983869,1780.879456229563,1817.0614587480268,1767.42314983869,1078.0,6.0,58.0,180.0,1,52,0.0,0.0,0.0,0.0,-49.63830890933673,-49.63830890933673,-49.63830890933673,-49.63830890933673
Ben Qiang Zhu,1700.004168060328,1683.1065328872085,1700.004168060328,1657.5367081227334,646.0,23.0,46.5,186.27336318231923,0,32,0.4,0.6363636363636364,0.6363636363636364,0.6363636363636364,36.84080605571239,42.46745993759464,42.46745993759464,42.46745993759464
Philip Sekulic,1423.8195673088985,1423.8195673088985,1423.8195673088985,1423.8195673088985,298.0,189.0,22.0,191.0,0,2,0.5,0.5,0.5,0.5,23.81956730889829,23.81956730889829,23.81956730889829,23.81956730889829
Eric Taino,1718.2227542130454,1780.477931464174,1685.749722705775,1718.2227542130454,2000.0,0.0,50.0,175.0,1,80,0.4,0.4,0.4,0.4,-40.29254503869311,-0.8339340008999443,-0.8339340008999443,-0.8339340008999443
Joris De Loore,1408.2159581311162,1417.191930154579,1416.3739197141513,1408.2159581311162,192.0,317.0,31.7,191.0,0,5,0.2,0.2,0.2,0.2,-8.157961583035103,-8.157961583035103,-8.157961583035103,-8.157961583035103
Antonio Van Grichen,1400.0,1400.0,1400.0,1400.0,2000.0,0.0,46.4,185.67156964873536,0,0,0.0,0.0,0.0,0.0,0.0,0.0,0.0,0.0
Carlos Alvarez,1400.0,1400.0,1400.0,1400.0,1488.0,1.0,38.1,185.67156964873536,0,0,0.0,0.0,0.0,0.0,0.0,0.0,0.0,0.0
Julien Cagnina,1400.0,1400.0,1400.0,1400.0,248.0,212.0,30.6,183.0,0,0,0.0,0.0,0.0,0.0,0.0,0.0,0.0,0.0
Aivaras Balzekas,1576.9622486148496,1566.017592260695,1576.9622486148496,1576.9622486148496,1304.0,1.0,43.2,185.67156964873536,0,12,0.5,0.5,0.5,0.5,10.944656354154631,10.944656354154631,10.944656354154631,10.944656354154631
Igor Gaudi,1819.848481479096,1819.848481479096,1819.848481479096,1819.848481479096,218.0,157.0,50.2,188.0,0,50,0.0,0.0,0.0,0.0,0.0,0.0,0.0,0.0
Jasper Smit,1400.0,1400.0,1400.0,1400.0,711.0,24.0,44.8,185.67156964873536,0,0,0.0,0.0,0.0,0.0,0.0,0.0,0.0,0.0
Wayne Ferreira,1852.517936835059,1971.6442999446083,1982.0866530336243,2002.8169486420616,249.0,160.0,53.4,185.0,0,373,0.2,0.36,0.44,0.52,-83.77870276839894,-193.3234337022764,-245.7570160390403,-192.4052205913804
Victor Ribas,1572.9225841206053,1572.9225841206053,1572.9225841206053,1572.9225841206053,1327.0,1.0,46.6,185.67156964873536,0,10,0.0,0.0,0.0,0.0,0.0,0.0,0.0,0.0
Thehan Sanjaya Wijemanne,1400.0,1400.0,1400.0,1400.0,2000.0,0.0,21.1,185.67156964873536,1,0,0.0,0.0,0.0,0.0,0.0,0.0,0.0,0.0
Dinu Pescariu,1857.609622993789,1857.609622993789,1843.284889708647,1857.609622993789,669.0,20.0,51.4,185.0,0,53,0.6666666666666666,0.6666666666666666,0.6666666666666666,0.6666666666666666,27.508456111434956,27.508456111434956,27.508456111434956,27.508456111434956
Dennis Van Scheppingen,1686.2454775840283,1703.367058614884,1741.073135967075,1722.5947718462992,278.0,137.0,49.6,185.0,0,95,0.0,0.28,0.3333333333333333,0.3333333333333333,-74.11607904984771,-43.86650587172858,-21.015166343335068,-21.015166343335068
Rafael Arevalo,1483.697647361774,1423.794235440862,1436.1845252889095,1483.697647361774,2000.0,0.0,38.7,180.0,0,26,0.2,0.52,0.5384615384615384,0.5384615384615384,-2.3321549120635154,83.69764736177399,83.69764736177399,83.69764736177399
Cristiano Caratti,1709.495040059194,1763.1413676570735,1709.495040059194,1785.4475669174494,401.0,73.0,55.3,178.0,0,62,0.0,0.1666666666666666,0.1666666666666666,0.1666666666666666,-91.9910789091848,-91.9910789091848,-91.9910789091848,-91.9910789091848
Blake Mott,1397.2350284608192,1397.2350284608192,1397.2350284608192,1397.2350284608192,481.0,74.0,28.7,180.0,0,1,0.0,0.0,0.0,0.0,-2.764971539180806,-2.764971539180806,-2.764971539180806,-2.764971539180806
Siddharth Vishwakarma,1400.0,1400.0,1400.0,1400.0,588.0,57.0,30.9,191.0,1,0,0.0,0.0,0.0,0.0,0.0,0.0,0.0,0.0
Bernd Karbacher,1851.8205930289964,1879.5442414761517,1879.5442414761517,1851.8205930289964,442.0,51.0,57.2,185.0,0,51,0.0,0.0,0.0,0.0,-27.72364844715503,-27.72364844715503,-27.72364844715503,-27.72364844715503
Nikos Rovas,1707.8013613032529,1707.8013613032529,1700.9704777155673,1707.8013613032529,2000.0,0.0,47.5,185.67156964873536,0,17,0.6,0.5714285714285714,0.5714285714285714,0.5714285714285714,23.849152325039995,23.849152325039995,23.849152325039995,23.849152325039995
Daniel Gimeno Traver,1559.0241523584752,1340.4989449470174,1746.781058880319,1287.8723798770422,230.0,249.0,39.7,185.0,0,269,0.4,0.36,0.42,0.37,-54.44491056989705,-160.10140517497643,-68.39749957285608,-203.4725305840111
Dennis Novak,1458.8844288053842,1420.3213256592476,1431.6147165973518,1428.3362666845253,192.0,315.0,32.0,183.0,0,79,0.0,0.2,0.28,0.3291139240506329,-74.85313332880878,-80.34782669674996,-142.16008190481966,58.88442880538423
Mehdi Jdi,1375.0,1400.0,1375.0,1375.0,1252.0,5.0,36.1,185.67156964873536,0,1,0.0,0.0,0.0,0.0,-25.0,-25.0,-25.0,-25.0
Johan Settergren,1780.3793236576723,1741.4841327217982,1797.7341245412977,1780.3793236576723,383.0,68.0,47.5,185.0,0,55,0.4,0.4,0.4,0.4,25.66927546170814,25.66927546170814,25.66927546170814,25.66927546170814
Brandon Nakashima,1770.4749745501465,1677.9990559496132,1437.4011379169622,1476.4843065510695,37.0,1350.0,24.2,188.0,0,175,0.2,0.6,0.56,0.54,15.25399707087331,65.85030274735368,104.40757456786103,-8.726902528471555
Daniel Elsner,1677.9710929747648,1689.655871258429,1728.3874452447465,1722.34697278124,339.0,94.0,46.7,183.0,0,80,0.0,0.16,0.2333333333333333,0.2333333333333333,-119.54425183350486,-44.37587980647504,-44.37587980647504,-44.37587980647504
Ricardo Gonzalez Diaz,1368.641676181302,1368.641676181302,1368.641676181302,1368.641676181302,2000.0,0.0,39.8,185.67156964873536,0,3,0.3333333333333333,0.3333333333333333,0.3333333333333333,0.3333333333333333,-31.358323818697954,-31.358323818697954,-31.358323818697954,-31.358323818697954
Fernando Romboli,1400.0,1400.0,1400.0,1400.0,244.0,198.0,36.0,180.0,0,0,0.0,0.0,0.0,0.0,0.0,0.0,0.0,0.0
Taso Vasiliadis,1715.2149845030797,1715.2149845030797,1715.2149845030797,1715.2149845030797,718.0,16.0,51.1,185.67156964873536,0,50,0.0,0.0,0.0,0.0,0.0,0.0,0.0,0.0
Doug Bohaboy,1566.017592260695,1566.017592260695,1566.017592260695,1566.017592260695,283.0,104.0,49.0,185.67156964873536,0,10,0.0,0.0,0.0,0.0,0.0,0.0,0.0,0.0
Jabor Al Mutawa,1358.0576069747028,1358.0576069747028,1358.0576069747028,1358.0576069747028,2000.0,0.0,30.6,185.67156964873536,0,3,0.0,0.0,0.0,0.0,-41.94239302529718,-41.94239302529718,-41.94239302529718,-41.94239302529718
Wayne Black,1911.0389699179043,1901.1549555089152,1862.1034599862091,1887.458769982456,2000.0,0.0,51.8,170.0,0,107,0.6,0.44,0.44,0.4385964912280701,0.5445045603346443,-0.8357791432101749,25.585763925494803,64.73205410585524
Siu Fai Kelvin Lam,1400.0,1400.0,1400.0,1400.0,2000.0,0.0,31.1,186.27336318231923,0,0,0.0,0.0,0.0,0.0,0.0,0.0,0.0,0.0
Denis Gremelmayr,1604.9160147334796,1577.411038451616,1720.6646328472846,1504.8844560475395,189.0,262.0,43.3,183.0,1,99,0.2,0.28,0.32,0.3595505617977528,-57.34530057621396,-223.70157292701265,-230.55183638396736,23.69061000192869
Viktor Filipenko,1353.5698381787215,1353.5698381787215,1353.5698381787215,1353.5698381787215,773.0,20.0,33.5,185.67156964873536,0,2,0.0,0.0,0.0,0.0,-46.43016182127826,-46.43016182127826,-46.43016182127826,-46.43016182127826
Salifu Mohammed,1374.5293416617224,1358.767408943886,1388.41834313787,1374.5293416617224,719.0,20.0,38.5,186.27336318231923,0,6,0.2,0.1666666666666666,0.1666666666666666,0.1666666666666666,-25.470658338277644,-25.470658338277644,-25.470658338277644,-25.470658338277644
Karl Friberg,1389.4475372455322,1389.4475372455322,1389.4475372455322,1389.4475372455322,364.0,134.0,25.8,191.0,0,1,0.0,0.0,0.0,0.0,-10.552462754467795,-10.552462754467795,-10.552462754467795,-10.552462754467795
Paul Henri Mathieu,1535.4922991077856,1553.5009763844355,1647.2774654686195,1590.0497556984203,252.0,200.0,43.6,185.0,0,593,0.0,0.32,0.38,0.4,-169.93916533844094,-164.4157291830668,-171.75274220198185,-126.55247687499786
Tung Lin Wu,1495.0844781088338,1495.0844781088338,1495.0844781088338,1495.0844781088338,318.0,164.0,27.3,188.0,0,13,0.4,0.4615384615384615,0.4615384615384615,0.4615384615384615,95.08447810883376,95.08447810883376,95.08447810883376,95.08447810883376
Didac Perez,1639.0726865034137,1639.0726865034137,1639.0726865034137,1639.0726865034137,578.0,36.0,43.6,178.0,0,16,0.0,0.1666666666666666,0.1666666666666666,0.1666666666666666,-2.646327286558517,-2.646327286558517,-2.646327286558517,-2.646327286558517
Vishal Punna,1400.0,1400.0,1400.0,1400.0,821.0,12.0,41.0,185.67156964873536,0,0,0.0,0.0,0.0,0.0,0.0,0.0,0.0,0.0
Liam Broady,1574.5180882974091,1582.890001096279,1404.1332475044198,1429.5645548800578,156.0,384.0,31.4,183.0,1,55,0.2,0.44,0.4,0.3818181818181818,8.992149464636668,39.61671568461975,175.22545734082246,174.51808829740912
Paul Logtens,1398.2754014486006,1398.2754014486006,1398.2754014486006,1398.2754014486006,286.0,124.0,45.5,175.0,0,1,0.0,0.0,0.0,0.0,-1.7245985513993674,-1.7245985513993674,-1.7245985513993674,-1.7245985513993674
Hassan Al Mousa,1400.0,1400.0,1400.0,1400.0,2000.0,0.0,35.3,185.67156964873536,0,0,0.0,0.0,0.0,0.0,0.0,0.0,0.0,0.0
Aziz Dougaz,1431.1842707121814,1363.3709724103487,1443.42815905829,1431.1842707121814,228.0,252.0,28.4,188.0,1,11,0.6,0.4545454545454545,0.4545454545454545,0.4545454545454545,31.184270712181387,31.184270712181387,31.184270712181387,31.184270712181387
George Khrikadze,1345.127596436122,1400.0,1394.5326452989782,1345.127596436122,2000.0,0.0,36.5,185.67156964873536,0,3,0.0,0.0,0.0,0.0,-54.87240356387792,-54.87240356387792,-54.87240356387792,-54.87240356387792
Nicolas Mahut,1714.177538838309,1554.9980184631463,1455.9440568158757,1809.8702147241563,239.0,239.0,43.0,191.0,0,416,0.6,0.44,0.44,0.47,-34.65344645158871,-62.21746619240548,-102.44000557685764,-36.97641276355057
Relja Fiser Dulic,1614.744562333436,1614.744562333436,1614.744562333436,1614.744562333436,370.0,74.0,49.5,185.67156964873536,0,10,0.0,0.0,0.0,0.0,0.0,0.0,0.0,0.0
Pierre Hugues Herbert,1680.1790637278932,1600.3577196284964,1431.8392920399046,1480.960457682242,127.0,471.0,34.6,188.0,0,227,0.4,0.36,0.44,0.46,-117.14022123282916,-96.94721023120589,-129.11463215855542,-124.96264126860684
Cole Gromley,1400.0,1400.0,1400.0,1400.0,2000.0,0.0,25.5,185.67156964873536,0,0,0.0,0.0,0.0,0.0,0.0,0.0,0.0,0.0
Julian Saborio,1356.734737390875,1356.734737390875,1356.734737390875,1356.734737390875,2000.0,0.0,28.3,185.67156964873536,0,2,0.0,0.0,0.0,0.0,-43.26526260912533,-43.26526260912533,-43.26526260912533,-43.26526260912533
Justin Oneal,1590.5774607245128,1590.5774607245128,1590.5774607245128,1590.5774607245128,748.0,21.0,47.7,185.67156964873536,0,10,0.0,0.0,0.0,0.0,0.0,0.0,0.0,0.0
John Isner,1719.0376976134503,1472.791738892029,1556.1758583344497,1497.7079097475455,157.0,400.0,40.3,208.0,0,808,0.4,0.4,0.52,0.55,-123.95544285119148,-161.4622751768486,-126.68574458839588,-145.1310328859497
Dilshod Sharifi,1355.043143978594,1375.0,1400.0,1355.043143978594,2000.0,0.0,38.7,185.67156964873536,0,2,0.0,0.0,0.0,0.0,-44.95685602140588,-44.95685602140588,-44.95685602140588,-44.95685602140588
Blazej Koniusz,1398.4407857923875,1400.0,1398.4407857923875,1398.4407857923875,524.0,49.0,36.9,185.67156964873536,0,1,0.0,0.0,0.0,0.0,-1.5592142076125128,-1.5592142076125128,-1.5592142076125128,-1.5592142076125128
Philip Wilbert Major,1384.4903601905305,1384.4903601905305,1384.4903601905305,1384.4903601905305,2000.0,0.0,28.9,185.67156964873536,1,1,0.0,0.0,0.0,0.0,-15.509639809469718,-15.509639809469718,-15.509639809469718,-15.509639809469718
Ivan Cerovic,1400.0,1400.0,1400.0,1400.0,355.0,87.0,42.9,190.0,1,0,0.0,0.0,0.0,0.0,0.0,0.0,0.0,0.0
Andy Fahlke,1784.855390205871,1784.855390205871,1784.855390205871,1784.855390205871,185.0,180.0,45.9,185.0,0,50,0.0,0.0,0.0,0.0,0.0,0.0,0.0,0.0
Favel Antonio Freyre Perdomo,1375.4240384710388,1400.0,1400.0,1375.4240384710388,2000.0,0.0,38.9,185.67156964873536,0,1,0.0,0.0,0.0,0.0,-24.575961528961216,-24.575961528961216,-24.575961528961216,-24.575961528961216
Eero Vasa,1339.3620614279023,1358.7180296045144,1339.3620614279023,1339.3620614279023,703.0,39.0,28.6,185.0,0,6,0.2,0.1666666666666666,0.1666666666666666,0.1666666666666666,-60.63793857209771,-60.63793857209771,-60.63793857209771,-60.63793857209771
Hei Yin Andrew Li,1400.0,1400.0,1400.0,1400.0,1511.0,2.0,27.8,185.67156964873536,0,0,0.0,0.0,0.0,0.0,0.0,0.0,0.0,0.0
Alejandro Tabilo,1731.147084614327,1506.1404835362564,1598.2363996557765,1468.0795507913465,22.0,2043.0,28.4,188.0,1,111,0.4,0.44,0.5,0.52,-150.24961622606338,-14.125207437390143,10.09159748914999,238.1905911114941
Spencer Newman,1400.0,1400.0,1400.0,1400.0,2000.0,0.0,31.7,185.67156964873536,0,0,0.0,0.0,0.0,0.0,0.0,0.0,0.0,0.0
Matthew Breen,1702.3105472006696,1702.3105472006696,1702.3105472006696,1702.3105472006696,260.0,131.0,48.5,185.67156964873536,0,50,0.0,0.0,0.0,0.0,0.0,0.0,0.0,0.0
Axel Pretzsch,1843.2284603363769,1877.6904063643944,1884.0764669549744,1866.2199017282944,134.0,313.0,49.0,185.0,0,70,0.4,0.3,0.3,0.3,-60.09702145480401,-40.84800661859754,-40.84800661859754,-40.84800661859754
Gleb Sakharov,1427.2125350981955,1406.852502608225,1412.3231785930573,1427.2125350981955,252.0,186.0,36.5,185.0,0,3,0.3333333333333333,0.3333333333333333,0.3333333333333333,0.3333333333333333,14.889356505138268,14.889356505138268,14.889356505138268,14.889356505138268
Andrei Gorban,1389.9512894880197,1400.0,1406.7429531991377,1389.9512894880197,781.0,17.0,41.5,185.67156964873536,0,9,0.2,0.3333333333333333,0.3333333333333333,0.3333333333333333,-10.048710511980287,-10.048710511980287,-10.048710511980287,-10.048710511980287
Bob Borella,1556.2944008828167,1581.6774029110625,1581.6774029110625,1556.2944008828167,1147.0,3.0,45.0,186.27336318231923,0,11,0.0,0.0,0.0,0.0,-25.383002028245755,-25.383002028245755,-25.383002028245755,-25.383002028245755
Federico Coria,1474.674084696862,1279.8149950386091,1680.8988707798069,1350.5491727455446,79.0,714.0,33.4,180.0,0,126,0.0,0.36,0.36,0.41,-103.26621676606167,-185.66567513276595,-165.9479029227839,-45.2823662568112
Nickolai Dyachok,1400.0,1400.0,1400.0,1400.0,1055.0,4.0,42.5,185.67156964873536,0,0,0.0,0.0,0.0,0.0,0.0,0.0,0.0,0.0
Dmitri Tomashevich,1732.7478394283023,1732.7478394283023,1732.7478394283023,1732.7478394283023,342.0,89.0,51.5,185.67156964873536,0,50,0.0,0.0,0.0,0.0,0.0,0.0,0.0,0.0
Peerakiat Siriluethaiwattana,1397.0260435657651,1397.0260435657651,1397.0260435657651,1397.0260435657651,1194.0,5.0,36.1,185.67156964873536,1,6,0.4,0.3333333333333333,0.3333333333333333,0.3333333333333333,-2.9739564342348785,-2.9739564342348785,-2.9739564342348785,-2.9739564342348785
Christopher Rungkat,1566.3683017404785,1516.3327350184236,1400.0,1566.3683017404785,2000.0,0.0,35.1,175.0,0,30,1.0,0.64,0.6,0.6,162.45561279102208,166.3683017404785,166.3683017404785,166.3683017404785
Adria Soriano Barrera,1401.650535810952,1400.0,1372.4599956386685,1401.650535810952,460.0,91.0,26.2,191.0,0,2,0.5,0.5,0.5,0.5,1.650535810951851,1.650535810951851,1.650535810951851,1.650535810951851
Gabor Jaross,1566.017592260695,1566.017592260695,1566.017592260695,1566.017592260695,976.0,6.0,46.4,185.67156964873536,0,10,0.0,0.0,0.0,0.0,0.0,0.0,0.0,0.0
Mohammed Al Nabhani,1362.195172447358,1362.195172447358,1362.195172447358,1362.195172447358,2000.0,0.0,39.8,185.67156964873536,0,6,0.4,0.3333333333333333,0.3333333333333333,0.3333333333333333,-37.80482755264211,-37.80482755264211,-37.80482755264211,-37.80482755264211
Oscar Otte,1504.138445069741,1409.239408538015,1454.094316747168,1555.7072541570124,474.0,92.0,31.9,193.0,0,85,0.2,0.24,0.36,0.4,-141.34193141177684,-274.36231898766755,-180.35602929354013,62.07582457607941
Pedro Braga,1692.145924216831,1692.145924216831,1692.145924216831,1692.145924216831,368.0,80.0,49.9,185.67156964873536,0,50,0.0,0.0,0.0,0.0,0.0,0.0,0.0,0.0
Strong Kirchheimer,1390.259608585612,1390.259608585612,1390.259608585612,1390.259608585612,511.0,77.0,30.3,185.0,0,1,0.0,0.0,0.0,0.0,-9.740391414388114,-9.740391414388114,-9.740391414388114,-9.740391414388114
Muhd Ashaari Bin Zinal Abidin,1400.0,1400.0,1400.0,1400.0,2000.0,0.0,36.3,185.67156964873536,0,0,0.0,0.0,0.0,0.0,0.0,0.0,0.0,0.0
Roman Andres Burruchaga,1440.2837454680584,1440.2837454680584,1440.2837454680584,1440.2837454680584,144.0,431.0,23.3,183.0,0,3,0.3333333333333333,0.3333333333333333,0.3333333333333333,0.3333333333333333,9.41842188154078,9.41842188154078,9.41842188154078,9.41842188154078
David Prinosil,1834.856761907541,1793.9091932041852,1866.368452932234,2051.1600756409835,368.0,80.0,52.2,185.0,0,232,0.0,0.24,0.32,0.3902439024390244,-125.43470510802854,-217.0859222009235,-154.9555338155876,-119.2800574298983
Alexey Kedryuk,1579.8349629362745,1611.2007940191916,1548.6543414705177,1579.8349629362745,387.0,132.0,44.9,193.0,0,39,0.4,0.64,0.6551724137931034,0.6551724137931034,4.47663307205471,6.912378815669172,6.912378815669172,6.912378815669172
Sebastian Arcila,1402.776578185569,1402.776578185569,1402.776578185569,1402.776578185569,2000.0,0.0,26.5,185.67156964873536,0,2,0.5,0.5,0.5,0.5,2.776578185568951,2.776578185568951,2.776578185568951,2.776578185568951
Daniel Brands,1679.5975478389628,1555.0711316920049,1507.301356725707,1473.1938224607816,180.0,285.0,37.5,196.0,0,151,0.0,0.24,0.36,0.4,-147.01594002629145,-188.4889364129151,-170.12048295548016,-37.05687960122623
Roman Safiullin,1732.6935930172508,1581.3911617703498,1427.236351785144,1449.65251987135,60.0,898.0,28.2,185.0,0,105,0.6,0.44,0.44,0.47,30.678803595606496,-46.1470025343101,-41.30794139101363,301.7582242710919
Henri Laaksonen,1519.1959293919954,1458.859032764539,1506.9025932168383,1384.902113541067,125.0,434.0,33.4,185.0,0,124,0.0,0.32,0.32,0.4,-143.22997499011285,-52.93819887798645,-165.0430787205646,-18.30884472293428
Robert Yim,1399.0989705392956,1399.0989705392956,1399.0989705392956,1399.0989705392956,802.0,12.0,40.4,185.67156964873536,1,1,0.0,0.0,0.0,0.0,-0.9010294607044216,-0.9010294607044216,-0.9010294607044216,-0.9010294607044216
Lionel Roux,1856.8989929249055,1856.8989929249055,1856.8989929249055,1856.8989929249055,331.0,88.0,52.3,185.0,0,62,0.2,0.4166666666666667,0.4166666666666667,0.4166666666666667,40.5250732107545,40.5250732107545,40.5250732107545,40.5250732107545
Olivier Malcor,1804.7115637834029,1804.7115637834029,1804.7115637834029,1804.7115637834029,442.0,52.0,50.1,180.0,0,51,0.0,0.0,0.0,0.0,-21.63463587235242,-21.63463587235242,-21.63463587235242,-21.63463587235242
Bertrand Madsen,1601.4476953765177,1630.8291696309057,1667.704110980833,1601.4476953765177,2000.0,0.0,52.8,186.27336318231923,0,14,0.5,0.5,0.5,0.5,-56.29179620282639,-56.29179620282639,-56.29179620282639,-56.29179620282639
Egor Gerasimov,1611.9227387729975,1569.0572555763597,1442.839855166712,1425.286063406185,304.0,170.0,32.8,196.0,0,118,0.4,0.32,0.38,0.48,-50.64241290677751,-110.75169570922684,-152.47950365641964,-67.89863052937972
James Shortall,1409.2177562626118,1384.063841893706,1409.2177562626118,1400.0,1180.0,3.0,45.2,185.67156964873536,0,3,0.3333333333333333,0.3333333333333333,0.3333333333333333,0.3333333333333333,9.217756262611829,9.217756262611829,9.217756262611829,9.217756262611829
Harri Heliovaara,1390.481060811392,1439.591393204401,1381.7112890429785,1390.481060811392,605.0,37.0,35.7,188.0,0,23,0.4,0.3478260869565217,0.3478260869565217,0.3478260869565217,33.974148959879585,-9.518939188607874,-9.518939188607874,-9.518939188607874
Karan Rastogi,1367.91573092023,1411.0837671895597,1400.0,1367.91573092023,1511.0,2.0,38.3,178.0,0,9,0.0,0.1111111111111111,0.1111111111111111,0.1111111111111111,-32.08426907977014,-32.08426907977014,-32.08426907977014,-32.08426907977014
Yohny Romero,1535.832562552141,1558.4041128264903,1621.597748066352,1535.832562552141,710.0,22.0,46.2,186.27336318231923,0,24,0.6,0.4285714285714285,0.4285714285714285,0.4285714285714285,-141.11450802932973,-141.11450802932973,-141.11450802932973,-141.11450802932973
Gilles Kremer,1422.9692451943406,1470.7900062248902,1383.585998061123,1422.9692451943406,2000.0,0.0,43.9,185.67156964873536,0,24,0.2,0.3333333333333333,0.3333333333333333,0.3333333333333333,-21.14310176775234,22.9692451943406,22.9692451943406,22.9692451943406
Stephane Bohli,1544.5221970678692,1592.3161384153516,1554.321661786535,1600.260837613789,401.0,91.0,41.8,185.0,0,36,0.0,0.24,0.2307692307692307,0.2307692307692307,-94.6264637683912,-55.73864054591945,-55.73864054591945,-55.73864054591945
Mate Delic,1431.859473564601,1391.2339267255977,1443.9549539924683,1431.859473564601,499.0,72.0,31.9,196.0,0,14,0.0,0.2142857142857142,0.2142857142857142,0.2142857142857142,31.85947356460133,31.85947356460133,31.85947356460133,31.85947356460133
Tom Kocevar Desman,1347.4083895926235,1372.780457710003,1400.0,1347.4083895926235,688.0,35.0,35.1,180.0,0,3,0.0,0.0,0.0,0.0,-52.591610407376265,-52.591610407376265,-52.591610407376265,-52.591610407376265
Chun Hun Wong,1377.1536855235606,1400.0,1377.1536855235606,1377.1536855235606,978.0,11.0,29.4,170.0,0,1,0.0,0.0,0.0,0.0,-22.84631447643937,-22.84631447643937,-22.84631447643937,-22.84631447643937
Shahin Khaledan,1390.63196495891,1353.5261643104975,1401.9820803055168,1390.63196495891,1331.0,3.0,34.6,185.67156964873536,0,9,0.4,0.4444444444444444,0.4444444444444444,0.4444444444444444,-9.368035041090025,-9.368035041090025,-9.368035041090025,-9.368035041090025
Cezar Cretu,1400.0,1400.0,1400.0,1400.0,292.0,182.0,24.3,188.0,0,0,0.0,0.0,0.0,0.0,0.0,0.0,0.0,0.0
Johannes Ager,1609.7905813003151,1609.7905813003151,1609.7905813003151,1609.7905813003151,295.0,109.0,41.3,196.0,0,11,0.0,0.0,0.0,0.0,-7.75598890936385,-7.75598890936385,-7.75598890936385,-7.75598890936385
Takahiro Ittogi,1400.0,1400.0,1400.0,1400.0,2000.0,0.0,36.7,185.67156964873536,0,0,0.0,0.0,0.0,0.0,0.0,0.0,0.0,0.0
Raven Klaasen,1553.4312660348528,1499.937537824712,1553.4312660348528,1463.3162006149196,247.0,195.0,42.9,178.0,0,11,0.6,0.6363636363636364,0.6363636363636364,0.6363636363636364,153.4312660348528,153.4312660348528,153.4312660348528,153.4312660348528
Soon Woo Kwon,1587.9178768862355,1543.2710782622476,1470.5063351731046,1405.0250586013867,344.0,145.0,27.7,180.0,0,135,0.2,0.36,0.38,0.47,-197.1238557964425,-61.62931835853101,-122.74190861928172,-9.360591746710725
Patrick Chucri,1413.664348683512,1380.6232481728382,1437.1842324893398,1413.664348683512,2000.0,0.0,43.4,186.27336318231923,0,16,0.4,0.4375,0.4375,0.4375,13.664348683512117,13.664348683512117,13.664348683512117,13.664348683512117
Arturs Lazdins,1391.7667880504048,1391.7667880504048,1391.7667880504048,1391.7667880504048,1469.0,3.0,27.8,185.67156964873536,0,1,0.0,0.0,0.0,0.0,-8.233211949595216,-8.233211949595216,-8.233211949595216,-8.233211949595216
Alexandre Muller,1624.9366849381802,1475.1604057765894,1498.5178134153114,1425.214052204463,68.0,790.0,28.7,183.0,0,65,0.6,0.52,0.38,0.4153846153846154,15.587678810996294,49.01847326433585,23.09940584072456,224.93668493818015
Albert Costa,1739.801574476337,1918.8681647484048,2057.4138282755493,2123.418248469008,249.0,143.0,49.8,180.0,0,583,0.2,0.4,0.42,0.46,-126.03229052078292,-129.0689576571599,-233.41159223276213,-357.24747033261974
Matavao Fanguna,1400.0,1400.0,1400.0,1400.0,2000.0,0.0,28.2,185.67156964873536,0,0,0.0,0.0,0.0,0.0,0.0,0.0,0.0,0.0
Juan Luis Tati Rascon,1677.4182766812405,1677.4182766812405,1677.4182766812405,1677.4182766812405,484.0,45.0,54.6,185.67156964873536,0,10,0.0,0.0,0.0,0.0,0.0,0.0,0.0,0.0
Marcus Sarstrand,1693.311249881412,1698.9262440777627,1698.9262440777627,1693.311249881412,397.0,66.0,46.9,183.0,0,51,0.0,0.0,0.0,0.0,-5.614994196350835,-5.614994196350835,-5.614994196350835,-5.614994196350835
Yann Marti,1430.4415211679095,1430.4415211679095,1430.4415211679095,1430.4415211679095,391.0,111.0,37.1,173.0,0,6,0.4,0.3333333333333333,0.3333333333333333,0.3333333333333333,30.441521167909517,30.441521167909517,30.441521167909517,30.441521167909517
Hendri Susilo Pramono,1626.2947450939646,1626.2947450939646,1626.2947450939646,1626.2947450939646,657.0,20.0,46.2,185.67156964873536,0,11,1.0,1.0,1.0,1.0,23.39640153024493,23.39640153024493,23.39640153024493,23.39640153024493
Pak Long Yeung,1375.0,1375.0,1375.0,1375.0,960.0,11.0,30.0,185.67156964873536,0,1,0.0,0.0,0.0,0.0,-25.0,-25.0,-25.0,-25.0
Oleksii Krutykh,1428.0199590687955,1446.8088242507288,1417.7526452208958,1428.0199590687955,493.0,82.0,25.5,185.0,0,6,0.4,0.3333333333333333,0.3333333333333333,0.3333333333333333,10.267313847899914,10.267313847899914,10.267313847899914,10.267313847899914
Adel Al Shatti,1400.0,1400.0,1400.0,1400.0,2000.0,0.0,52.4,185.67156964873536,0,0,0.0,0.0,0.0,0.0,0.0,0.0,0.0,0.0
Tobias Clemens,1689.4357999759293,1696.6610151692769,1689.4357999759293,1689.4357999759293,207.0,194.0,46.1,185.0,0,13,0.6666666666666666,0.6666666666666666,0.6666666666666666,0.6666666666666666,60.19983377012659,60.19983377012659,60.19983377012659,60.19983377012659
Luke Jensen,1400.0,1400.0,1400.0,1400.0,2000.0,0.0,58.6,190.0,0,0,0.0,0.0,0.0,0.0,0.0,0.0,0.0,0.0
Zsombor Piros,1563.3515451219168,1513.4748411320793,1414.4116756723608,1563.3515451219168,222.0,261.0,25.9,180.0,0,16,0.6,0.5625,0.5625,0.5625,163.35154512191684,163.35154512191684,163.35154512191684,163.35154512191684
Justin Gimelstob,1643.9849888587948,1742.2823311043326,1804.6010492229732,1972.4430688004315,549.0,40.0,48.7,196.0,0,301,0.2,0.28,0.32,0.35,-124.87142378263616,-107.7031587141878,-114.4208665439819,-180.58057616222573
Sergey Fomin,1396.1654083398982,1396.1654083398982,1396.1654083398982,1396.1654083398982,537.0,70.0,24.6,180.0,0,6,0.4,0.3333333333333333,0.3333333333333333,0.3333333333333333,-3.834591660101751,-3.834591660101751,-3.834591660101751,-3.834591660101751
Romain Radwan,1400.0,1400.0,1400.0,1400.0,2000.0,0.0,43.0,185.67156964873536,1,0,0.0,0.0,0.0,0.0,0.0,0.0,0.0,0.0
Juan Carlos Prado Angelo,1400.0,1400.0,1400.0,1400.0,605.0,56.0,19.8,185.0,0,0,0.0,0.0,0.0,0.0,0.0,0.0,0.0,0.0
Andrey Kumantsov,1393.2955766894315,1393.2955766894315,1393.2955766894315,1393.2955766894315,347.0,123.0,39.1,185.67156964873536,0,1,0.0,0.0,0.0,0.0,-6.7044233105684725,-6.7044233105684725,-6.7044233105684725,-6.7044233105684725
Pedro Sousa,1454.8622594324174,1332.7380528711103,1509.956279989114,1400.0,475.0,82.0,36.8,180.0,0,48,0.0,0.28,0.3541666666666667,0.3541666666666667,42.15089056260513,-42.357026657704864,54.86225943241743,54.86225943241743
Murkel Alejandro Dellien Velasco,1390.5272309850743,1400.0,1439.114058425631,1390.5272309850743,183.0,324.0,27.9,193.0,0,5,0.4,0.4,0.4,0.4,-9.472769014925689,-9.472769014925689,-9.472769014925689,-9.472769014925689
Karim Maamoun,1487.1964351593026,1580.2125322748082,1660.8744205946964,1487.1964351593026,403.0,85.0,45.6,185.67156964873536,0,33,0.6,0.4347826086956521,0.4347826086956521,0.4347826086956521,-151.66528644687423,-182.87971070697745,-182.87971070697745,-182.87971070697745
Iztok Bozic,1753.724957624961,1723.0151196022875,1717.7308832690342,1753.724957624961,567.0,33.0,53.7,185.67156964873536,0,54,0.75,0.75,0.75,0.75,30.709838022673463,30.709838022673463,30.709838022673463,30.709838022673463
Mathieu Montcourt,1512.2872899531767,1394.4824935411564,1523.009177473902,1512.2872899531767,123.0,636.0,40.2,183.0,0,13,0.2,0.3076923076923077,0.3076923076923077,0.3076923076923077,110.80117098479786,110.80117098479786,110.80117098479786,110.80117098479786
Nicolas Alvarez,1476.8019889652116,1421.0584036196665,1469.0259929364272,1476.8019889652116,298.0,165.0,29.2,185.0,0,11,0.4,0.6363636363636364,0.6363636363636364,0.6363636363636364,76.80198896521165,76.80198896521165,76.80198896521165,76.80198896521165
Gwinyai Chingoka,1400.0,1400.0,1400.0,1400.0,2000.0,0.0,42.7,185.67156964873536,0,0,0.0,0.0,0.0,0.0,0.0,0.0,0.0,0.0
Benjamin Bonzi,1558.3927617977793,1577.2206428572129,1381.2704810794326,1462.5336587106551,124.0,473.0,29.4,183.0,0,103,0.4,0.32,0.38,0.42,-167.04663296666604,-105.9016949928839,-124.20414098409287,114.32814268876837
Jan Mertl,1439.4607497773643,1400.0,1400.0,1439.4607497773643,306.0,158.0,43.5,190.0,0,1,1.0,1.0,1.0,1.0,39.460749777364526,39.460749777364526,39.460749777364526,39.460749777364526
Kenneth Raisma,1400.0,1400.0,1400.0,1400.0,896.0,15.0,26.8,193.0,1,0,0.0,0.0,0.0,0.0,0.0,0.0,0.0,0.0
Ronald Agenor,1758.8510243849864,1839.7276253352577,1843.465362144352,1917.154653940772,178.0,207.0,60.7,180.0,0,175,0.2,0.28,0.28,0.28,-93.24615460709288,-146.4676057031429,-146.4676057031429,-146.4676057031429
Cameron Norrie,1782.759824495554,1534.819947119678,1568.5968062899738,1465.7271827997376,57.0,962.0,30.2,188.0,1,361,0.4,0.44,0.44,0.55,-34.599944731614414,-27.967997980947302,-106.90437370094082,-168.5609595197693
Dimitar Grabuloski,1326.9997538533405,1389.712067501407,1372.6829205393929,1326.9997538533405,1340.0,2.0,43.6,186.27336318231923,0,7,0.2,0.1428571428571428,0.1428571428571428,0.1428571428571428,-73.00024614665972,-73.00024614665972,-73.00024614665972,-73.00024614665972
Mehdi Tahiri,1679.8705334050064,1647.223448188868,1596.4945825040447,1649.4831694839652,549.0,44.0,48.1,183.0,0,26,0.4,0.3125,0.3125,0.3125,30.38736392104124,30.38736392104124,30.38736392104124,30.38736392104124
Dragos Nicolae Madaras,1356.4226261708588,1366.2293737305706,1400.0,1356.4226261708588,191.0,308.0,27.8,191.0,1,3,0.0,0.0,0.0,0.0,-43.57737382914115,-43.57737382914115,-43.57737382914115,-43.57737382914115
Vishnu Vardhan,1360.3191748743618,1377.168912412758,1360.3191748743618,1400.0,262.0,178.0,38.1,188.0,0,4,0.0,0.0,0.0,0.0,-39.680825125638194,-39.680825125638194,-39.680825125638194,-39.680825125638194
Albert Montanes,1520.331543294622,1499.9407873159914,1938.129079724726,1655.7146495099337,312.0,155.0,44.4,175.0,0,593,0.4,0.48,0.48,0.46,-30.548140784478846,-64.7775912541656,-114.90721272703354,-127.6730112465093
Juan Pablo Varillas,1520.8637539717488,1320.6339194369675,1604.8159800375888,1400.0,179.0,331.0,29.9,185.0,0,83,0.4,0.32,0.42,0.4337349397590361,-87.51330632565578,-42.52056002850827,-38.19998363750392,120.8637539717488
Jiri Vesely,1663.0562971599804,1422.1795347901248,1462.4325972820582,1578.3962139272476,293.0,188.0,31.5,198.0,1,314,0.4,0.44,0.38,0.45,14.755462646158776,-47.3080940963614,-126.02540833089938,-134.13121097179737
Bradley Klahn,1449.2387574897095,1493.3244833370652,1343.8645743579273,1434.4955300038484,797.0,26.0,34.9,183.0,1,55,0.2,0.24,0.24,0.2363636363636363,-66.87798227597705,32.5472331494866,27.45963390384668,49.23875748970954
Daniel Chavez Morales,1400.0,1400.0,1400.0,1400.0,2000.0,0.0,59.1,185.67156964873536,0,0,0.0,0.0,0.0,0.0,0.0,0.0,0.0,0.0
Oleg Ogorodov,1847.648259063062,1829.148232933596,1900.8644401829724,1847.648259063062,195.0,177.0,52.7,193.0,0,78,0.6,0.48,0.5,0.5,-24.5811356640088,-16.179561575183243,-16.179561575183243,-16.179561575183243
Thomas Schoorel,1449.8323153395927,1404.2595750976482,1477.4532651159354,1449.8323153395927,132.0,422.0,35.9,203.0,1,7,0.2,0.1428571428571428,0.1428571428571428,0.1428571428571428,19.73114845723876,19.73114845723876,19.73114845723876,19.73114845723876
Laurynas Grigelis,1407.3878089323289,1322.5324679130715,1406.0221338176182,1400.0,1016.0,11.0,33.5,183.0,0,31,0.4,0.44,0.4193548387096774,0.4193548387096774,18.594286871722943,7.387808932328653,7.387808932328653,7.387808932328653
Marc Kimmich,1395.613525541977,1395.613525541977,1395.613525541977,1395.613525541977,313.0,103.0,41.9,183.0,0,2,0.0,0.0,0.0,0.0,-4.386474458023031,-4.386474458023031,-4.386474458023031,-4.386474458023031
Michael Brown B395,1479.3299124847752,1475.633019470324,1459.7625640905892,1479.3299124847752,2000.0,0.0,53.9,175.0,0,9,0.4,0.6666666666666666,0.6666666666666666,0.6666666666666666,79.32991248477515,79.32991248477515,79.32991248477515,79.32991248477515
Dino Prizmic,1419.4575112583225,1396.7992602211175,1376.628258435348,1419.4575112583225,171.0,361.0,19.5,188.0,0,10,0.2,0.3,0.3,0.3,19.457511258322484,19.457511258322484,19.457511258322484,19.457511258322484
Salvador Navarro,1773.6535176127877,1773.6535176127877,1773.6535176127877,1773.6535176127877,209.0,179.0,48.2,180.0,0,54,0.5,0.5,0.5,0.5,36.87393091787044,36.87393091787044,36.87393091787044,36.87393091787044
Xin Gao,1400.0,1400.0,1400.0,1400.0,944.0,14.0,31.3,180.0,0,0,0.0,0.0,0.0,0.0,0.0,0.0,0.0,0.0
Thomas Fabbiano,1540.4418529321667,1414.680012739547,1363.5041397415048,1585.6130135706858,192.0,336.0,35.7,173.0,0,89,0.0,0.32,0.36,0.3033707865168539,-11.623189470474244,-6.567614391896996,97.53209600535024,140.44185293216674
Maximilian Abel,1661.180454227415,1638.8423630084103,1649.5745265984008,1614.1622670867723,411.0,66.0,43.1,185.67156964873536,0,18,0.2,0.25,0.25,0.25,47.0181871406428,47.0181871406428,47.0181871406428,47.0181871406428
Yasutaka Uchiyama,1426.692062724754,1489.499060885386,1386.8402797205497,1358.3043843676708,160.0,370.0,33.1,183.0,0,39,0.2,0.2,0.3076923076923077,0.3076923076923077,-98.06441551512673,-16.027347985400866,26.692062724754123,26.692062724754123
J J Wolf,1504.2367240002834,1518.6658419353994,1435.60256172774,1446.6646249762068,143.0,436.0,26.6,183.0,0,97,0.2,0.32,0.4,0.4639175257731959,-155.94442733953042,-156.48308899121844,-224.67030059301328,50.83753523980181
Ji Sung Nam,1396.339350577793,1367.8450274244324,1396.339350577793,1400.0,590.0,46.0,32.1,183.0,0,7,0.4,0.4285714285714285,0.4285714285714285,0.4285714285714285,-3.660649422206916,-3.660649422206916,-3.660649422206916,-3.660649422206916
Evgenii Tiurnev,1396.4814029574025,1396.4814029574025,1396.4814029574025,1396.4814029574025,304.0,167.0,28.5,191.0,0,1,0.0,0.0,0.0,0.0,-3.5185970425975484,-3.5185970425975484,-3.5185970425975484,-3.5185970425975484
Marco Osorio,1644.1266767035208,1644.1266767035208,1644.1266767035208,1644.1266767035208,538.0,36.0,53.0,186.27336318231923,0,12,0.5,0.5,0.5,0.5,-31.416915194618923,-31.416915194618923,-31.416915194618923,-31.416915194618923
Rasmus Norby,1380.6015115859373,1383.3802491566548,1400.0,1380.6015115859373,651.0,29.0,42.5,183.0,0,3,0.0,0.0,0.0,0.0,-19.39848841406274,-19.39848841406274,-19.39848841406274,-19.39848841406274
Lazar Magdincev,1573.5409617321036,1563.5820157983967,1622.6351079463773,1573.5409617321036,2000.0,0.0,44.2,185.67156964873536,0,24,0.2,0.5,0.5,0.5,-2.813283338241717,-2.813283338241717,-2.813283338241717,-2.813283338241717
Matteo Viola,1504.0389020819032,1554.6160987765036,1428.8454322310763,1436.25878157918,218.0,228.0,38.1,188.0,0,16,0.2,0.25,0.25,0.25,59.44633132718286,59.44633132718286,59.44633132718286,59.44633132718286
John Paul Fruttero,1566.017592260695,1566.017592260695,1566.017592260695,1566.017592260695,205.0,185.0,44.4,185.0,0,10,0.0,0.0,0.0,0.0,0.0,0.0,0.0,0.0
Eduardo Schwank,1738.677140155278,1474.2814410944004,1730.3323395456848,1362.8384677618783,139.0,377.0,39.2,183.0,0,104,0.6,0.36,0.38,0.38,43.84701055757341,-98.75167931962189,28.724058499414923,280.16257826457536
Ruben Bemelmans,1577.1142848209176,1504.1261019839571,1378.856592352461,1494.3904602270245,221.0,299.0,37.6,183.0,1,90,0.2,0.24,0.36,0.3222222222222222,-112.78655473252049,-99.80963363768136,109.3150726699248,177.11428482091765
Jens Knippschild,1844.6585400480997,1850.987689243177,1868.76794920756,1963.6524491823195,247.0,138.0,50.4,190.0,0,191,0.4,0.32,0.3414634146341463,0.3414634146341463,-3.052318062509812,-7.255995836256261,-67.62904225557259,-67.62904225557259
Kristjan Tamm,1409.1570778365967,1449.3139660211116,1385.9612512333472,1409.1570778365967,978.0,15.0,27.2,185.0,0,4,0.5,0.5,0.5,0.5,9.157077836596727,9.157077836596727,9.157077836596727,9.157077836596727
Sharmal Dissanayake,1382.335886016045,1373.2637566122503,1398.39220569614,1382.335886016045,2000.0,0.0,28.8,185.67156964873536,0,8,0.6,0.375,0.375,0.375,-17.664113983955076,-17.664113983955076,-17.664113983955076,-17.664113983955076
Demetrios Leontis,1400.0,1400.0,1400.0,1400.0,2000.0,0.0,46.6,185.67156964873536,0,0,0.0,0.0,0.0,0.0,0.0,0.0,0.0,0.0
Kevin Sorensen,1473.9565924299084,1422.1358219204892,1473.9565924299084,1400.0,858.0,14.0,44.1,183.0,0,6,0.6,0.5,0.5,0.5,73.95659242990837,73.95659242990837,73.95659242990837,73.95659242990837
Oliver Ojakaar,1400.0,1400.0,1400.0,1400.0,939.0,16.0,20.0,191.0,0,0,0.0,0.0,0.0,0.0,0.0,0.0,0.0,0.0
Yassir Kilani,1400.0,1400.0,1400.0,1400.0,2000.0,0.0,24.6,185.67156964873536,0,0,0.0,0.0,0.0,0.0,0.0,0.0,0.0,0.0
Kalle Flygt,1765.820065868629,1744.3673601224605,1710.5668692960485,1765.820065868629,333.0,87.0,49.0,185.67156964873536,0,53,0.6666666666666666,0.6666666666666666,0.6666666666666666,0.6666666666666666,55.253196572580464,55.253196572580464,55.253196572580464,55.253196572580464
Kamil Capkovic,1400.0,1400.0,1400.0,1400.0,370.0,83.0,38.7,198.0,0,0,0.0,0.0,0.0,0.0,0.0,0.0,0.0,0.0
Diego Hartfield,1727.4562518365483,1532.514844816903,1789.0395236868578,1564.1927457827123,137.0,323.0,44.2,185.0,0,56,0.2,0.32,0.391304347826087,0.391304347826087,-23.99610090242049,-4.744400099203176,136.87879111203574,136.87879111203574
Gerard Granollers,1387.0195292551832,1387.0195292551832,1387.0195292551832,1387.0195292551832,280.0,164.0,36.2,180.0,0,3,0.0,0.0,0.0,0.0,-12.980470744816785,-12.980470744816785,-12.980470744816785,-12.980470744816785
Davis Rolis,1373.497634723207,1373.497634723207,1373.497634723207,1373.497634723207,2000.0,0.0,20.6,185.67156964873536,0,1,0.0,0.0,0.0,0.0,-26.502365276792943,-26.502365276792943,-26.502365276792943,-26.502365276792943
Timofey Skatov,1582.471812371629,1406.2449853839182,1602.284187357168,1582.471812371629,192.0,299.0,24.7,175.0,0,16,0.6,0.5,0.5,0.5,182.47181237162908,182.47181237162908,182.47181237162908,182.47181237162908
Rowland Phillips,1354.8809749529355,1375.8521589948314,1397.5338446666274,1354.8809749529355,2000.0,0.0,31.0,185.67156964873536,0,5,0.2,0.2,0.2,0.2,-45.11902504706427,-45.11902504706427,-45.11902504706427,-45.11902504706427
Aziz Ouakaa,1368.1016626622625,1400.0,1400.0,1368.1016626622625,884.0,17.0,26.2,185.0,0,1,0.0,0.0,0.0,0.0,-31.89833733773753,-31.89833733773753,-31.89833733773753,-31.89833733773753
David Miketa,1824.144090706032,1824.144090706032,1824.144090706032,1824.144090706032,208.0,161.0,50.1,183.0,0,50,0.0,0.0,0.0,0.0,0.0,0.0,0.0,0.0
Erik Chvojka,1397.8992742575683,1400.0,1400.0,1397.8992742575683,233.0,211.0,38.4,185.0,1,1,0.0,0.0,0.0,0.0,-2.1007257424316776,-2.1007257424316776,-2.1007257424316776,-2.1007257424316776
Jonathan Chu,1447.677419487702,1469.3373515233734,1447.677419487702,1447.677419487702,2000.0,0.0,42.0,186.27336318231923,0,2,1.0,1.0,1.0,1.0,47.67741948770208,47.67741948770208,47.67741948770208,47.67741948770208
Oliver Anderson,1400.0,1400.0,1400.0,1400.0,813.0,25.0,26.6,175.0,0,0,0.0,0.0,0.0,0.0,0.0,0.0,0.0,0.0
Taylor Fritz,2074.007425360508,1850.085725269547,1570.939519180499,1433.023730178983,4.0,5100.0,28.0,196.0,0,475,0.6,0.6,0.68,0.69,71.24917799414675,82.98817481209926,116.32394959309704,92.26143508899258
Peter Nagy,1422.3561241238192,1400.0,1441.7914829886297,1422.3561241238192,2000.0,0.0,32.8,180.0,0,6,0.6,0.5,0.5,0.5,22.3561241238192,22.3561241238192,22.3561241238192,22.3561241238192
Mikhail Elgin,1585.204694396432,1613.587361803086,1585.204694396432,1585.204694396432,949.0,12.0,43.9,183.0,0,21,0.4,0.2727272727272727,0.2727272727272727,0.2727272727272727,3.97928966488098,3.97928966488098,3.97928966488098,3.97928966488098
Marius Copil,1578.7720547449528,1685.4691408746307,1316.3999888853723,1395.0486481283813,283.0,198.0,34.2,191.0,0,157,0.2,0.32,0.36,0.39,-4.845159458236367,-136.2084104893438,-30.329001235902297,-134.280462591149
Philippos Tsangaridis,1326.2556296781008,1375.346187198452,1400.0,1326.2556296781008,2000.0,0.0,33.0,185.67156964873536,0,4,0.0,0.0,0.0,0.0,-73.74437032189917,-73.74437032189917,-73.74437032189917,-73.74437032189917
Ramin Raziyani,1434.493287022114,1408.7816213574677,1424.532831437785,1434.493287022114,2000.0,0.0,50.9,186.27336318231923,0,5,0.6,0.6,0.6,0.6,34.493287022114146,34.493287022114146,34.493287022114146,34.493287022114146
Stefano Travaglia,1510.962381359033,1493.921133514293,1466.431317676586,1388.1641047522703,233.0,272.0,33.6,185.0,0,84,0.2,0.28,0.36,0.3452380952380952,-59.61912708343198,-217.57332536344416,-26.74098090305847,110.96238135903307
William Lock,1398.1466314245888,1398.1466314245888,1424.1904081759674,1398.1466314245888,2000.0,0.0,40.4,186.27336318231923,0,2,0.5,0.5,0.5,0.5,-1.853368575411196,-1.853368575411196,-1.853368575411196,-1.853368575411196
Carsten Ball,1601.0622416368988,1561.637640993602,1528.8378245080803,1380.8905859656527,158.0,344.0,37.5,198.0,1,25,0.2,0.44,0.44,0.44,24.747236739600112,183.30959641600293,183.30959641600293,183.30959641600293
Yari Bernardo,1392.504590709073,1392.504590709073,1392.504590709073,1392.504590709073,2000.0,0.0,51.3,185.67156964873536,0,1,0.0,0.0,0.0,0.0,-7.495409290927,-7.495409290927,-7.495409290927,-7.495409290927
Chris Woodruff,1883.3200241605668,1990.0218700279745,1915.264032046111,1947.0218273188357,156.0,248.0,52.1,188.0,0,221,0.4,0.36,0.38,0.4225352112676056,-66.03676427335199,-20.435391865825977,-83.46862684296548,-104.40892301005216
Liang Chi Huang,1496.0146718150584,1476.2783457987798,1400.0,1496.0146718150584,529.0,66.0,33.3,186.27336318231923,0,6,0.8,0.8333333333333334,0.8333333333333334,0.8333333333333334,96.01467181505836,96.01467181505836,96.01467181505836,96.01467181505836
Terence Atmane,1492.2450281013917,1413.0453558867032,1518.777778441522,1492.2450281013917,161.0,369.0,23.7,193.0,1,13,0.4,0.3076923076923077,0.3076923076923077,0.3076923076923077,44.20090862507391,44.20090862507391,44.20090862507391,44.20090862507391
Scott Lipsky,1400.0,1400.0,1400.0,1400.0,1004.0,8.0,43.8,185.0,0,0,0.0,0.0,0.0,0.0,0.0,0.0,0.0,0.0
Philipp Kohlschreiber,1654.1116594362966,1568.016601110543,1631.8167584224982,1618.3169132260418,132.0,486.0,41.5,178.0,0,891,0.2,0.32,0.36,0.45,-46.93626170496168,-150.56533242749038,-233.90005092851948,-284.21899082093114
Vladimir Voltchkov,1825.7201771775908,1867.386945939376,1678.7184526148892,1886.6398185535863,423.0,71.0,47.2,180.0,0,185,0.2,0.36,0.4,0.4,-28.2525531640199,-78.92930280726978,-149.25463524326506,-277.9992248055237
Catalin Gard,1400.0,1400.0,1400.0,1400.0,250.0,151.0,44.1,185.67156964873536,0,0,0.0,0.0,0.0,0.0,0.0,0.0,0.0,0.0
Joji Miyao,1396.6021957606342,1396.6021957606342,1396.6021957606342,1396.6021957606342,1071.0,5.0,44.2,185.67156964873536,0,1,0.0,0.0,0.0,0.0,-3.397804239365769,-3.397804239365769,-3.397804239365769,-3.397804239365769
Adrian Bodmer,1392.916875260387,1392.916875260387,1392.916875260387,1392.916875260387,485.0,72.0,29.9,180.0,0,1,0.0,0.0,0.0,0.0,-7.083124739612913,-7.083124739612913,-7.083124739612913,-7.083124739612913
Lays Salim,1400.0,1400.0,1400.0,1400.0,2000.0,0.0,50.1,185.67156964873536,0,0,0.0,0.0,0.0,0.0,0.0,0.0,0.0,0.0
Andrew Harris,1433.049094140177,1465.218238821144,1433.049094140177,1433.049094140177,232.0,251.0,30.9,183.0,0,1,0.0,0.0,0.0,0.0,-4.096401497033867,-4.096401497033867,-4.096401497033867,-4.096401497033867
Andres Pedroso,1400.0,1400.0,1400.0,1400.0,286.0,114.0,46.5,185.67156964873536,0,0,0.0,0.0,0.0,0.0,0.0,0.0,0.0,0.0
Emin Agaev,1676.2434414478812,1676.2434414478812,1676.2434414478812,1676.2434414478812,368.0,76.0,46.2,185.67156964873536,0,10,0.0,0.0,0.0,0.0,0.0,0.0,0.0,0.0
Romain Bogaerts,1400.0,1400.0,1400.0,1400.0,1149.0,6.0,31.6,185.67156964873536,0,0,0.0,0.0,0.0,0.0,0.0,0.0,0.0,0.0
Phillip Simmonds,1395.9262879693745,1395.9262879693745,1395.9262879693745,1395.9262879693745,428.0,83.0,39.1,185.67156964873536,0,2,0.0,0.0,0.0,0.0,-4.073712030625529,-4.073712030625529,-4.073712030625529,-4.073712030625529
Manuel Tejada,1368.5719958410998,1368.5719958410998,1368.5719958410998,1368.5719958410998,2000.0,0.0,54.3,185.67156964873536,0,2,0.0,0.0,0.0,0.0,-31.428004158900197,-31.428004158900197,-31.428004158900197,-31.428004158900197
Juan Carlos Ramirez,1390.1147418489545,1397.9218117481544,1393.1304273003657,1390.1147418489545,2000.0,0.0,36.3,185.67156964873536,0,13,0.6,0.3846153846153846,0.3846153846153846,0.3846153846153846,-9.885258151045718,-9.885258151045718,-9.885258151045718,-9.885258151045718
Lucas Pouille,1635.1517110114194,1542.708258598591,1452.9910846681937,1478.808618349346,212.0,284.0,31.3,185.0,0,274,0.2,0.28,0.38,0.42,-95.54899908468838,-257.2261373739152,-199.11442109874477,-317.7780533996008
Jason Stoltenberg,1959.8304893756845,1946.2365520976464,1956.1582029550705,1916.2251486917928,116.0,360.0,55.2,185.0,0,197,0.4,0.48,0.574468085106383,0.574468085106383,-54.06384954541795,-93.345854614362,30.75748547326748,30.75748547326748
Wishaya Trongcharoenchaikul,1484.384011515774,1498.662956721346,1432.609862601005,1400.0,780.0,29.0,29.8,193.0,0,22,0.4,0.5454545454545454,0.5454545454545454,0.5454545454545454,135.6424287028699,84.38401151577386,84.38401151577386,84.38401151577386
Dekel Valtzer,1400.0,1400.0,1400.0,1400.0,441.0,62.0,40.7,185.67156964873536,0,0,0.0,0.0,0.0,0.0,0.0,0.0,0.0,0.0
Federico Sansonetti,1383.9925001185495,1400.0,1409.578888527957,1383.9925001185495,565.0,57.0,38.8,186.27336318231923,0,9,0.6,0.4444444444444444,0.4444444444444444,0.4444444444444444,-16.007499881450485,-16.007499881450485,-16.007499881450485,-16.007499881450485
Harel Levy,1618.7783066465422,1680.3181026072227,1856.573758589868,1798.9945565009184,223.0,214.0,47.1,185.0,0,199,0.2,0.28,0.26,0.34,-72.66202165130949,-164.45651350373214,-206.73177312166376,-276.7816790896527
Piero Demichelli,1400.0,1400.0,1400.0,1400.0,2000.0,0.0,45.5,185.67156964873536,1,0,0.0,0.0,0.0,0.0,0.0,0.0,0.0,0.0
Sheil Kotecha,1400.0,1400.0,1400.0,1400.0,1385.0,3.0,24.9,185.67156964873536,0,0,0.0,0.0,0.0,0.0,0.0,0.0,0.0,0.0
Mohammed Noor Noordin,1375.0,1400.0,1400.0,1375.0,2000.0,0.0,41.6,185.67156964873536,0,1,0.0,0.0,0.0,0.0,-25.0,-25.0,-25.0,-25.0
Seyed Akbar Taheri Rahaghi,1339.195962229294,1350.0,1400.0,1339.195962229294,2000.0,0.0,51.2,185.67156964873536,0,3,0.0,0.0,0.0,0.0,-60.80403777070615,-60.80403777070615,-60.80403777070615,-60.80403777070615
Mateus Alves,1400.0,1400.0,1400.0,1400.0,556.0,60.0,24.0,193.0,0,0,0.0,0.0,0.0,0.0,0.0,0.0,0.0,0.0
Amine Ahouda,1428.9308793162215,1400.0,1458.2303862250908,1428.9308793162215,2000.0,0.0,27.5,185.0,0,7,0.4,0.2857142857142857,0.2857142857142857,0.2857142857142857,28.93087931622153,28.93087931622153,28.93087931622153,28.93087931622153
Francisco Cabral,1400.0,1400.0,1400.0,1400.0,2000.0,0.0,28.5,191.0,0,0,0.0,0.0,0.0,0.0,0.0,0.0,0.0,0.0
Daniel Willman,1398.880732083849,1400.0,1398.880732083849,1398.880732083849,353.0,87.0,49.8,185.67156964873536,0,1,0.0,0.0,0.0,0.0,-1.1192679161513297,-1.1192679161513297,-1.1192679161513297,-1.1192679161513297
Guido Pella,1620.0552469178722,1494.9225653591352,1601.2566439120992,1409.6113064903336,203.0,305.0,35.2,183.0,1,280,0.4,0.44,0.36,0.43,-31.468471910976177,-23.14842478638525,-110.65424257691711,-227.3951436770328
Francisco Costa,1837.672648472725,1843.195047686064,1856.6308361374377,1837.672648472725,264.0,132.0,51.7,180.0,0,54,0.25,0.25,0.25,0.25,-11.248836908787323,-11.248836908787323,-11.248836908787323,-11.248836908787323
Dominik Meffert,1552.2973734719908,1499.410338798499,1432.551516288701,1427.708199661944,204.0,260.0,44.1,198.0,0,12,0.2,0.4166666666666667,0.4166666666666667,0.4166666666666667,152.2973734719908,152.2973734719908,152.2973734719908,152.2973734719908
Hady Habib,1468.8788711527325,1520.1041255520045,1328.8066423765806,1468.8788711527325,268.0,205.0,27.0,188.0,0,14,0.6,0.5714285714285714,0.5714285714285714,0.5714285714285714,68.87887115273247,68.87887115273247,68.87887115273247,68.87887115273247
Fajing Sun,1373.3204158451726,1400.0,1400.0,1373.3204158451726,359.0,139.0,28.9,178.0,0,1,0.0,0.0,0.0,0.0,-26.679584154827356,-26.679584154827356,-26.679584154827356,-26.679584154827356
Kacper Zuk,1433.6968151039448,1455.495680655926,1400.0,1433.6968151039448,245.0,220.0,25.9,183.0,0,7,0.4,0.4285714285714285,0.4285714285714285,0.4285714285714285,33.6968151039448,33.6968151039448,33.6968151039448,33.6968151039448
Omni Kumar,1436.179663308223,1436.179663308223,1436.179663308223,1436.179663308223,433.0,101.0,23.8,173.0,1,4,0.5,0.5,0.5,0.5,36.1796633082231,36.1796633082231,36.1796633082231,36.1796633082231
Stephen Nugent,1531.6348019979537,1566.017592260695,1531.6348019979537,1566.017592260695,1432.0,2.0,43.8,186.27336318231923,0,11,0.0,0.0,0.0,0.0,-34.38279026274131,-34.38279026274131,-34.38279026274131,-34.38279026274131
Orlando Luz,1389.864575223758,1389.864575223758,1389.864575223758,1389.864575223758,278.0,213.0,27.5,180.0,0,1,0.0,0.0,0.0,0.0,-10.135424776241962,-10.135424776241962,-10.135424776241962,-10.135424776241962
Mashiska Washington,1744.2782838679298,1744.2782838679298,1744.2782838679298,1744.2782838679298,864.0,11.0,50.5,180.0,0,54,0.25,0.25,0.25,0.25,-11.288927581378855,-11.288927581378855,-11.288927581378855,-11.288927581378855
Young Jun Kim,1468.6514255184577,1398.7570169607905,1468.6514255184577,1427.2489465854214,474.0,71.0,45.5,186.27336318231923,0,8,0.4,0.625,0.625,0.625,68.6514255184577,68.6514255184577,68.6514255184577,68.6514255184577
Nicolas Lapentti,1575.5860093957688,1990.1130921181605,2091.30644822794,2096.117668770394,129.0,395.0,48.7,188.0,0,902,0.2,0.36,0.38,0.45,-120.18449542769211,-98.14930272976244,-82.52745081923808,-93.47305253297895
Hong Chung,1377.71877696972,1400.0,1377.71877696972,1400.0,655.0,39.0,32.1,170.0,1,1,0.0,0.0,0.0,0.0,-22.28122303027999,-22.28122303027999,-22.28122303027999,-22.28122303027999
Clay Thompson,1400.0,1400.0,1400.0,1400.0,2159.0,1.0,33.1,185.67156964873536,0,0,0.0,0.0,0.0,0.0,0.0,0.0,0.0,0.0
Yasitha De Silva,1353.719736414574,1353.719736414574,1353.719736414574,1353.719736414574,2000.0,0.0,29.6,185.67156964873536,0,2,0.0,0.0,0.0,0.0,-46.28026358542593,-46.28026358542593,-46.28026358542593,-46.28026358542593
Rio Noguchi,1425.8267872007104,1425.8267872007104,1425.8267872007104,1425.8267872007104,291.0,167.0,26.7,168.0,0,1,1.0,1.0,1.0,1.0,25.82678720071044,25.82678720071044,25.82678720071044,25.82678720071044
Nicolas Moreno De Alboran,1434.4444154586945,1437.7461207148283,1485.3782259154912,1434.4444154586945,143.0,430.0,28.0,185.0,0,14,0.2,0.2857142857142857,0.2857142857142857,0.2857142857142857,-30.374195844576207,-30.374195844576207,-30.374195844576207,-30.374195844576207
Andrey Dernovskiy,1493.1785711614436,1572.9225841206053,1500.3070554622157,1493.1785711614436,1180.0,3.0,42.8,185.67156964873536,0,20,0.2,0.2,0.2,0.2,-79.74401295916164,-79.74401295916164,-79.74401295916164,-79.74401295916164
Gerardo Lopez Villasenor,1431.7474646033772,1417.4707934317778,1427.4002330697008,1431.7474646033772,819.0,19.0,30.3,191.0,0,12,0.6,0.4166666666666667,0.4166666666666667,0.4166666666666667,31.74746460337724,31.74746460337724,31.74746460337724,31.74746460337724
Adrian Cruciat,1537.620551770163,1537.620551770163,1578.4022755213643,1537.620551770163,183.0,234.0,42.4,185.0,0,11,0.0,0.0,0.0,0.0,-28.397040490531936,-28.397040490531936,-28.397040490531936,-28.397040490531936
Joel Allen,1400.0,1400.0,1400.0,1400.0,2000.0,0.0,43.2,185.67156964873536,0,0,0.0,0.0,0.0,0.0,0.0,0.0,0.0,0.0
Younes Lalami Laaroussi,1381.8387809007688,1381.8387809007688,1381.8387809007688,1381.8387809007688,1074.0,11.0,24.3,188.0,0,1,0.0,0.0,0.0,0.0,-18.16121909923117,-18.16121909923117,-18.16121909923117,-18.16121909923117
Kenneth Carlsen,1737.7926584713157,1939.375770252418,1725.1708781654854,1913.5736031726851,304.0,117.0,52.4,190.0,1,351,0.4,0.44,0.42,0.45,-50.84616483231844,1.0139443717155243,-70.76748711050732,-71.6526860128713
Patricio Arquez,1652.1775591897522,1652.1775591897522,1652.1775591897522,1652.1775591897522,266.0,128.0,44.8,185.67156964873536,0,10,0.0,0.0,0.0,0.0,0.0,0.0,0.0,0.0
Gian Marco Moroni,1409.2897486130869,1400.0,1430.379027550448,1409.2897486130869,181.0,325.0,27.1,185.0,0,3,0.3333333333333333,0.3333333333333333,0.3333333333333333,0.3333333333333333,9.289748613086658,9.289748613086658,9.289748613086658,9.289748613086658
Pedro Cachin,1462.0850944915194,1342.9278969507309,1551.6287841393034,1384.8774008848222,110.0,568.0,30.2,185.0,0,71,0.2,0.28,0.34,0.352112676056338,-215.56451984630144,-119.2678762252724,-16.78107381669429,62.085094491519385
Nutthanon Kadchapanan,1400.0,1400.0,1400.0,1400.0,1581.0,2.0,31.6,186.27336318231923,0,0,0.0,0.0,0.0,0.0,0.0,0.0,0.0,0.0
Tomas Martin Etcheverry,1751.909182802993,1529.536051411849,1728.7042745470842,1321.2699847121803,39.0,1315.0,26.3,196.0,0,136,0.4,0.52,0.54,0.53,57.55206406452817,25.25433541758616,34.31797002160192,178.30573048553129
Gabriel Trifu,1749.560609436687,1749.560609436687,1796.1615024540397,1773.2486231520406,252.0,115.0,49.8,193.0,0,60,0.2,0.2,0.2,0.2,-31.579586434592105,-31.579586434592105,-31.579586434592105,-31.579586434592105
Takahiro Terachi,1750.2982432522397,1750.2982432522397,1750.2982432522397,1750.2982432522397,411.0,76.0,46.2,185.67156964873536,0,61,0.4,0.3636363636363636,0.3636363636363636,0.3636363636363636,-26.7218197483719,-26.7218197483719,-26.7218197483719,-26.7218197483719
Collin Altamirano,1396.1792545910591,1396.1792545910591,1396.1792545910591,1396.1792545910591,345.0,128.0,29.7,188.0,0,1,0.0,0.0,0.0,0.0,-3.8207454089408657,-3.8207454089408657,-3.8207454089408657,-3.8207454089408657
Alberto Lim,1386.050034729752,1405.852587081344,1397.3543491802616,1386.050034729752,2000.0,0.0,25.7,185.67156964873536,0,7,0.4,0.4285714285714285,0.4285714285714285,0.4285714285714285,-13.949965270247958,-13.949965270247958,-13.949965270247958,-13.949965270247958
Valentin Rahmine,1400.0,1400.0,1400.0,1400.0,2000.0,0.0,33.4,185.67156964873536,0,0,0.0,0.0,0.0,0.0,0.0,0.0,0.0,0.0
Mike Bryan,1743.4951762621836,1730.9550588384482,1701.5337543084047,1729.3261021505175,2000.0,0.0,46.7,190.0,0,64,0.4,0.3571428571428571,0.3571428571428571,0.3571428571428571,28.59527859845321,28.59527859845321,28.59527859845321,28.59527859845321
Ivan Dodig,1660.7190590156629,1453.9972577105111,1502.7336253668918,1533.1494953926926,412.0,97.0,40.5,183.0,0,255,0.2,0.32,0.38,0.41,-83.12104545269722,-136.9665238419784,-190.02198362020977,-309.67050873276185
Dac Tien Nguyen,1400.0,1400.0,1400.0,1400.0,2000.0,0.0,26.5,185.67156964873536,0,0,0.0,0.0,0.0,0.0,0.0,0.0,0.0,0.0
Thiago Agustin Tirante,1536.7949810312723,1423.013592975449,1524.5471755018357,1536.7949810312723,121.0,484.0,24.5,185.0,0,16,0.6,0.5,0.5,0.5,136.7949810312723,136.7949810312723,136.7949810312723,136.7949810312723
Lauri Kiiski,1400.0,1400.0,1400.0,1400.0,825.0,16.0,44.7,185.67156964873536,0,0,0.0,0.0,0.0,0.0,0.0,0.0,0.0,0.0
Magnus Gustafsson,1996.491421740676,1956.40425700036,1978.833174770288,1926.5093280125463,71.0,555.0,58.8,185.0,0,217,0.6,0.52,0.54,0.5373134328358209,13.500105735881109,5.467933376401788,39.71685831422269,29.93679685576899
Satoshi Iwabuchi,1715.6044384259285,1685.380506619153,1715.6044384259285,1764.464069342713,339.0,103.0,49.9,175.0,1,63,0.4,0.3076923076923077,0.3076923076923077,0.3076923076923077,-48.85963091678445,-48.85963091678445,-48.85963091678445,-48.85963091678445
Christian Saravia,1400.0,1400.0,1400.0,1400.0,2000.0,0.0,35.3,185.67156964873536,0,0,0.0,0.0,0.0,0.0,0.0,0.0,0.0,0.0
Sebastian Fitz,1598.5746533226998,1598.5746533226998,1598.5746533226998,1598.5746533226998,326.0,98.0,45.8,185.67156964873536,0,10,0.0,0.0,0.0,0.0,0.0,0.0,0.0,0.0
Marc Gicquel,1619.9970757003573,1622.6774392666323,1603.7517108784102,1561.3797027145588,127.0,440.0,47.8,188.0,0,212,0.0,0.16,0.34,0.4,-287.37656039259195,-234.62202742185968,-249.36336303616167,-270.70690516524814
Mathias Bourgue,1433.6844706377888,1432.3560528199253,1452.5184507315423,1433.6844706377888,271.0,212.0,31.7,188.0,0,5,0.2,0.2,0.2,0.2,-1.8623749479017988,-1.8623749479017988,-1.8623749479017988,-1.8623749479017988
Conor Gannon,1396.8717468483696,1396.8717468483696,1396.8717468483696,1396.8717468483696,1294.0,5.0,23.2,185.67156964873536,0,2,0.5,0.5,0.5,0.5,-3.1282531516303607,-3.1282531516303607,-3.1282531516303607,-3.1282531516303607
Ze Zhang,1494.249218070165,1460.205229079388,1406.8782492046162,1437.2881734944044,338.0,121.0,35.2,188.0,0,59,0.4,0.4,0.34,0.3220338983050847,24.55273292740776,85.28088612909642,120.28995093770618,94.24921807016494
Juan Martin del Potro,2211.5333465194867,1818.4836878128424,1694.1472201944136,1510.7598211443524,753.0,28.0,36.3,198.0,0,620,0.6,0.68,0.7,0.76,-118.08330353837393,-108.92246415877388,-116.96661914833794,-10.978223830497882
Robert Strombachs,1473.6344734234822,1473.6344734234822,1473.6344734234822,1473.6344734234822,346.0,146.0,25.3,191.0,0,5,0.8,0.8,0.8,0.8,73.63447342348218,73.63447342348218,73.63447342348218,73.63447342348218
Nikola Mektic,1438.7824246836146,1396.0913627303346,1450.4057166265734,1438.7824246836146,2000.0,0.0,36.8,183.0,0,11,0.2,0.2727272727272727,0.2727272727272727,0.2727272727272727,38.78242468361464,38.78242468361464,38.78242468361464,38.78242468361464
Thomas Haug,1400.0,1400.0,1400.0,1400.0,2000.0,0.0,46.8,185.67156964873536,0,0,0.0,0.0,0.0,0.0,0.0,0.0,0.0,0.0
Mait Kunnap,1415.3514964074702,1542.5303317314217,1548.6627255451883,1415.3514964074702,1015.0,7.0,42.8,186.27336318231923,0,20,0.2,0.2,0.2,0.2,-150.66609585322476,-150.66609585322476,-150.66609585322476,-150.66609585322476
Pruchya Isarow,1505.1961873732012,1539.7421508994507,1505.1961873732012,1505.1961873732012,987.0,12.0,29.9,175.0,0,13,0.8,0.6923076923076923,0.6923076923076923,0.6923076923076923,105.19618737320116,105.19618737320116,105.19618737320116,105.19618737320116
Joao Souza,1428.7221474440732,1358.1916523511784,1489.0729539161782,1404.5809995111715,131.0,449.0,36.7,193.0,0,75,0.2,0.24,0.28,0.3466666666666667,-190.7994506769392,-158.7545590380489,-197.6109883419804,24.14114793290173
Marc Lopez,1733.5442966553744,1616.3206516703924,1736.6458377804574,1624.0655325138116,2000.0,0.0,43.1,175.0,0,63,0.2,0.32,0.38,0.4150943396226415,-97.26580839883673,-36.39453337127839,-44.75806885353359,126.86137824202864
Elbert Sie,1368.5559796548307,1368.5559796548307,1368.5559796548307,1368.5559796548307,1421.0,3.0,37.3,185.67156964873536,0,11,0.2,0.3636363636363636,0.3636363636363636,0.3636363636363636,-31.44402034516929,-31.44402034516929,-31.44402034516929,-31.44402034516929
Mik Ledvonova,1421.460678074194,1392.9287472679368,1400.0,1421.460678074194,2000.0,0.0,44.0,186.27336318231923,0,2,0.5,0.5,0.5,0.5,21.460678074193996,21.460678074193996,21.460678074193996,21.460678074193996
Jordi Samper Montana,1375.3038049029378,1375.3038049029378,1375.3038049029378,1375.3038049029378,410.0,98.0,35.0,185.67156964873536,0,1,0.0,0.0,0.0,0.0,-24.696195097062173,-24.696195097062173,-24.696195097062173,-24.696195097062173
Tomas Zib,1658.471671457632,1818.5849841134057,1775.073022072713,1882.4123578933024,292.0,124.0,49.5,178.0,0,180,0.4,0.36,0.28,0.32,15.89870468320919,-70.25684382131067,-86.69076000025507,-66.87118843934309
Barry King,1396.5511700308168,1371.5511700308168,1396.5511700308168,1396.5511700308168,1013.0,7.0,40.4,186.27336318231923,0,3,0.3333333333333333,0.3333333333333333,0.3333333333333333,0.3333333333333333,-3.44882996918318,-3.44882996918318,-3.44882996918318,-3.44882996918318
Bing Chao Lin,1625.6437046594235,1590.5774607245128,1601.9129828504986,1625.6437046594235,1010.0,5.0,51.4,180.0,0,12,1.0,1.0,1.0,1.0,35.066243934910744,35.066243934910744,35.066243934910744,35.066243934910744
Juan Rios,1400.0,1400.0,1400.0,1400.0,2000.0,0.0,58.3,185.0,0,0,0.0,0.0,0.0,0.0,0.0,0.0,0.0,0.0
Takuto Niki,1400.0,1400.0,1400.0,1400.0,340.0,132.0,37.9,183.0,0,0,0.0,0.0,0.0,0.0,0.0,0.0,0.0,0.0
Patrick Boza,1400.0,1400.0,1400.0,1400.0,2000.0,0.0,46.9,185.67156964873536,0,0,0.0,0.0,0.0,0.0,0.0,0.0,0.0,0.0
Peter August Anker,1400.0,1400.0,1400.0,1400.0,2000.0,0.0,25.6,185.67156964873536,0,0,0.0,0.0,0.0,0.0,0.0,0.0,0.0,0.0
Sergei Cuptov,1387.9980831082623,1400.0,1389.0767497608197,1387.9980831082623,2000.0,0.0,43.3,185.67156964873536,0,3,0.3333333333333333,0.3333333333333333,0.3333333333333333,0.3333333333333333,-12.001916891737665,-12.001916891737665,-12.001916891737665,-12.001916891737665
Ainius Sabaliauskas,1381.9707250121196,1381.9707250121196,1381.9707250121196,1381.9707250121196,1783.0,1.0,22.1,186.27336318231923,1,1,0.0,0.0,0.0,0.0,-18.0292749878804,-18.0292749878804,-18.0292749878804,-18.0292749878804
Dominik Hrbaty,1571.7796832638346,1979.6385884915412,1903.5907906303744,1890.3602131746825,154.0,324.0,47.0,183.0,0,792,0.6,0.36,0.32,0.43,-67.85601075375939,-139.90106397084082,-263.0596632718257,-275.05396059096324
Altug Celikbilek,1509.4962400407223,1520.5415075237745,1402.6257517173528,1427.492613444915,371.0,131.0,28.3,183.0,0,20,0.6,0.55,0.55,0.55,135.38216284462578,109.49624004072234,109.49624004072234,109.49624004072234
Nerman Fatic,1379.358370154858,1381.9375515445,1409.5971878476485,1379.358370154858,204.0,301.0,30.2,191.0,0,8,0.4,0.375,0.375,0.375,-20.64162984514201,-20.64162984514201,-20.64162984514201,-20.64162984514201
Miloslav Mecir Jr,1423.639216101791,1436.6067259774495,1400.0,1423.639216101791,187.0,276.0,37.7,190.0,0,3,0.3333333333333333,0.3333333333333333,0.3333333333333333,0.3333333333333333,23.639216101790907,23.639216101790907,23.639216101790907,23.639216101790907
Asim Shafik,1330.5837119768107,1366.7715861977467,1400.0,1400.0,2000.0,0.0,49.7,185.67156964873536,0,8,0.2,0.25,0.25,0.25,-69.41628802318928,-69.41628802318928,-69.41628802318928,-69.41628802318928
Richey Reneberg,1833.821992293912,1833.821992293912,1833.821992293912,1833.821992293912,204.0,165.0,59.3,180.0,0,51,1.0,1.0,1.0,1.0,25.4274031278992,25.4274031278992,25.4274031278992,25.4274031278992
Mili Poljicak,1388.2912547887795,1388.2912547887795,1388.2912547887795,1388.2912547887795,481.0,87.0,21.0,185.0,0,1,0.0,0.0,0.0,0.0,-11.708745211220275,-11.708745211220275,-11.708745211220275,-11.708745211220275
Alexander Tavkhelidze,1400.0,1400.0,1400.0,1400.0,2000.0,0.0,35.7,185.67156964873536,0,0,0.0,0.0,0.0,0.0,0.0,0.0,0.0,0.0
Russell Moseley,1377.885652638069,1377.885652638069,1377.885652638069,1377.885652638069,2000.0,0.0,40.2,185.67156964873536,0,1,0.0,0.0,0.0,0.0,-22.114347361931323,-22.114347361931323,-22.114347361931323,-22.114347361931323
Daniel Isaza,1400.0,1400.0,1400.0,1400.0,2000.0,0.0,38.4,185.67156964873536,0,0,0.0,0.0,0.0,0.0,0.0,0.0,0.0,0.0
Fadi Youssef,1391.4228707318275,1400.0,1391.4228707318275,1391.4228707318275,2000.0,0.0,47.8,185.67156964873536,0,1,0.0,0.0,0.0,0.0,-8.577129268172257,-8.577129268172257,-8.577129268172257,-8.577129268172257
Christopher Lawson,1389.6817763538936,1400.0,1400.0,1389.6817763538936,2000.0,0.0,36.0,185.67156964873536,0,1,0.0,0.0,0.0,0.0,-10.31822364610639,-10.31822364610639,-10.31822364610639,-10.31822364610639
Mauricio Estivariz,1339.6520536247383,1400.0,1313.1953436967783,1339.6520536247383,739.0,19.0,38.8,185.67156964873536,0,6,0.2,0.1666666666666666,0.1666666666666666,0.1666666666666666,-60.3479463752617,-60.3479463752617,-60.3479463752617,-60.3479463752617
Bastian Trinker,1397.1740910881708,1397.1740910881708,1397.1740910881708,1397.1740910881708,417.0,96.0,35.1,191.0,0,1,0.0,0.0,0.0,0.0,-2.825908911829174,-2.825908911829174,-2.825908911829174,-2.825908911829174
Brett Baudinet,1351.3157206707328,1374.482912881885,1351.3157206707328,1351.3157206707328,2000.0,0.0,43.2,185.67156964873536,0,2,0.0,0.0,0.0,0.0,-48.68427932926716,-48.68427932926716,-48.68427932926716,-48.68427932926716
Izak Van Der Merwe,1624.6614292816748,1582.9706169364194,1425.068365730836,1445.7686271568894,188.0,267.0,41.6,196.0,0,30,0.8,0.56,0.5333333333333333,0.5333333333333333,89.10001837572236,224.66142928167483,224.66142928167483,224.66142928167483
Martin Stiegwardt,1400.0,1400.0,1400.0,1400.0,2000.0,0.0,41.3,186.27336318231923,0,0,0.0,0.0,0.0,0.0,0.0,0.0,0.0,0.0
Lars Uebel,1631.0421347531333,1631.0421347531333,1631.0421347531333,1631.0421347531333,288.0,123.0,44.6,180.0,0,10,0.0,0.0,0.0,0.0,0.0,0.0,0.0,0.0
Miles Maclagan,1679.211378594817,1697.2664974977745,1697.2664974977745,1697.2664974977745,561.0,32.0,50.8,180.0,0,52,0.0,0.0,0.0,0.0,-18.055118902957474,-18.055118902957474,-18.055118902957474,-18.055118902957474
Denis Matsukevitch,1439.8022472812988,1400.0,1400.0,1439.8022472812988,364.0,91.0,39.2,190.0,0,3,0.3333333333333333,0.3333333333333333,0.3333333333333333,0.3333333333333333,39.80224728129883,39.80224728129883,39.80224728129883,39.80224728129883
Armin Sandbichler,1400.0,1400.0,1400.0,1400.0,570.0,40.0,40.5,180.0,1,0,0.0,0.0,0.0,0.0,0.0,0.0,0.0,0.0
Valentin Dimov,1382.8281241636626,1382.8281241636626,1382.8281241636626,1382.8281241636626,794.0,15.0,36.3,185.67156964873536,0,1,0.0,0.0,0.0,0.0,-17.17187583633745,-17.17187583633745,-17.17187583633745,-17.17187583633745
Scoville Jenkins,1517.5672966158866,1469.4893227374355,1434.7266821838243,1400.0,202.0,383.0,38.5,188.0,0,19,0.2,0.2631578947368421,0.2631578947368421,0.2631578947368421,117.56729661588656,117.56729661588656,117.56729661588656,117.56729661588656
Alexandar Lazov,1328.5289502028015,1343.7815798844576,1400.0,1328.5289502028015,438.0,95.0,34.5,183.0,1,6,0.2,0.1666666666666666,0.1666666666666666,0.1666666666666666,-71.47104979719848,-71.47104979719848,-71.47104979719848,-71.47104979719848
Reginald Willems,1760.3851445654743,1760.3851445654743,1786.3080662319724,1760.3851445654743,224.0,156.0,47.5,180.0,0,50,0.0,0.0,0.0,0.0,0.0,0.0,0.0,0.0
Daniel Evans,1541.772535360216,1618.0752128800657,1299.124812886614,1449.0105616857927,180.0,326.0,35.3,175.0,0,333,0.2,0.24,0.34,0.42,-113.07285592904871,-219.9221174220313,-162.81190746523475,-233.77796478837445
Roman Valent,1400.0,1400.0,1400.0,1400.0,1088.0,7.0,42.2,183.0,0,0,0.0,0.0,0.0,0.0,0.0,0.0,0.0,0.0
Rhett Purcell,1400.0,1400.0,1400.0,1400.0,922.0,13.0,29.5,191.0,0,0,0.0,0.0,0.0,0.0,0.0,0.0,0.0,0.0
Novak Djokovic,2437.708365197401,1719.829388669689,1588.215542307146,1667.5951613948496,4.0,5560.0,38.3,188.0,0,1359,0.8,0.84,0.78,0.84,25.39865361058537,-90.44225877253348,-159.22885793088017,-137.71729260861912
Guillermo Canas,1693.3967622935631,1870.8875163062569,1877.1635305008613,1923.3372191784124,151.0,452.0,47.6,185.0,0,530,0.4,0.28,0.38,0.48,-173.8292369642381,-246.764871210288,-344.82141373899503,-580.5827154594965
German Puentes,1837.371628600106,1871.1721023186608,1847.670006800177,1888.772050617813,140.0,285.0,52.7,173.0,0,71,0.2,0.2857142857142857,0.2857142857142857,0.2857142857142857,-73.05573792973246,-51.40042201770689,-51.40042201770689,-51.40042201770689
Christophe Bosio,1549.8331177136,1549.8331177136,1549.8331177136,1549.8331177136,1152.0,3.0,48.2,185.67156964873536,0,12,0.0,0.0,0.0,0.0,-23.089466407005148,-23.089466407005148,-23.089466407005148,-23.089466407005148
Kristof Vliegen,1732.2955551077082,1546.3974973823492,1624.761405623531,1413.1067634644594,307.0,139.0,43.2,193.0,0,211,0.4,0.32,0.32,0.34,-33.36889986795177,-95.37538853270551,-130.71629945953464,-325.19349792585285
Vimuktha De Alwis,1389.9738372115453,1389.9738372115453,1389.9738372115453,1389.9738372115453,2000.0,0.0,30.8,186.27336318231923,0,1,0.0,0.0,0.0,0.0,-10.026162788454712,-10.026162788454712,-10.026162788454712,-10.026162788454712
Marinko Matosevic,1674.7485416673028,1678.290490448236,1409.102656214959,1461.8856483755874,169.0,297.0,39.9,194.0,0,158,0.0,0.24,0.38,0.42,-213.6234726214941,-191.9087061361049,-160.11538105787736,-19.397826014489738
Nick Van Rosberg,1325.4893060097977,1369.1018905668882,1375.0,1325.4893060097977,2000.0,0.0,37.3,185.67156964873536,0,5,0.2,0.2,0.2,0.2,-74.51069399020253,-74.51069399020253,-74.51069399020253,-74.51069399020253
Christopher Eubanks,1587.3790809198258,1496.862666196089,1330.7691225653314,1596.7426824033446,106.0,545.0,29.3,201.0,0,102,0.6,0.36,0.44,0.41,-78.39996238951016,-122.44218149174208,-65.06962031067906,179.20418933674432
Dusan Lojda,1431.633988615898,1431.633988615898,1431.633988615898,1431.633988615898,169.0,285.0,37.4,188.0,1,0,0.0,0.0,0.0,0.0,0.0,0.0,0.0,0.0
Ali Hamadeh,1466.294780087852,1401.4991449593642,1400.0,1400.0,2000.0,0.0,50.5,185.67156964873536,0,10,0.6,0.4,0.4,0.4,66.29478008785213,66.29478008785213,66.29478008785213,66.29478008785213
Thai Son Kwiatkowski,1346.100892440199,1359.3828589017205,1346.100892440199,1400.0,477.0,89.0,30.5,188.0,0,6,0.0,0.0,0.0,0.0,-53.899107559801,-53.899107559801,-53.899107559801,-53.899107559801
Reda El Amrani,1494.4897727978118,1400.0,1559.8805324985544,1494.4897727978118,667.0,38.0,36.8,185.0,0,15,0.4,0.4666666666666667,0.4666666666666667,0.4666666666666667,94.48977279781184,94.48977279781184,94.48977279781184,94.48977279781184
Melle Van Gemerden,1727.7235816467469,1751.630032877576,1781.2545983966131,1756.2964995185896,106.0,404.0,46.1,183.0,0,62,0.2,0.3333333333333333,0.3333333333333333,0.3333333333333333,-23.197523931288742,-23.197523931288742,-23.197523931288742,-23.197523931288742
Stefan Kozlov,1489.7543602895116,1406.7858522400725,1400.0,1502.5140155610163,108.0,503.0,27.6,183.0,0,34,0.0,0.24,0.2647058823529412,0.2647058823529412,1.6278213877319558,89.75436028951162,89.75436028951162,89.75436028951162
Hsin Han Lee,1358.3413010433087,1380.027090168954,1358.3413010433087,1358.3413010433087,815.0,14.0,37.1,181.0,0,3,0.0,0.0,0.0,0.0,-41.658698956691296,-41.658698956691296,-41.658698956691296,-41.658698956691296
Phillip Harboe,1400.0,1400.0,1400.0,1400.0,610.0,30.0,42.5,185.67156964873536,0,0,0.0,0.0,0.0,0.0,0.0,0.0,0.0,0.0
Miguel Gallardo Valles,1610.045832734324,1715.3882481980193,1603.4191795328948,1610.045832734324,544.0,59.0,43.9,185.67156964873536,0,44,0.8,0.56,0.5294117647058824,0.5294117647058824,-35.52536947035264,-75.40395991113883,-75.40395991113883,-75.40395991113883
Kwok Shun Dasson Chan,1400.0,1400.0,1400.0,1400.0,2000.0,0.0,19.5,185.67156964873536,0,0,0.0,0.0,0.0,0.0,0.0,0.0,0.0,0.0
Franco Agamenone,1426.449119670161,1426.449119670161,1510.8079356308954,1426.449119670161,136.0,398.0,32.2,191.0,0,1,0.0,0.0,0.0,0.0,-15.613500823500544,-15.613500823500544,-15.613500823500544,-15.613500823500544
Ion Moldovan,1714.8050299442905,1714.8050299442905,1717.7773805058528,1714.8050299442905,393.0,72.0,47.6,188.0,0,56,0.2,0.1666666666666666,0.1666666666666666,0.1666666666666666,-21.232171012270328,-21.232171012270328,-21.232171012270328,-21.232171012270328
Mark Lajal,1399.2903604051958,1448.2695243507949,1376.0275040882789,1400.0,224.0,260.0,22.3,191.0,0,6,0.4,0.3333333333333333,0.3333333333333333,0.3333333333333333,-0.70963959480423,-0.70963959480423,-0.70963959480423,-0.70963959480423
James Duckworth,1527.5711968506907,1537.91512219381,1346.8414377631382,1457.5354684935053,77.0,731.0,33.7,183.0,0,172,0.0,0.36,0.36,0.41,-3.246730700558828,-63.79455989238113,-103.7245423739878,-48.99460150292839
Alexander Slabinsky,1394.6370276743723,1394.6370276743723,1394.6370276743723,1394.6370276743723,558.0,47.0,39.2,185.0,0,1,0.0,0.0,0.0,0.0,-5.362972325627652,-5.362972325627652,-5.362972325627652,-5.362972325627652
Muzammil Murtaza,1337.352516415221,1337.352516415221,1400.0,1375.0,2000.0,0.0,25.8,185.67156964873536,0,3,0.0,0.0,0.0,0.0,-62.64748358477891,-62.64748358477891,-62.64748358477891,-62.64748358477891
Grega Zemlja,1706.0310101187697,1470.949968001907,1465.14346038502,1438.4858771873744,148.0,406.0,38.5,183.0,0,98,0.6,0.36,0.42,0.4897959183673469,-120.37504431797696,-77.19844744878651,-41.86608895123027,306.0310101187695
Evgeny Kirillov,1398.4525405833788,1398.4525405833788,1398.4525405833788,1400.0,378.0,106.0,37.9,185.67156964873536,0,1,0.0,0.0,0.0,0.0,-1.5474594166212228,-1.5474594166212228,-1.5474594166212228,-1.5474594166212228
Harold Mayot,1468.8257886556826,1492.686926665588,1389.652824008082,1425.483210038795,107.0,567.0,23.7,180.0,0,19,0.2,0.3684210526315789,0.3684210526315789,0.3684210526315789,68.82578865568257,68.82578865568257,68.82578865568257,68.82578865568257
Andrej Nedic,1360.5694429490118,1400.0,1375.0,1360.5694429490118,591.0,59.0,20.2,185.0,0,2,0.0,0.0,0.0,0.0,-39.43055705098823,-39.43055705098823,-39.43055705098823,-39.43055705098823
Alberto Martin,1524.8263692048008,1718.650548360393,1994.119782339856,1813.583470657278,136.0,375.0,46.7,175.0,0,553,0.4,0.32,0.34,0.36,-33.11405455819886,-114.1532862851832,-136.83760509026774,-299.769582302926
Marc Rosset,1779.238886212246,1959.3661514878509,1890.008481629881,1963.3768950792844,140.0,308.0,54.9,201.0,0,438,0.2,0.4,0.4,0.38,-65.69684452603974,-101.41238847389128,-95.25297660858767,-285.0587393885037
Mohammed Reza Tavakoli,1400.0,1400.0,1400.0,1400.0,2000.0,0.0,53.2,185.67156964873536,0,0,0.0,0.0,0.0,0.0,0.0,0.0,0.0,0.0
Ignacio Hirigoyen,1692.4825323476275,1673.4663200814784,1700.0476474595164,1692.4825323476275,322.0,97.0,49.2,183.0,0,13,0.3333333333333333,0.3333333333333333,0.3333333333333333,0.3333333333333333,19.016212266149296,19.016212266149296,19.016212266149296,19.016212266149296
Gonzalo Escobar,1436.4389995550507,1462.0592097097965,1387.7595980115814,1436.4389995550507,2000.0,0.0,36.6,178.0,1,9,0.4,0.4444444444444444,0.4444444444444444,0.4444444444444444,36.43899955505072,36.43899955505072,36.43899955505072,36.43899955505072
Alejandro Olivera,1630.5470549506972,1618.5511141403051,1630.5470549506972,1630.5470549506972,794.0,11.0,47.9,185.67156964873536,0,10,0.0,0.0,0.0,0.0,0.0,0.0,0.0,0.0
Hermes Gamonal,1654.7470628891865,1669.326786897697,1685.4260951512908,1654.7470628891865,263.0,135.0,48.3,180.0,0,22,0.4,0.3333333333333333,0.3333333333333333,0.3333333333333333,-14.218348674683284,-14.218348674683284,-14.218348674683284,-14.218348674683284
Yanki Erel,1394.160158187432,1400.0,1371.6221690254424,1394.160158187432,536.0,70.0,24.9,178.0,1,2,0.5,0.5,0.5,0.5,-5.839841812568011,-5.839841812568011,-5.839841812568011,-5.839841812568011
Y Wang,1400.0,1400.0,1400.0,1400.0,2000.0,0.0,51.289787853299686,186.27336318231923,0,0,0.0,0.0,0.0,0.0,0.0,0.0,0.0,0.0
Amir Hossein Badi,1400.0,1400.0,1400.0,1400.0,2000.0,0.0,26.1,185.67156964873536,0,0,0.0,0.0,0.0,0.0,0.0,0.0,0.0,0.0
Yuichi Ito,1400.0,1400.0,1400.0,1400.0,622.0,35.0,39.1,185.67156964873536,0,0,0.0,0.0,0.0,0.0,0.0,0.0,0.0,0.0
Nathan Anthony Barki,1400.0,1400.0,1400.0,1400.0,2000.0,0.0,20.8,178.0,0,0,0.0,0.0,0.0,0.0,0.0,0.0,0.0,0.0
Andrei Karatchenia,1478.6351323368176,1503.595300899222,1400.0,1478.6351323368176,589.0,73.0,36.3,185.67156964873536,0,5,0.6,0.6,0.6,0.6,78.6351323368176,78.6351323368176,78.6351323368176,78.6351323368176
Khumoun Sultanov,1370.696796249701,1397.882139159633,1400.0,1400.0,236.0,243.0,26.8,180.0,0,5,0.2,0.2,0.2,0.2,-29.30320375029896,-29.30320375029896,-29.30320375029896,-29.30320375029896
Melvin Tong,1553.033289847419,1556.9616301932874,1566.017592260695,1553.033289847419,928.0,6.0,50.1,185.67156964873536,0,15,0.4,0.4,0.4,0.4,-12.984302413276056,-12.984302413276056,-12.984302413276056,-12.984302413276056
Orlin Stanoytchev,1708.8729364483038,1826.8543862319996,1803.8568730559905,1882.928544599058,161.0,238.0,53.3,185.0,0,79,0.0,0.28,0.2758620689655172,0.2758620689655172,-160.8848921014719,-174.05560815075432,-174.05560815075432,-174.05560815075432
Nick Van Der Meer,1400.0,1400.0,1400.0,1400.0,620.0,27.0,40.4,185.67156964873536,0,0,0.0,0.0,0.0,0.0,0.0,0.0,0.0,0.0
David Nalbandian,2021.2467109917568,1808.3165214192709,1737.1999510218752,1736.701127409323,124.0,430.0,43.2,180.0,0,588,0.4,0.52,0.56,0.59,-72.2933432213963,-154.82994763493707,-148.42345200838508,-324.9512524504389
Minjong Park,1400.0,1400.0,1400.0,1400.0,2000.0,0.0,23.2,185.67156964873536,0,0,0.0,0.0,0.0,0.0,0.0,0.0,0.0,0.0
Bu Yunchaokete,1592.4792124969065,1623.8665114128933,1400.0,1592.4792124969065,72.0,749.0,23.7,185.0,0,15,0.6,0.5333333333333333,0.5333333333333333,0.5333333333333333,192.47921249690623,192.47921249690623,192.47921249690623,192.47921249690623
Gustavo Kuerten,1629.208369931394,1998.5096898909487,2104.6918915987126,2246.7092114345005,1141.0,5.0,48.7,190.0,0,831,0.0,0.28,0.4,0.52,-237.7082306789432,-432.1272298413421,-424.05904254738766,-508.1258845087184
Diego Galeano,1500.4313445650218,1373.7948957427895,1504.9322873509866,1500.4313445650218,2000.0,0.0,32.9,185.67156964873536,0,12,0.8,0.6666666666666666,0.6666666666666666,0.6666666666666666,100.43134456502185,100.43134456502185,100.43134456502185,100.43134456502185
Mahammad Abid,1325.6136078417824,1366.3907347692698,1373.5898709231235,1325.6136078417824,2000.0,0.0,30.6,185.67156964873536,0,4,0.0,0.0,0.0,0.0,-74.38639215821763,-74.38639215821763,-74.38639215821763,-74.38639215821763
Gert Vilms,1442.4612917037507,1400.0,1442.4612917037507,1442.4612917037507,2000.0,0.0,45.3,185.67156964873536,0,1,1.0,1.0,1.0,1.0,42.4612917037507,42.4612917037507,42.4612917037507,42.4612917037507
Jamal Darmadi,1400.0,1400.0,1400.0,1400.0,2000.0,0.0,44.5,185.67156964873536,0,0,0.0,0.0,0.0,0.0,0.0,0.0,0.0,0.0
Franko Skugor,1448.956863396609,1498.9493846168778,1427.8381273899845,1359.724541383362,351.0,63.0,37.3,196.0,0,30,0.2,0.24,0.2666666666666666,0.2666666666666666,6.0074122893124695,48.95686339660893,48.95686339660893,48.95686339660893
Thien Nguyen Hoang,1405.8700381915785,1405.8700381915785,1405.8700381915785,1405.8700381915785,1443.0,3.0,29.8,185.67156964873536,0,6,0.4,0.5,0.5,0.5,5.870038191578487,5.870038191578487,5.870038191578487,5.870038191578487
Leonardo Mayer,1587.288531870967,1442.5423378483729,1601.1450463860149,1470.1952430248991,146.0,504.0,37.8,188.0,0,377,0.0,0.32,0.34,0.44,-162.3728542988431,-174.86005557036196,-258.3630528276419,-234.5678484376706
Federico Zeballos,1297.514392314264,1415.566133156531,1306.9599613319017,1297.514392314264,743.0,25.0,37.2,185.0,0,15,0.2,0.2666666666666666,0.2666666666666666,0.2666666666666666,-102.48560768573589,-102.48560768573589,-102.48560768573589,-102.48560768573589
Thomas Yaka Kofi Setodji,1417.606849916372,1417.606849916372,1417.606849916372,1417.606849916372,1240.0,6.0,29.9,183.0,0,3,0.6666666666666666,0.6666666666666666,0.6666666666666666,0.6666666666666666,17.606849916372084,17.606849916372084,17.606849916372084,17.606849916372084
Mykyta Mashtakov,1400.0,1400.0,1400.0,1400.0,1558.0,2.0,26.0,175.0,0,0,0.0,0.0,0.0,0.0,0.0,0.0,0.0,0.0
Paradorn Srichaphan,1719.992951094819,2038.2419212955697,1554.018317801845,1891.0067301083493,83.0,485.0,45.7,185.0,0,567,0.2,0.48,0.42,0.51,-82.6115742251884,-116.45797885597744,-216.1388110136072,-95.56226915216098
Xin Yuan Yu,1442.89033241524,1391.547099585885,1400.0,1442.89033241524,778.0,19.0,40.4,185.67156964873536,1,13,0.4,0.4615384615384615,0.4615384615384615,0.4615384615384615,42.89033241523998,42.89033241523998,42.89033241523998,42.89033241523998
Simon Aspelin,1652.2960842986822,1660.1978351639254,1652.2960842986822,1652.2960842986822,2000.0,0.0,50.8,185.0,0,11,0.0,0.0,0.0,0.0,-7.90175086524323,-7.90175086524323,-7.90175086524323,-7.90175086524323
Eduardo Nava,1383.322837692556,1400.0,1400.0,1383.322837692556,1104.0,8.0,28.2,180.0,0,1,0.0,0.0,0.0,0.0,-16.67716230744395,-16.67716230744395,-16.67716230744395,-16.67716230744395
Matthew Foster Estwick,1385.4143196217694,1385.4143196217694,1385.4143196217694,1385.4143196217694,2000.0,0.0,28.0,185.67156964873536,0,1,0.0,0.0,0.0,0.0,-14.585680378230563,-14.585680378230563,-14.585680378230563,-14.585680378230563
Amir Hadad,1788.5216911804655,1783.518122157097,1754.797614569885,1788.5216911804655,344.0,91.0,47.5,183.0,0,59,0.6,0.5555555555555556,0.5555555555555556,0.5555555555555556,21.265621899799957,21.265621899799957,21.265621899799957,21.265621899799957
Benjamin Lock,1493.9807437881034,1526.443119197706,1400.0,1493.9807437881034,348.0,144.0,31.9,198.0,0,12,0.6,0.6666666666666666,0.6666666666666666,0.6666666666666666,93.98074378810338,93.98074378810338,93.98074378810338,93.98074378810338
Darius Florin Bragusi,1400.0,1400.0,1400.0,1400.0,942.0,9.0,31.7,185.67156964873536,0,0,0.0,0.0,0.0,0.0,0.0,0.0,0.0,0.0
Aljaz Radinski,1400.0,1400.0,1400.0,1400.0,1279.0,5.0,30.0,188.0,0,0,0.0,0.0,0.0,0.0,0.0,0.0,0.0,0.0
Jesse Flores,1354.251104343633,1354.251104343633,1354.251104343633,1354.251104343633,900.0,18.0,29.8,188.0,0,2,0.0,0.0,0.0,0.0,-45.74889565636704,-45.74889565636704,-45.74889565636704,-45.74889565636704
Dominik Koepfer,1704.261053858552,1601.156538117659,1534.7346137290783,1343.3142867111137,81.0,686.0,31.4,180.0,1,132,0.4,0.44,0.48,0.45,-3.348273312617493,49.8672793150206,90.80166133609282,48.31477464398017
Abdulhamid Mubarak,1400.0,1400.0,1400.0,1400.0,2000.0,0.0,30.8,185.67156964873536,0,0,0.0,0.0,0.0,0.0,0.0,0.0,0.0,0.0
Paulo Carvallo,1670.7016483876532,1682.2615171189886,1709.3875920353844,1670.7016483876532,2000.0,0.0,48.6,185.67156964873536,0,60,0.6,0.5,0.5,0.5,-30.75454595116844,-30.75454595116844,-30.75454595116844,-30.75454595116844
Vasek Pospisil,1601.9904001697903,1770.6723898596604,1237.7749494297143,1439.903911390581,610.0,53.0,35.1,193.0,0,312,0.4,0.44,0.46,0.45,-95.3949166033358,-188.98739286547996,-163.90891385886448,-44.11548292675661
Musaad Al Jazzaf,1324.828377979358,1374.0347650905535,1400.0,1324.828377979358,1206.0,3.0,40.7,186.27336318231923,0,4,0.0,0.0,0.0,0.0,-75.17162202064196,-75.17162202064196,-75.17162202064196,-75.17162202064196
Fredrik Jonsson,1736.9422802231643,1828.269774466572,1817.7642499077065,1864.0809802269307,188.0,200.0,48.2,193.0,0,71,0.2,0.238095238095238,0.238095238095238,0.238095238095238,-142.69501697686587,-132.94655624156667,-132.94655624156667,-132.94655624156667
Freddy Murray,1400.0,1400.0,1400.0,1400.0,2000.0,0.0,22.1,186.27336318231923,0,0,0.0,0.0,0.0,0.0,0.0,0.0,0.0,0.0
Israel Morales,1394.5261320990433,1413.2177712568257,1394.5261320990433,1394.5261320990433,2000.0,0.0,39.0,186.27336318231923,0,3,0.3333333333333333,0.3333333333333333,0.3333333333333333,0.3333333333333333,-5.473867900956748,-5.473867900956748,-5.473867900956748,-5.473867900956748
Gonzalo Lama,1465.0896391777974,1386.1323981692929,1505.7002200738832,1465.0896391777974,410.0,110.0,32.2,180.0,0,14,0.2,0.5714285714285714,0.5714285714285714,0.5714285714285714,65.08963917779738,65.08963917779738,65.08963917779738,65.08963917779738
Sebastien Lareau,1819.1030711104988,1909.5562266229715,1840.9718136272936,1892.050332591834,164.0,230.0,52.2,183.0,0,81,0.2,0.44,0.3548387096774194,0.3548387096774194,-3.919935979926322,-78.3168773609259,-78.3168773609259,-78.3168773609259
Todd Woodbridge,1801.8217291854116,1784.511112951117,1823.4547114653603,1870.720759502928,2000.0,0.0,53.9,178.0,0,73,0.2,0.391304347826087,0.391304347826087,0.391304347826087,-2.2869474840181283,-9.838402966110834,-9.838402966110834,-9.838402966110834
Walter Trusendi,1400.0,1400.0,1400.0,1400.0,386.0,101.0,40.5,185.67156964873536,0,0,0.0,0.0,0.0,0.0,0.0,0.0,0.0,0.0
Gerald Melzer,1520.458664221866,1324.6774278079656,1607.384404440021,1520.458664221866,188.0,283.0,35.0,188.0,1,53,0.2,0.4,0.36,0.3396226415094339,-25.48168408456945,91.46843808105224,149.48655366382445,120.458664221866
Gwinyai Tongoona,1412.04398531592,1394.8809384316307,1389.411669410119,1412.04398531592,1093.0,6.0,51.7,185.67156964873536,0,4,0.25,0.25,0.25,0.25,12.043985315920054,12.043985315920054,12.043985315920054,12.043985315920054
James Sekulov,1813.6807481674184,1849.6117556601453,1852.4912523714247,1852.4912523714247,244.0,140.0,49.1,180.0,0,61,0.2,0.2727272727272727,0.2727272727272727,0.2727272727272727,-38.81050420400675,-38.81050420400675,-38.81050420400675,-38.81050420400675
Alejandro Falla,1671.8922089812734,1495.364967798887,1518.41178808359,1439.790769574822,310.0,161.0,41.2,185.0,1,281,0.2,0.32,0.36,0.38,-57.08676698178351,-123.70915540785928,-78.92749943868762,-149.2929307445179
Igor Kornienko,1709.656818951781,1709.656818951781,1709.656818951781,1709.656818951781,693.0,18.0,53.3,185.67156964873536,0,50,0.0,0.0,0.0,0.0,0.0,0.0,0.0,0.0
Mathias Hellstrom,1686.4578312876426,1686.4578312876426,1686.4578312876426,1686.4578312876426,534.0,37.0,47.3,185.67156964873536,0,10,0.0,0.0,0.0,0.0,0.0,0.0,0.0,0.0
Maxim Dubarenco,1404.4774027188878,1392.772885924381,1376.391508825105,1404.4774027188878,387.0,111.0,32.2,185.67156964873536,0,13,0.6,0.4615384615384615,0.4615384615384615,0.4615384615384615,4.477402718887788,4.477402718887788,4.477402718887788,4.477402718887788
Andrei Medvedev,1901.084143152237,1986.522763102162,2078.64452357564,2024.7059799102951,172.0,225.0,51.1,193.0,0,366,0.2,0.36,0.5,0.5,-159.7115383637704,-208.0084855982625,-163.48700946567465,-155.7794804318644
Sina Moghimi,1400.0,1400.0,1400.0,1400.0,1086.0,9.0,23.6,186.27336318231923,0,0,0.0,0.0,0.0,0.0,0.0,0.0,0.0,0.0
Jerome Haehnel,1705.5034908979776,1763.588686760767,1592.8534594730302,1595.8709343406244,675.0,30.0,45.2,185.0,0,35,0.0,0.32,0.32,0.32,-54.61819016734876,76.2675246921749,76.2675246921749,76.2675246921749
Will Farah Lebar,1425.4660165554649,1388.902176757186,1425.4660165554649,1425.4660165554649,2000.0,0.0,47.7,185.67156964873536,0,1,1.0,1.0,1.0,1.0,25.46601655546488,25.46601655546488,25.46601655546488,25.46601655546488
Vadim Davletshin,1396.8775826240017,1400.0,1396.8775826240017,1396.8775826240017,620.0,31.0,41.0,185.67156964873536,0,1,0.0,0.0,0.0,0.0,-3.1224173759983387,-3.1224173759983387,-3.1224173759983387,-3.1224173759983387
Ya Nan Ma,1400.0,1400.0,1400.0,1400.0,941.0,9.0,34.6,185.67156964873536,0,0,0.0,0.0,0.0,0.0,0.0,0.0,0.0,0.0
Kerlin Leon Zamora,1376.7957963472552,1376.7957963472552,1376.7957963472552,1376.7957963472552,1312.0,1.0,44.4,185.67156964873536,0,1,0.0,0.0,0.0,0.0,-23.20420365274481,-23.20420365274481,-23.20420365274481,-23.20420365274481
Chris Numbers,1400.0,1400.0,1400.0,1400.0,2000.0,0.0,53.5,185.67156964873536,0,0,0.0,0.0,0.0,0.0,0.0,0.0,0.0,0.0
Fabrice Martin,1388.3506807348074,1400.0,1388.3506807348074,1400.0,2000.0,0.0,38.7,198.0,0,1,0.0,0.0,0.0,0.0,-11.649319265192617,-11.649319265192617,-11.649319265192617,-11.649319265192617
Luka Mikrut,1400.0,1400.0,1400.0,1400.0,350.0,143.0,21.2,188.0,0,0,0.0,0.0,0.0,0.0,0.0,0.0,0.0,0.0
Alejandro Hernandez,1805.094117746181,1774.5081363897516,1811.7159282290147,1805.094117746181,236.0,169.0,47.4,180.0,0,75,0.8,0.64,0.64,0.64,-12.29610668544774,19.699230518641343,19.699230518641343,19.699230518641343
Guido Andreozzi,1506.7413585549416,1511.4657706185328,1414.988720311624,1397.010252112242,406.0,118.0,33.9,183.0,0,39,0.4,0.28,0.3076923076923077,0.3076923076923077,61.33450880183614,111.51194965721857,106.7413585549416,106.7413585549416
Jae Sung An,1462.1787039012966,1427.2710611015175,1389.2849461854807,1462.1787039012966,329.0,106.0,39.6,185.67156964873536,0,4,0.75,0.75,0.75,0.75,62.17870390129656,62.17870390129656,62.17870390129656,62.17870390129656
Marco Crugnola,1396.673130581214,1397.731753612053,1400.0,1396.673130581214,237.0,200.0,41.6,188.0,0,2,0.0,0.0,0.0,0.0,-3.3268694187861456,-3.3268694187861456,-3.3268694187861456,-3.3268694187861456
Soren Wedege,1426.136818004196,1426.136818004196,1400.0,1426.136818004196,2000.0,0.0,35.4,185.67156964873536,0,1,1.0,1.0,1.0,1.0,26.136818004195906,26.136818004195906,26.136818004195906,26.136818004195906
Chun Hsin Tseng,1353.723505258769,1388.3842775740643,1363.270356243945,1400.0,121.0,489.0,24.1,175.0,0,31,0.2,0.2,0.2580645161290322,0.2580645161290322,-95.84890090351678,-46.27649474123132,-46.27649474123132,-46.27649474123132
Ioannis Xilas,1425.0,1425.0,1425.0,1425.0,770.0,29.0,24.3,185.67156964873536,0,1,1.0,1.0,1.0,1.0,25.0,25.0,25.0,25.0
Rodrigo Gabriel,1375.0,1375.0,1375.0,1375.0,2000.0,0.0,41.1,185.67156964873536,0,1,0.0,0.0,0.0,0.0,-25.0,-25.0,-25.0,-25.0
Juan Pablo Barboza,1400.0,1400.0,1400.0,1400.0,2000.0,0.0,45.9,185.67156964873536,0,0,0.0,0.0,0.0,0.0,0.0,0.0,0.0,0.0
Peit Hein Boekel,1385.5168752409277,1385.5168752409277,1400.0,1385.5168752409277,2000.0,0.0,49.3,185.67156964873536,0,1,0.0,0.0,0.0,0.0,-14.483124759072323,-14.483124759072323,-14.483124759072323,-14.483124759072323
Robin Soderling,2458.420360037272,1770.6688964788236,1742.4158263255194,1544.309295367216,5.0,4325.0,40.9,193.0,0,479,0.6,0.68,0.78,0.74,6.724910083897612,-5.563124762143161,11.631727080170547,0.0968077591428482
Andrew Ilie,1722.5311063381498,1817.588416205424,2031.8260673013012,1894.30970850068,394.0,66.0,49.2,180.0,0,256,0.0,0.2,0.3,0.38,-158.67752157443033,-230.26754541360677,-227.1729476219673,-264.27904151818143
Slava Dosedel,1853.2012157328184,1941.837556495365,1908.7510326082293,1977.32385796,121.0,330.0,55.0,183.0,0,211,0.0,0.24,0.32,0.360655737704918,-105.5123589709042,-143.88527271046337,-157.84713672784503,-106.99661943110686
Jose Perdomo,1400.0,1400.0,1400.0,1400.0,2000.0,0.0,37.7,185.67156964873536,0,0,0.0,0.0,0.0,0.0,0.0,0.0,0.0,0.0
Felipe Parada,1396.5223249051676,1396.5223249051676,1396.5223249051676,1396.5223249051676,385.0,77.0,43.7,175.0,0,1,0.0,0.0,0.0,0.0,-3.4776750948324207,-3.4776750948324207,-3.4776750948324207,-3.4776750948324207
Jan Minar,1408.510355380918,1408.510355380918,1408.510355380918,1408.510355380918,303.0,118.0,44.3,185.67156964873536,0,1,0.0,0.0,0.0,0.0,-3.1497767706041486,-3.1497767706041486,-3.1497767706041486,-3.1497767706041486
Sanam Singh,1418.2546061494206,1424.7315655832665,1400.0,1418.2546061494206,371.0,115.0,37.2,173.0,0,3,0.3333333333333333,0.3333333333333333,0.3333333333333333,0.3333333333333333,18.254606149420624,18.254606149420624,18.254606149420624,18.254606149420624
Hee Seok Chung,1643.7943242151116,1644.9881959726565,1566.017592260695,1643.7943242151116,677.0,24.0,48.0,186.27336318231923,0,19,0.8,0.6666666666666666,0.6666666666666666,0.6666666666666666,77.77673195441662,77.77673195441662,77.77673195441662,77.77673195441662
Alexander Vasquez,1390.6826978973793,1390.6826978973793,1390.6826978973793,1390.6826978973793,2000.0,0.0,48.5,185.67156964873536,0,1,0.0,0.0,0.0,0.0,-9.317302102620715,-9.317302102620715,-9.317302102620715,-9.317302102620715
Adam Chadaj,1632.3036179852388,1632.3036179852388,1599.822037994066,1632.3036179852388,230.0,168.0,41.2,178.0,1,13,1.0,1.0,1.0,1.0,66.28602572454383,66.28602572454383,66.28602572454383,66.28602572454383
Marcos Lee Chan Baratau,1400.0,1400.0,1400.0,1400.0,1320.0,5.0,19.8,185.67156964873536,0,0,0.0,0.0,0.0,0.0,0.0,0.0,0.0,0.0
Mohamed Redha Ouahab,1400.0,1400.0,1400.0,1400.0,2000.0,0.0,43.5,185.67156964873536,0,0,0.0,0.0,0.0,0.0,0.0,0.0,0.0,0.0
Lars Burgsmuller,1623.0837985217925,1729.1922016949918,1802.8828817192489,1846.108169270229,263.0,150.0,49.3,183.0,0,233,0.2,0.32,0.28,0.34,-47.03286774372191,-111.98343142513318,-174.82553859415225,-206.72808282582605
Johan Ortegren,1721.363201759102,1721.363201759102,1721.363201759102,1721.363201759102,395.0,61.0,47.6,185.67156964873536,0,11,1.0,1.0,1.0,1.0,32.350615194700595,32.350615194700595,32.350615194700595,32.350615194700595
Dalibor Svrcina,1424.5882951427068,1424.5882951427068,1424.5882951427068,1424.5882951427068,194.0,315.0,22.3,178.0,0,5,0.4,0.4,0.4,0.4,24.588295142706784,24.588295142706784,24.588295142706784,24.588295142706784
Niko Karagiannis,1572.9225841206053,1572.9225841206053,1572.9225841206053,1572.9225841206053,2000.0,0.0,51.1,185.67156964873536,0,10,0.0,0.0,0.0,0.0,0.0,0.0,0.0,0.0
Jean Julien Rojer,1646.556039655626,1653.4778739557885,1400.0,1646.556039655626,296.0,125.0,43.6,183.0,0,13,1.0,0.9230769230769232,0.9230769230769232,0.9230769230769232,246.5560396556259,246.5560396556259,246.5560396556259,246.5560396556259
Jose Acasuso,1754.9734507702992,1685.0071227290027,2013.1157971847367,1658.9647326531128,256.0,184.0,42.3,190.0,0,425,0.6,0.44,0.48,0.5,11.528156635304184,-136.28236909932048,-64.08529332783519,-162.3960037100312
Martin Klizan,1655.9215622751408,1475.056464212851,1646.5056413394595,1367.1971545086512,150.0,419.0,36.3,191.0,1,302,0.0,0.28,0.46,0.47,-190.07450117967775,-274.77443856548257,-173.28832289393426,-198.1994637915357
Phillip King,1581.465257068567,1571.9662739727262,1581.465257068567,1581.465257068567,2000.0,0.0,43.3,175.0,0,22,0.4,0.25,0.25,0.25,-87.27913943878934,-87.27913943878934,-87.27913943878934,-87.27913943878934
Skyler Butts,1400.0,1400.0,1400.0,1400.0,1221.0,5.0,31.3,178.0,0,0,0.0,0.0,0.0,0.0,0.0,0.0,0.0,0.0
Tomas Vaise,1373.122066446905,1373.122066446905,1373.122066446905,1373.122066446905,2000.0,0.0,27.0,185.67156964873536,1,1,0.0,0.0,0.0,0.0,-26.87793355309532,-26.87793355309532,-26.87793355309532,-26.87793355309532
Bernard Tomic,1632.5415476150642,1643.8139773485534,1171.2379508789563,1647.768212993239,233.0,253.0,32.3,196.0,0,369,0.2,0.36,0.4,0.42,-80.1211858167162,-106.95145563340908,-160.39533514366894,-251.77616280422217
Luca Nardi,1409.5326892894257,1439.353990149879,1402.7785561933324,1405.0942793925935,89.0,649.0,22.1,185.0,0,30,0.0,0.24,0.2333333333333333,0.2333333333333333,17.40776488670099,9.532689289425662,9.532689289425662,9.532689289425662
Luciano Darderi,1567.2766812311302,1318.541970644286,1688.4281728075928,1407.784132479535,43.0,1248.0,23.7,183.0,0,53,0.2,0.32,0.5,0.490566037735849,-100.78601162775,-41.8361913314252,115.00203457147404,157.58567993032466
Leander Paes,1889.6269902960337,1800.04324959129,1854.313496685083,1948.2810821806595,2000.0,0.0,51.8,178.0,0,89,0.6,0.76,0.6666666666666666,0.6666666666666666,9.255790688644538,19.254237284019386,35.31349361095067,35.31349361095067
Henry So,1400.0,1400.0,1400.0,1400.0,1209.0,4.0,44.3,185.67156964873536,0,0,0.0,0.0,0.0,0.0,0.0,0.0,0.0,0.0
Daniel Dutra Da Silva,1390.8503957012597,1390.8503957012597,1390.8503957012597,1390.8503957012597,215.0,241.0,37.0,173.0,1,1,0.0,0.0,0.0,0.0,-9.149604298740314,-9.149604298740314,-9.149604298740314,-9.149604298740314
Stanislav Bykov,1377.5465551465136,1377.5465551465136,1377.5465551465136,1377.5465551465136,2000.0,0.0,37.0,185.67156964873536,0,1,0.0,0.0,0.0,0.0,-22.453444853486417,-22.453444853486417,-22.453444853486417,-22.453444853486417
Ivan Navarro,1595.0327698209178,1543.9019882600955,1697.204032308358,1673.9141744520405,232.0,212.0,43.5,183.0,0,109,0.4,0.36,0.3,0.3535353535353535,-64.74180674777404,37.59630812936052,-119.22379970235944,-50.14140604001227
Riccardo Bonadio,1449.34247730366,1449.34247730366,1449.34247730366,1449.34247730366,181.0,325.0,31.7,180.0,0,2,0.5,0.5,0.5,0.5,27.363893699182427,27.363893699182427,27.363893699182427,27.363893699182427
Fernando Verdasco,1475.490536142244,1575.3302513084152,1624.3134557846504,1545.7495938986265,244.0,229.0,41.4,188.0,1,1016,0.0,0.24,0.3,0.41,-111.0672457658477,-282.85168295711264,-279.25986060711966,-415.0700185178857
Marco Mirnegg,1396.1067593829882,1396.1067593829882,1400.0,1400.0,306.0,114.0,42.8,180.0,0,1,0.0,0.0,0.0,0.0,-3.89324061701177,-3.89324061701177,-3.89324061701177,-3.89324061701177
Timothy Neilly,1376.3012013873606,1408.2189087304394,1400.0,1376.3012013873606,1083.0,10.0,37.8,185.67156964873536,0,5,0.2,0.2,0.2,0.2,-23.698798612639397,-23.698798612639397,-23.698798612639397,-23.698798612639397
Daniel Glancy,1333.0624238835337,1353.8386633486314,1333.0624238835337,1333.0624238835337,933.0,15.0,36.2,185.67156964873536,0,5,0.2,0.2,0.2,0.2,-66.93757611646629,-66.93757611646629,-66.93757611646629,-66.93757611646629
Michael Hill,1806.9579333200616,1787.0269128830464,1806.9579333200616,1787.0269128830464,226.0,149.0,50.9,188.0,0,52,0.5,0.5,0.5,0.5,19.931020437015377,19.931020437015377,19.931020437015377,19.931020437015377
Gonzalo Bueno,1371.6875838932035,1400.0,1400.0,1371.6875838932035,273.0,199.0,21.4,173.0,0,1,0.0,0.0,0.0,0.0,-28.31241610679649,-28.31241610679649,-28.31241610679649,-28.31241610679649
Minhtuan Pham,1382.75027515228,1382.75027515228,1382.75027515228,1382.75027515228,2000.0,0.0,31.7,185.67156964873536,0,1,0.0,0.0,0.0,0.0,-17.249724847720017,-17.249724847720017,-17.249724847720017,-17.249724847720017
Srinath Prahlad,1742.261253345273,1742.261253345273,1742.261253345273,1742.261253345273,385.0,66.0,52.5,185.67156964873536,0,51,0.0,0.0,0.0,0.0,-9.492368449194146,-9.492368449194146,-9.492368449194146,-9.492368449194146
Daniel Altmaier,1567.1785778779408,1409.2135390211224,1584.0588193650435,1403.500083776768,88.0,640.0,27.1,188.0,0,126,0.4,0.36,0.38,0.33,-29.18531159950794,-31.45237897670381,-5.758967935849341,-65.13979450226202
Pavel Kotov,1604.7930952520644,1421.8669890514643,1585.7255909214275,1436.943743704914,75.0,745.0,26.9,191.0,0,79,0.2,0.44,0.5,0.4556962025316455,-84.45473367113163,-94.71419802677792,98.04108503300448,204.7930952520644
Michihisa Onoda,1610.9304065900506,1610.9304065900506,1610.9304065900506,1610.9304065900506,452.0,50.0,47.6,185.67156964873536,0,13,0.0,0.0,0.0,0.0,-61.85078477204206,-61.85078477204206,-61.85078477204206,-61.85078477204206
Cristian Garin,1677.8815877884315,1378.1257877659284,1690.6804881529897,1446.6307942474132,115.0,508.0,29.2,185.0,0,250,0.2,0.44,0.52,0.47,-69.34538877579098,-106.18864522353442,5.764779530909209,-84.92877183291239
Cesar Ramirez,1439.362856585959,1406.503408500723,1456.8418090356545,1439.362856585959,660.0,37.0,35.1,180.0,0,18,0.4,0.4444444444444444,0.4444444444444444,0.4444444444444444,39.36285658595898,39.36285658595898,39.36285658595898,39.36285658595898
Joao Fonseca,1647.5429395445317,1584.967110785326,1492.6858579611703,1400.0,145.0,409.0,19.3,185.0,0,19,1.0,0.5789473684210527,0.5789473684210527,0.5789473684210527,247.54293954453144,247.54293954453144,247.54293954453144,247.54293954453144
Nathan Healey,1660.7461695776085,1671.1610542074377,1646.0988663610583,1646.0988663610583,173.0,245.0,45.4,180.0,0,28,0.4,0.3333333333333333,0.3333333333333333,0.3333333333333333,14.647303216549972,14.647303216549972,14.647303216549972,14.647303216549972
Tristan Schoolkate,1384.1490046573554,1351.6676074578384,1384.1490046573554,1400.0,193.0,308.0,24.4,183.0,0,4,0.25,0.25,0.25,0.25,-15.850995342644635,-15.850995342644635,-15.850995342644635,-15.850995342644635
Razvan Sabau,1593.639729571978,1696.4337827106444,1716.192675285369,1752.8610341620322,163.0,255.0,48.2,185.0,0,99,0.2,0.16,0.2857142857142857,0.2857142857142857,-130.6962525106103,-148.6563433901365,-160.21875778486606,-160.21875778486606
Lukas Rosol,1673.5288626022243,1471.9933428651536,1605.4985584408455,1396.2628131080994,226.0,235.0,40.2,193.0,0,283,0.4,0.4,0.38,0.42,-74.51632068532899,-117.33760216183693,-203.61684869633268,-134.5106036160539
Sam Warburg,1492.805306382701,1545.7586210255993,1492.805306382701,1400.0,169.0,255.0,42.3,190.0,0,13,0.2,0.3076923076923077,0.3076923076923077,0.3076923076923077,92.80530638270102,92.80530638270102,92.80530638270102,92.80530638270102
Anthony Jackie Tang,1400.0,1400.0,1400.0,1400.0,1519.0,2.0,26.1,186.27336318231923,0,0,0.0,0.0,0.0,0.0,0.0,0.0,0.0,0.0
Alibek Kachmazov,1486.4575292311283,1451.8784420799686,1486.4575292311283,1486.4575292311283,252.0,226.0,23.0,185.0,0,8,0.8,0.5,0.5,0.5,86.45752923112832,86.45752923112832,86.45752923112832,86.45752923112832
Thanasi Kokkinakis,1764.6078244198782,1706.216474051649,1411.3842579321483,1437.792226525805,77.0,716.0,29.6,193.0,0,172,0.6,0.52,0.46,0.49,40.78247397442624,22.03036685958477,27.550140241766258,123.81144656439574
Yassine Dlimi,1421.4286128497863,1400.0776015737165,1400.0,1421.4286128497863,1123.0,9.0,22.3,191.0,0,3,0.6666666666666666,0.6666666666666666,0.6666666666666666,0.6666666666666666,21.428612849786305,21.428612849786305,21.428612849786305,21.428612849786305
Darian King,1547.386114595373,1564.3566635760883,1386.3944929579218,1547.386114595373,1230.0,6.0,33.3,188.0,0,48,0.6,0.52,0.625,0.625,-111.40330727592344,-26.173668945984677,147.38611459537333,147.38611459537333
Leos Friedl,1719.9610642682562,1729.0940719103965,1728.7373535012289,1719.9610642682562,2000.0,0.0,48.0,183.0,0,56,0.2,0.3333333333333333,0.3333333333333333,0.3333333333333333,-1.72117061911581,-1.72117061911581,-1.72117061911581,-1.72117061911581
Marius Tangen,1400.0,1400.0,1400.0,1400.0,2000.0,0.0,38.7,185.67156964873536,0,0,0.0,0.0,0.0,0.0,0.0,0.0,0.0,0.0
Daniel Masur,1409.8264430079555,1403.9561141666836,1384.3507092831358,1403.9561141666836,222.0,316.0,30.6,183.0,0,5,0.2,0.2,0.2,0.2,5.870328841272112,5.870328841272112,5.870328841272112,5.870328841272112
Cesar Escobar Serrano,1400.0,1400.0,1400.0,1400.0,2000.0,0.0,33.7,185.67156964873536,0,0,0.0,0.0,0.0,0.0,0.0,0.0,0.0,0.0
Albano Olivetti,1497.9887794279352,1542.8859988241488,1400.0,1378.6353621131284,793.0,24.0,33.5,203.0,0,13,0.2,0.3846153846153846,0.3846153846153846,0.3846153846153846,97.98877942793524,97.98877942793524,97.98877942793524,97.98877942793524
Erling Tveit,1307.5022002140388,1356.1002825466385,1363.97288803985,1307.5022002140388,598.0,37.0,40.5,185.67156964873536,1,6,0.0,0.0,0.0,0.0,-92.4977997859612,-92.4977997859612,-92.4977997859612,-92.4977997859612
Oscar Burrieza,1795.6559933983378,1795.6559933983378,1787.3483116589025,1819.6553508150296,365.0,75.0,49.9,170.0,0,54,0.25,0.25,0.25,0.25,4.739587365981151,4.739587365981151,4.739587365981151,4.739587365981151
Marcelo Rios,1965.261737824628,2299.5008803702644,2030.7637499786888,1965.261737824628,44.0,860.0,49.5,175.0,1,681,0.2,0.56,0.6,0.62,-68.17620415663737,-92.51141068848484,-67.87544313607668,-24.051516634618565
Remy Bertola,1400.0,1400.0,1400.0,1400.0,286.0,185.0,27.0,175.0,0,0,0.0,0.0,0.0,0.0,0.0,0.0,0.0,0.0
Ruben Gonzales,1501.946323425982,1383.2489100446332,1541.2857181959498,1501.946323425982,925.0,14.0,39.3,186.27336318231923,0,13,0.6,0.6153846153846154,0.6153846153846154,0.6153846153846154,101.94632342598196,101.94632342598196,101.94632342598196,101.94632342598196
Photos Kallias,1305.3239572217938,1358.699409034145,1378.7409847097315,1305.3239572217938,475.0,81.0,41.5,185.67156964873536,1,12,0.0,0.0833333333333333,0.0833333333333333,0.0833333333333333,-94.67604277820624,-94.67604277820624,-94.67604277820624,-94.67604277820624
Kenneth Tuilier Curco,1395.017420175173,1395.017420175173,1395.017420175173,1395.017420175173,1351.0,1.0,42.0,185.67156964873536,0,1,0.0,0.0,0.0,0.0,-4.982579824827326,-4.982579824827326,-4.982579824827326,-4.982579824827326
Caio Zampieri,1478.9872114605705,1400.0,1435.754862419005,1478.9872114605705,316.0,145.0,38.6,183.0,0,3,0.6666666666666666,0.6666666666666666,0.6666666666666666,0.6666666666666666,78.9872114605705,78.9872114605705,78.9872114605705,78.9872114605705
Matteo Gigante,1436.225073575098,1436.225073575098,1436.225073575098,1436.225073575098,139.0,456.0,23.3,180.0,1,1,0.0,0.0,0.0,0.0,-15.364525754409442,-15.364525754409442,-15.364525754409442,-15.364525754409442
Sandro Ehrat,1349.1357057695411,1400.0,1373.652377100993,1349.1357057695411,408.0,101.0,34.2,180.0,0,5,0.2,0.2,0.2,0.2,-50.86429423045888,-50.86429423045888,-50.86429423045888,-50.86429423045888
Hazem Naw,1421.5535148611614,1421.5535148611614,1421.5535148611614,1421.5535148611614,2000.0,0.0,25.1,183.0,0,1,1.0,1.0,1.0,1.0,21.55351486116137,21.55351486116137,21.55351486116137,21.55351486116137
Liova Ayite Ajavon,1400.0,1400.0,1400.0,1400.0,2000.0,0.0,26.2,186.27336318231923,0,0,0.0,0.0,0.0,0.0,0.0,0.0,0.0,0.0
Tomislav Ternar,1417.2708402142766,1417.2708402142766,1417.2708402142766,1417.2708402142766,792.0,23.0,34.5,185.67156964873536,0,2,0.5,0.5,0.5,0.5,17.27084021427663,17.27084021427663,17.27084021427663,17.27084021427663
Walid Jallali,1589.4960321081155,1596.4028568483263,1583.6759730298284,1589.4960321081155,1014.0,9.0,47.0,185.67156964873536,0,16,0.6,0.6666666666666666,0.6666666666666666,0.6666666666666666,5.765005067135007,5.765005067135007,5.765005067135007,5.765005067135007
Jimy Szymanski,1782.0160917866974,1765.2030068620995,1829.8780508252244,1782.0160917866974,540.0,41.0,49.3,175.0,0,67,0.4,0.4705882352941176,0.4705882352941176,0.4705882352941176,-48.849231799820245,-48.849231799820245,-48.849231799820245,-48.849231799820245
Lars Poerschke,1398.415407072418,1398.415407072418,1398.415407072418,1398.415407072418,332.0,123.0,40.6,185.67156964873536,0,1,0.0,0.0,0.0,0.0,-1.58459292758198,-1.58459292758198,-1.58459292758198,-1.58459292758198
Luis Diego Nunez,1400.0,1395.094977982674,1400.0,1400.0,2000.0,0.0,51.1,185.67156964873536,0,0,0.0,0.0,0.0,0.0,0.0,0.0,0.0,0.0
Dzmitry Zhyrmont,1392.348350562292,1486.7691131512438,1341.6545009748877,1392.348350562292,389.0,106.0,35.9,185.67156964873536,0,17,0.4,0.4117647058823529,0.4117647058823529,0.4117647058823529,-7.651649437708102,-7.651649437708102,-7.651649437708102,-7.651649437708102
Nicolas Mejia,1358.8413728802118,1300.520663742223,1457.2896144877527,1358.8413728802118,237.0,242.0,25.5,183.0,0,15,0.2,0.2,0.2,0.2,-41.15862711978821,-41.15862711978821,-41.15862711978821,-41.15862711978821
Martin Emmrich,1400.0,1400.0,1400.0,1400.0,994.0,7.0,40.4,183.0,1,0,0.0,0.0,0.0,0.0,0.0,0.0,0.0,0.0
Michael Mora,1400.0,1400.0,1400.0,1400.0,2000.0,0.0,47.3,186.27336318231923,0,0,0.0,0.0,0.0,0.0,0.0,0.0,0.0,0.0
Patricio Alvarado,1400.0,1400.0,1400.0,1400.0,1222.0,4.0,35.4,185.67156964873536,0,0,0.0,0.0,0.0,0.0,0.0,0.0,0.0,0.0
Mitchell Krueger,1500.1270515820206,1496.491652341114,1400.0,1354.517243036367,140.0,409.0,31.6,188.0,0,31,0.4,0.32,0.3225806451612903,0.3225806451612903,63.21523678918447,100.1270515820206,100.1270515820206,100.1270515820206
Luis Manuel Flores,1419.075747057893,1373.0156072984482,1419.075747057893,1419.075747057893,478.0,98.0,40.4,186.27336318231923,1,3,0.6666666666666666,0.6666666666666666,0.6666666666666666,0.6666666666666666,19.075747057893068,19.075747057893068,19.075747057893068,19.075747057893068
Aleksandr Nedovyesov,1427.7153621814668,1403.804278703397,1420.884616389779,1413.0845859993856,195.0,278.0,38.1,188.0,0,31,0.0,0.24,0.1935483870967742,0.1935483870967742,36.085290621676,27.715362181466844,27.715362181466844,27.715362181466844
Joao Cunha Silva,1759.4958008763529,1759.4958008763529,1759.4958008763529,1759.4958008763529,288.0,108.0,57.1,173.0,0,50,0.0,0.0,0.0,0.0,0.0,0.0,0.0,0.0
Alexis Galarneau,1422.435332394997,1432.7628808959823,1400.0,1422.435332394997,200.0,307.0,26.5,180.0,0,4,0.25,0.25,0.25,0.25,22.435332394996976,22.435332394996976,22.435332394996976,22.435332394996976
Mattia Bellucci,1522.742983142089,1553.2395514425052,1445.4469236165685,1445.4469236165685,101.0,574.0,24.3,175.0,1,14,0.4,0.4285714285714285,0.4285714285714285,0.4285714285714285,77.29605952552083,77.29605952552083,77.29605952552083,77.29605952552083
Sebastian Moreno,1377.0427769249025,1377.0427769249025,1377.0427769249025,1377.0427769249025,2000.0,0.0,33.4,185.67156964873536,0,1,0.0,0.0,0.0,0.0,-22.957223075097545,-22.957223075097545,-22.957223075097545,-22.957223075097545
Dick Norman,1708.003063514784,1526.9673456285072,1492.1605176468454,1571.1536081013442,263.0,246.0,54.2,203.0,1,55,0.8,0.32,0.28,0.2727272727272727,111.38764706089864,113.16192900758074,238.25082245888984,252.76879731139772
Gijs Brouwer,1589.2378342528143,1516.3125162099373,1483.6945767350794,1436.8825850985486,190.0,317.0,29.2,191.0,1,26,0.4,0.48,0.5,0.5,18.218630280818843,189.2378342528143,189.2378342528143,189.2378342528143
John Bryan Decasa Otico,1377.693896136782,1423.8292213515006,1400.0,1377.693896136782,2000.0,0.0,25.7,186.27336318231923,0,3,0.3333333333333333,0.3333333333333333,0.3333333333333333,0.3333333333333333,-22.306103863217917,-22.306103863217917,-22.306103863217917,-22.306103863217917
Luka Belic,1373.8309008741169,1373.8309008741169,1373.8309008741169,1373.8309008741169,766.0,20.0,36.7,185.67156964873536,0,2,0.0,0.0,0.0,0.0,-26.16909912588335,-26.16909912588335,-26.16909912588335,-26.16909912588335
Gianluca Mager,1606.905779392643,1430.3034150103,1542.467674558962,1400.0,67.0,947.0,30.1,188.0,0,58,0.4,0.4,0.38,0.4137931034482758,20.62530027816615,88.18965120836515,7.100239222204664,206.90577939264267
Jason Sankey,1400.0,1400.0,1400.0,1400.0,2000.0,0.0,45.1,185.67156964873536,0,0,0.0,0.0,0.0,0.0,0.0,0.0,0.0,0.0
Nick Lindahl,1415.8492687567243,1420.9311746679764,1400.0,1415.8492687567243,244.0,188.0,36.9,183.0,0,8,0.0,0.125,0.125,0.125,15.84926875672454,15.84926875672454,15.84926875672454,15.84926875672454
Helder Lopes,1454.5697326738396,1397.3858962570016,1436.3341136608203,1454.5697326738396,465.0,49.0,47.9,185.67156964873536,0,5,0.4,0.4,0.4,0.4,54.56973267383955,54.56973267383955,54.56973267383955,54.56973267383955
Franco Ferreiro,1464.8144124647597,1400.0,1468.0948020907545,1464.8144124647597,185.0,402.0,40.8,188.0,0,7,0.6,0.4285714285714285,0.4285714285714285,0.4285714285714285,64.81441246475947,64.81441246475947,64.81441246475947,64.81441246475947
Daniil Medvedev,2054.438807550783,1929.329701173624,1389.317508242481,1499.170942006546,4.0,4830.0,29.7,198.0,0,535,0.6,0.6,0.66,0.71,-98.75801206821144,-80.16731533403708,-104.90382596180234,-133.43890798703114
Martin Damm,1894.8899982103655,1902.358999706411,1894.8899982103655,1894.8899982103655,204.0,296.0,21.4,203.0,1,50,0.0,0.0,0.0,0.0,0.0,0.0,0.0,0.0
Gergely Kisgyorgy,1685.5798064024837,1733.6597040171384,1748.4694019458962,1685.5798064024837,982.0,7.0,49.3,185.67156964873536,0,64,0.6,0.5,0.5,0.5,-50.087781981169655,-50.087781981169655,-50.087781981169655,-50.087781981169655
Diego Nargiso,1923.4908220685415,1786.6665692792762,1876.2219542408584,1923.4908220685415,149.0,266.0,55.6,188.0,1,61,0.6,0.7272727272727273,0.7272727272727273,0.7272727272727273,126.21762631520346,126.21762631520346,126.21762631520346,126.21762631520346
Mikhail Kukushkin,1512.4546835681454,1531.6186559858625,1365.062854193184,1458.219033439402,111.0,524.0,37.8,183.0,0,412,0.4,0.28,0.28,0.37,-23.070259496269276,-156.4243454344387,-182.91212315852704,-239.89669465286943
Oriol Roca Batalla,1428.1850641068083,1428.1850641068083,1428.1850641068083,1428.1850641068083,310.0,163.0,32.0,175.0,0,2,0.5,0.5,0.5,0.5,28.18506410680834,28.18506410680834,28.18506410680834,28.18506410680834
Hugo Dellien,1420.1946420359286,1336.5001246505176,1549.008168838039,1378.3063524949089,106.0,529.0,32.2,180.0,0,96,0.2,0.28,0.32,0.3645833333333333,-52.172330241076,-45.271973504277184,-90.32836686689892,20.19464203592861
Nicolai Budkov Kjaer,1391.662040491391,1426.502365276793,1389.396962075408,1391.662040491391,737.0,34.0,19.0,188.0,0,3,0.3333333333333333,0.3333333333333333,0.3333333333333333,0.3333333333333333,-8.337959508608947,-8.337959508608947,-8.337959508608947,-8.337959508608947
Billy Harris,1508.8179292345906,1441.387525525059,1508.8179292345906,1465.6855451085248,106.0,552.0,30.6,193.0,0,14,0.4,0.5714285714285714,0.5714285714285714,0.5714285714285714,108.81792923459057,108.81792923459057,108.81792923459057,108.81792923459057
Potito Starace,1622.7603410394192,1422.2783058252712,1889.5870745139289,1515.1887352633896,176.0,304.0,43.8,188.0,0,364,0.4,0.36,0.38,0.45,-48.62677170414668,-83.85692341913227,-109.3577315683226,-142.62523142424857
Toshihide Matsui,1631.8924959969004,1608.75023302271,1631.8924959969004,1631.8924959969004,536.0,42.0,47.4,180.0,0,15,0.8,0.8,0.8,0.8,58.9699118762951,58.9699118762951,58.9699118762951,58.9699118762951
Kepler Orellana,1649.257099206263,1655.220522951815,1607.232659079462,1649.257099206263,344.0,91.0,47.7,186.27336318231923,0,15,0.4,0.4,0.4,0.4,42.02444012680121,42.02444012680121,42.02444012680121,42.02444012680121
Henrique Rocha,1421.6139768917617,1424.6219713621904,1380.5008904077629,1421.6139768917617,159.0,374.0,21.4,180.0,0,5,0.4,0.4,0.4,0.4,21.61397689176169,21.61397689176169,21.61397689176169,21.61397689176169
Sebastian Decoud,1567.385159572348,1567.385159572348,1531.959034938306,1400.0,215.0,234.0,43.7,178.0,1,7,0.6,0.5714285714285714,0.5714285714285714,0.5714285714285714,167.3851595723479,167.3851595723479,167.3851595723479,167.3851595723479
Matteo Martineau,1391.1729028080972,1400.0,1391.1729028080972,1400.0,179.0,344.0,26.3,183.0,0,1,0.0,0.0,0.0,0.0,-8.827097191902794,-8.827097191902794,-8.827097191902794,-8.827097191902794
Marsel Ilhan,1582.5653322580251,1601.0938615783946,1395.8106999518395,1407.25580274041,571.0,51.0,37.5,191.0,0,91,0.4,0.44,0.4,0.3626373626373626,-55.49663429425755,6.862960740505514,-12.187940888081812,182.56533225802517
Camilo Ugo Carabelli,1441.683916361343,1421.074327802682,1448.271557244023,1441.683916361343,93.0,608.0,26.1,185.0,0,12,0.2,0.3333333333333333,0.3333333333333333,0.3333333333333333,-1.216574187569222,-1.216574187569222,-1.216574187569222,-1.216574187569222
Jean Jacques Rakotohasy,1421.7850022532616,1400.0,1400.0,1421.7850022532616,2000.0,0.0,30.4,186.27336318231923,1,1,1.0,1.0,1.0,1.0,21.78500225326161,21.78500225326161,21.78500225326161,21.78500225326161
Mike Urbanija,1365.8979538654012,1365.8979538654012,1365.8979538654012,1365.8979538654012,857.0,18.0,35.2,183.0,0,2,0.0,0.0,0.0,0.0,-34.10204613459882,-34.10204613459882,-34.10204613459882,-34.10204613459882
Nicolas Coutelot,1815.465244824332,1729.0818730751537,1917.7471173461165,1724.9444692301504,208.0,165.0,48.2,185.0,0,79,0.2,0.4,0.3793103448275862,0.3793103448275862,-51.704269266854,74.90891993700848,74.90891993700848,74.90891993700848
Robin Haase,1711.3548791588023,1528.376653886466,1503.9396415999593,1457.5923697081578,1199.0,7.0,38.3,191.0,0,504,0.6,0.44,0.4,0.44,6.500815517865703,-32.45108210958051,-91.23204115224804,-145.29176760522523
Radu Albot,1573.651290764877,1548.5987353580945,1449.0900858584264,1393.6712058345454,138.0,424.0,35.7,175.0,0,254,0.2,0.36,0.42,0.38,-48.30269053848838,-22.725309921127064,-3.42136538327145,-223.54440192459745
Iphton Louis,1372.1470473469485,1400.0,1366.4072386650444,1372.1470473469485,2000.0,0.0,49.7,185.67156964873536,0,4,0.25,0.25,0.25,0.25,-27.85295265305149,-27.85295265305149,-27.85295265305149,-27.85295265305149
Mousa Shanan Zayed,1398.3544466875264,1398.3544466875264,1398.3544466875264,1398.3544466875264,2129.0,1.0,31.8,185.67156964873536,0,1,0.0,0.0,0.0,0.0,-1.6455533124735666,-1.6455533124735666,-1.6455533124735666,-1.6455533124735666
Mate Pavic,1403.603440911946,1392.6005670404509,1408.836007537879,1445.0903633181213,2000.0,0.0,32.2,191.0,1,13,0.2,0.2307692307692307,0.2307692307692307,0.2307692307692307,3.6034409119458815,3.6034409119458815,3.6034409119458815,3.6034409119458815
Blaz Kavcic,1560.3488784017393,1506.6103344038029,1564.6772756733951,1292.4827604792797,285.0,148.0,37.9,188.0,0,147,0.2,0.2,0.34,0.33,-85.12508464713187,-165.08892715772097,-99.0177244176598,-216.1700145164937
Jonathan Igbinovia,1365.9991414449948,1365.9991414449948,1365.9991414449948,1365.9991414449948,1118.0,5.0,44.5,185.67156964873536,0,2,0.0,0.0,0.0,0.0,-34.00085855500515,-34.00085855500515,-34.00085855500515,-34.00085855500515
Filip Peliwo,1450.6388700343086,1433.0152365235135,1430.323749292413,1450.6388700343086,526.0,64.0,31.5,180.0,0,7,0.2,0.2857142857142857,0.2857142857142857,0.2857142857142857,50.63887003430864,50.63887003430864,50.63887003430864,50.63887003430864
Kasper Warming,1572.9225841206053,1572.9225841206053,1572.9225841206053,1572.9225841206053,2000.0,0.0,49.2,186.27336318231923,0,10,0.0,0.0,0.0,0.0,0.0,0.0,0.0,0.0
John El Khoury,1400.0,1400.0,1400.0,1400.0,2000.0,0.0,39.5,185.67156964873536,0,0,0.0,0.0,0.0,0.0,0.0,0.0,0.0,0.0
Daniel Azar,1400.0,1400.0,1400.0,1400.0,2000.0,0.0,20.5,185.67156964873536,0,0,0.0,0.0,0.0,0.0,0.0,0.0,0.0,0.0
Jerzy Janowicz,1837.5508817188052,1601.408257727528,1419.2268304954584,1525.6708457658908,461.0,68.0,34.3,203.0,0,197,0.6,0.4,0.42,0.46,-24.58142158677242,-41.66272145077414,-99.30607979038632,-153.2779801961574
Dusan Vemic,1715.394994275675,1698.7949783033205,1792.222549745676,1787.925577409655,178.0,229.0,49.1,190.0,0,75,0.2,0.44,0.44,0.44,-75.8747304745707,-46.78725939655578,-46.78725939655578,-46.78725939655578
Ivo Klec,1560.983489266782,1594.5579391510812,1562.90973186141,1560.983489266782,416.0,91.0,44.1,183.0,0,18,0.2,0.25,0.25,0.25,-20.24191546476891,-20.24191546476891,-20.24191546476891,-20.24191546476891
Matthew Barton,1528.5489247708197,1445.6933686207858,1423.0251989037822,1400.0,198.0,282.0,33.0,191.0,0,7,0.6,0.5714285714285714,0.5714285714285714,0.5714285714285714,128.54892477081967,128.54892477081967,128.54892477081967,128.54892477081967
Alexander Bublik,1684.777663972152,1523.1558544950162,1357.263300908694,1626.2396150222958,33.0,1460.0,28.3,196.0,0,300,0.2,0.36,0.48,0.48,-180.2053680510196,-169.8520067354316,-122.85336952367106,-116.83664877108164
Slim Hamza,1373.683838916922,1373.683838916922,1373.683838916922,1373.683838916922,2000.0,0.0,32.6,185.67156964873536,0,1,0.0,0.0,0.0,0.0,-26.316161083077983,-26.316161083077983,-26.316161083077983,-26.316161083077983
Alex Diaz,1421.174609530991,1421.174609530991,1421.174609530991,1421.174609530991,2000.0,0.0,27.4,185.67156964873536,0,3,0.6666666666666666,0.6666666666666666,0.6666666666666666,0.6666666666666666,21.174609530990665,21.174609530990665,21.174609530990665,21.174609530990665
Louis Wessels,1416.1300599228432,1416.1300599228432,1400.0,1400.0,347.0,139.0,26.8,198.0,0,2,0.5,0.5,0.5,0.5,16.130059922843202,16.130059922843202,16.130059922843202,16.130059922843202
Pedja Krstin,1461.8292286684996,1383.2666408059326,1447.1695554410778,1461.8292286684996,285.0,198.0,30.7,183.0,0,6,0.6,0.5,0.5,0.5,61.82922866849958,61.82922866849958,61.82922866849958,61.82922866849958
Esat Tanik,1400.0,1400.0,1400.0,1400.0,692.0,17.0,44.4,185.67156964873536,0,0,0.0,0.0,0.0,0.0,0.0,0.0,0.0,0.0
Rohan Bopanna,1540.5242175067633,1542.9361106034196,1621.634976900788,1637.5627904250698,2000.0,0.0,45.3,193.0,0,57,0.2,0.36,0.2978723404255319,0.2978723404255319,-42.54163776973019,-39.538646951168175,-81.11075939402463,-81.11075939402463
Thierry Ascione,1584.0262456828136,1613.5753188358838,1581.0110673248614,1551.1450100973454,238.0,199.0,44.6,188.0,0,85,0.2,0.2,0.24,0.2933333333333333,-190.54982848341135,-152.71286871951315,-230.43351520281067,-6.915318710161046
Nicolae Frunza,1400.0,1400.0,1400.0,1400.0,596.0,48.0,27.2,185.0,0,0,0.0,0.0,0.0,0.0,0.0,0.0,0.0,0.0
Igor Andreev,1741.1720755712795,1553.3420482088422,1586.2556677056916,1502.8068953083823,416.0,87.0,41.9,185.0,0,468,0.2,0.4,0.4,0.4,-109.36303344081966,-57.3870061619441,-104.13943171788878,-201.6922286604677
Juan Lugo,1400.0,1400.0,1400.0,1400.0,2000.0,0.0,25.9,185.67156964873536,0,0,0.0,0.0,0.0,0.0,0.0,0.0,0.0,0.0
Igor Chaldounov,1400.0,1400.0,1400.0,1400.0,2000.0,0.0,50.2,185.67156964873536,0,0,0.0,0.0,0.0,0.0,0.0,0.0,0.0,0.0
M Abid Ali Khan Akbar,1379.416794407718,1419.011446272629,1400.0,1400.0,1753.0,1.0,34.5,186.27336318231923,0,3,0.3333333333333333,0.3333333333333333,0.3333333333333333,0.3333333333333333,-20.58320559228196,-20.58320559228196,-20.58320559228196,-20.58320559228196
Mariano Sanchez,1566.017592260695,1607.196229835026,1566.017592260695,1566.017592260695,978.0,5.0,47.0,186.27336318231923,0,10,0.0,0.0,0.0,0.0,0.0,0.0,0.0,0.0
Bruno Soares,1637.7786016432322,1637.7786016432322,1637.7786016432322,1637.7786016432322,2000.0,0.0,43.3,180.0,0,11,1.0,1.0,1.0,1.0,10.64541041558482,10.64541041558482,10.64541041558482,10.64541041558482
Lloyd Harris,1569.867090507734,1675.8336472679034,1325.5715440815625,1393.276343341992,118.0,541.0,28.3,193.0,0,156,0.2,0.28,0.38,0.47,-130.2360468123709,-129.98779122366432,-261.01412480089084,-73.82423449485373
Peng Sun,1426.9553530163655,1537.14781289734,1400.0,1386.9582583936528,557.0,45.0,41.9,185.67156964873536,0,23,0.6,0.3478260869565217,0.3478260869565217,0.3478260869565217,25.59779715769787,26.95535301636573,26.95535301636573,26.95535301636573
Christos Hadjigeorgiou,1347.0615659883424,1347.0615659883424,1347.0615659883424,1347.0615659883424,2000.0,0.0,30.8,185.67156964873536,0,3,0.0,0.0,0.0,0.0,-52.93843401165759,-52.93843401165759,-52.93843401165759,-52.93843401165759
Aleksandre Metreveli,1375.5469646367796,1380.3781005716382,1400.0,1375.5469646367796,570.0,55.0,31.3,183.0,0,8,0.0,0.25,0.25,0.25,-24.45303536322035,-24.45303536322035,-24.45303536322035,-24.45303536322035
Luca Van Assche,1517.3752709938638,1478.2549810568505,1499.5692419256677,1386.3862928636734,128.0,471.0,21.5,178.0,0,57,0.2,0.32,0.36,0.3508771929824561,-82.23027115919217,18.071676038953683,74.41100126799915,117.37527099386377
Rob Cheyne,1428.3977936202734,1400.0,1428.3977936202734,1400.0,939.0,7.0,48.4,185.67156964873536,0,1,1.0,1.0,1.0,1.0,28.397793620273436,28.397793620273436,28.397793620273436,28.397793620273436
Travis Rettenmaier,1467.5203485959864,1429.8339416108645,1467.5203485959864,1439.6501758046834,297.0,105.0,41.5,188.0,0,3,0.6666666666666666,0.6666666666666666,0.6666666666666666,0.6666666666666666,67.52034859598643,67.52034859598643,67.52034859598643,67.52034859598643
Richard Fromberg,1846.446249118579,1965.817685986216,1852.5385699411668,1947.0979272440284,296.0,109.0,54.7,196.0,0,200,0.2,0.28,0.4,0.4,-120.00738011946736,-132.90645726601906,-96.5797807385859,-85.92537007427677
Mario Vilella Martinez,1471.404754410005,1469.4889220725172,1448.7638690422214,1471.404754410005,167.0,446.0,30.0,178.0,0,9,0.4,0.4444444444444444,0.4444444444444444,0.4444444444444444,59.08157581694741,59.08157581694741,59.08157581694741,59.08157581694741
Nuno Borges,1708.9152649475182,1572.611136136169,1647.35833600639,1332.563262753592,33.0,1446.0,28.7,185.0,0,88,0.4,0.52,0.5,0.4431818181818182,103.093928164187,101.67253629412107,174.6528243124319,308.9152649475181
Bar Tzuf Botzer,1385.2834992076348,1362.8703791875894,1385.2834992076348,1385.2834992076348,893.0,17.0,30.9,185.67156964873536,0,2,0.0,0.0,0.0,0.0,-14.716500792365196,-14.716500792365196,-14.716500792365196,-14.716500792365196
Miguel Angel Este,1378.0782162834423,1400.0,1400.0,1378.0782162834423,1336.0,4.0,26.3,186.27336318231923,0,1,0.0,0.0,0.0,0.0,-21.921783716557457,-21.921783716557457,-21.921783716557457,-21.921783716557457
Yew Ming Si,1378.606130835882,1418.071085189063,1379.6841656314182,1378.606130835882,2000.0,0.0,46.0,185.67156964873536,0,13,0.6,0.3846153846153846,0.3846153846153846,0.3846153846153846,-21.39386916411786,-21.39386916411786,-21.39386916411786,-21.39386916411786
Magnus Larsson,1965.5873532501416,1991.9802308231224,1907.5240441610688,1915.4016308624268,184.0,194.0,54.9,193.0,0,206,0.6,0.48,0.52,0.5535714285714286,-49.43462723065522,-67.80465419622101,-31.509935666059164,58.90443483679587
David Marrero,1450.5531776994194,1450.5531776994194,1450.5531776994194,1450.5531776994194,262.0,171.0,45.0,185.0,0,8,0.4,0.375,0.375,0.375,50.55317769941939,50.55317769941939,50.55317769941939,50.55317769941939
Giulio Zeppieri,1463.761765660552,1396.7824760655428,1440.7060294660823,1463.761765660552,148.0,420.0,23.4,183.0,1,19,0.2,0.3157894736842105,0.3157894736842105,0.3157894736842105,63.7617656605521,63.7617656605521,63.7617656605521,63.7617656605521
Wei Jen Cheng,1560.406136083891,1599.5630773180264,1560.406136083891,1586.810047971892,2000.0,0.0,44.7,185.67156964873536,0,20,0.4,0.5,0.5,0.5,-66.24658129411614,-66.24658129411614,-66.24658129411614,-66.24658129411614
Andreas Fasching,1624.7483471342362,1624.7483471342362,1624.7483471342362,1624.7483471342362,700.0,16.0,44.5,185.67156964873536,0,10,0.0,0.0,0.0,0.0,0.0,0.0,0.0,0.0
Andrei Cherkasov,1785.062683861198,1817.3191364991735,1785.062683861198,1785.062683861198,212.0,174.0,55.3,180.0,0,54,0.25,0.25,0.25,0.25,-13.999395984242938,-13.999395984242938,-13.999395984242938,-13.999395984242938
Marat Safin,1824.5520467588988,1922.8294259958805,1950.2494455992417,2087.59869186713,65.0,695.0,45.7,193.0,0,885,0.8,0.52,0.48,0.49,63.9564736773782,-4.096303447493938,-34.8300762984004,-106.3153377824674
David Guez,1406.0203923617,1428.0784824052805,1420.0808521856377,1406.0203923617,193.0,281.0,42.1,185.0,0,17,0.0,0.1176470588235294,0.1176470588235294,0.1176470588235294,-21.814833153519885,-21.814833153519885,-21.814833153519885,-21.814833153519885
Andrei Stoliarov,1824.741626801488,1900.6556904934655,1816.253801622616,1835.3249429690525,361.0,78.0,48.7,178.0,0,138,0.2,0.32,0.36,0.3863636363636363,-81.83252722422458,-49.840002675610094,-47.57476406710976,-16.488477475742002
Abd Hazli Bin Zainuddin,1361.417445896297,1338.3302747624475,1361.417445896297,1361.417445896297,2000.0,0.0,44.6,185.67156964873536,0,2,0.0,0.0,0.0,0.0,-38.58255410370293,-38.58255410370293,-38.58255410370293,-38.58255410370293
Antoine Bellier,1479.2020557807589,1413.7792776638853,1391.952638706874,1469.4918489802317,190.0,313.0,28.3,196.0,1,12,0.6,0.4166666666666667,0.4166666666666667,0.4166666666666667,79.20205578075866,79.20205578075866,79.20205578075866,79.20205578075866
Prajnesh Gunneswaran,1375.640751567633,1388.310330360881,1394.1889556005908,1425.5385805991034,342.0,140.0,35.2,188.0,1,38,0.2,0.28,0.2631578947368421,0.2631578947368421,-70.36367259073904,-88.1608724469902,-24.35924843236694,-24.35924843236694
Gianluca Naso,1438.63982823192,1438.63982823192,1438.63982823192,1438.63982823192,200.0,232.0,38.0,193.0,0,13,0.2,0.2307692307692307,0.2307692307692307,0.2307692307692307,38.63982823192009,38.63982823192009,38.63982823192009,38.63982823192009
Byron Black,1892.718488358064,1875.7942146714556,1912.844158798164,2063.522552854074,265.0,116.0,55.9,175.0,0,235,0.4,0.36,0.42,0.4705882352941176,-13.367065802514162,-157.88800747007053,-219.5063766362296,-63.40750464907933
Mariano Albert Ferrando,1400.0,1400.0,1400.0,1400.0,340.0,90.0,43.0,185.67156964873536,0,0,0.0,0.0,0.0,0.0,0.0,0.0,0.0,0.0
Filip Urban,1415.9626551322265,1415.9626551322265,1415.9626551322265,1415.9626551322265,434.0,62.0,42.9,193.0,0,3,0.3333333333333333,0.3333333333333333,0.3333333333333333,0.3333333333333333,15.962655132226471,15.962655132226471,15.962655132226471,15.962655132226471
Aldin Setkic,1487.478045855731,1389.9437383632642,1504.3678730998995,1487.478045855731,165.0,321.0,37.8,191.0,0,14,0.4,0.5714285714285714,0.5714285714285714,0.5714285714285714,87.47804585573067,87.47804585573067,87.47804585573067,87.47804585573067
Rok Jarc,1447.8466753988894,1400.0,1422.8466753988894,1447.8466753988894,547.0,41.0,39.7,185.67156964873536,0,2,1.0,1.0,1.0,1.0,47.846675398889374,47.846675398889374,47.846675398889374,47.846675398889374
Daniel Cox,1352.4739151710553,1352.4739151710553,1352.4739151710553,1352.4739151710553,214.0,226.0,34.7,170.0,0,4,0.0,0.0,0.0,0.0,-47.526084828944704,-47.526084828944704,-47.526084828944704,-47.526084828944704
Owen Casey,1633.995364556037,1633.995364556037,1633.995364556037,1633.995364556037,650.0,19.0,55.7,185.67156964873536,0,11,0.0,0.0,0.0,0.0,-7.365221650052035,-7.365221650052035,-7.365221650052035,-7.365221650052035
Nomi Qamar,1418.26924555036,1419.1168014965613,1418.26924555036,1418.26924555036,2000.0,0.0,42.4,185.67156964873536,0,4,0.5,0.5,0.5,0.5,18.269245550359983,18.269245550359983,18.269245550359983,18.269245550359983
Darko Bojanovic,1400.0,1400.0,1400.0,1400.0,958.0,14.0,28.5,185.67156964873536,0,0,0.0,0.0,0.0,0.0,0.0,0.0,0.0,0.0
Liam Krall,1400.0,1400.0,1400.0,1400.0,2000.0,0.0,22.7,191.0,0,0,0.0,0.0,0.0,0.0,0.0,0.0,0.0,0.0
Gunther Darkey,1545.2284438832685,1597.8470212820096,1574.9056324881726,1545.2284438832685,2000.0,0.0,49.0,185.67156964873536,0,15,0.4,0.4,0.4,0.4,-45.34901684124429,-45.34901684124429,-45.34901684124429,-45.34901684124429
Andrian Raturandang,1594.1385821978529,1602.9507638658652,1594.1385821978529,1594.1385821978529,1033.0,4.0,48.6,185.67156964873536,0,13,0.0,0.0,0.0,0.0,-31.876247274021807,-31.876247274021807,-31.876247274021807,-31.876247274021807
Gustavo Marcaccio,1672.0892417316284,1636.4434613496385,1699.1686371729882,1672.0892417316284,406.0,74.0,47.9,170.0,0,14,0.5,0.5,0.5,0.5,35.64578038199011,35.64578038199011,35.64578038199011,35.64578038199011
Ivor Grazette,1376.7957963472552,1376.7957963472552,1376.7957963472552,1376.7957963472552,2000.0,0.0,50.6,185.67156964873536,0,1,0.0,0.0,0.0,0.0,-23.20420365274481,-23.20420365274481,-23.20420365274481,-23.20420365274481
Michal Mertinak,1691.736822895571,1652.4464100391544,1657.397315869197,1572.706258636128,555.0,42.0,45.6,180.0,0,35,0.4,0.4,0.4,0.4,120.47662353406668,114.40091131333044,114.40091131333044,114.40091131333044
Ismar Gorcic,1417.2912836798048,1417.2912836798048,1417.2912836798048,1417.2912836798048,563.0,43.0,42.1,185.67156964873536,0,2,0.5,0.5,0.5,0.5,17.291283679804792,17.291283679804792,17.291283679804792,17.291283679804792
N Sriram Balaji,1410.7562606633685,1400.0,1400.0,1400.0,2000.0,0.0,35.4,180.0,0,2,0.5,0.5,0.5,0.5,10.756260663368266,10.756260663368266,10.756260663368266,10.756260663368266
Jaak Poldma,1435.7660954715009,1389.5601756977362,1400.0,1435.7660954715009,1149.0,4.0,36.8,185.67156964873536,0,8,0.6,0.375,0.375,0.375,35.76609547150088,35.76609547150088,35.76609547150088,35.76609547150088
Andres Martin,1424.5565315149497,1424.5565315149497,1424.5565315149497,1424.5565315149497,483.0,86.0,24.0,183.0,0,3,0.3333333333333333,0.3333333333333333,0.3333333333333333,0.3333333333333333,24.556531514949484,24.556531514949484,24.556531514949484,24.556531514949484
Johannes Ingildsen,1355.5494457004854,1371.667924544087,1355.5494457004854,1400.0,638.0,38.0,28.1,15.0,0,2,0.0,0.0,0.0,0.0,-44.45055429951458,-44.45055429951458,-44.45055429951458,-44.45055429951458
Heve Kelley,1400.0,1400.0,1400.0,1400.0,2000.0,0.0,27.8,185.67156964873536,0,0,0.0,0.0,0.0,0.0,0.0,0.0,0.0,0.0
Michael Vrbensky,1400.0,1400.0,1400.0,1400.0,311.0,148.0,25.0,180.0,0,0,0.0,0.0,0.0,0.0,0.0,0.0,0.0,0.0
Bartlomiej Dabrowski,1696.9193418782077,1739.032467228541,1678.3286030865097,1696.9193418782077,614.0,27.0,52.6,185.67156964873536,0,62,0.6,0.4166666666666667,0.4166666666666667,0.4166666666666667,-42.11312535033335,-42.11312535033335,-42.11312535033335,-42.11312535033335
Brian Vahaly,1676.5946565370432,1665.259764634855,1440.20946623984,1460.9783936768251,164.0,246.0,45.6,183.0,0,63,0.4,0.2,0.3,0.3333333333333333,-108.22651612184607,-173.31628858016484,13.00751706008873,223.1954677765616
Leo Borg,1396.7579173682843,1375.7264609337687,1421.8744463885614,1396.7579173682843,590.0,57.0,22.4,183.0,0,10,0.2,0.2,0.2,0.2,-3.2420826317156752,-3.2420826317156752,-3.2420826317156752,-3.2420826317156752
Jorge Villanueva,1400.0,1400.0,1400.0,1400.0,1523.0,1.0,37.9,185.67156964873536,0,0,0.0,0.0,0.0,0.0,0.0,0.0,0.0,0.0
Matt Klinger,1400.0,1400.0,1400.0,1400.0,683.0,19.0,45.7,186.27336318231923,0,0,0.0,0.0,0.0,0.0,0.0,0.0,0.0,0.0
Diego Ayala,1637.65545469016,1637.65545469016,1637.65545469016,1637.65545469016,1223.0,2.0,46.2,175.0,0,10,0.0,0.0,0.0,0.0,0.0,0.0,0.0,0.0
Peter Torebko,1392.6549629981123,1392.6549629981123,1392.6549629981123,1392.6549629981123,384.0,45.0,37.4,185.0,0,1,0.0,0.0,0.0,0.0,-7.345037001887476,-7.345037001887476,-7.345037001887476,-7.345037001887476
Leandro Riedi,1419.7499075500864,1459.7404378151057,1367.539630884123,1419.7499075500864,134.0,473.0,23.4,191.0,0,9,0.2,0.2222222222222222,0.2222222222222222,0.2222222222222222,19.74990755008639,19.74990755008639,19.74990755008639,19.74990755008639
Kyrian Jacquet,1403.9561141666836,1403.9561141666836,1403.9561141666836,1403.9561141666836,209.0,285.0,24.2,178.0,0,0,0.0,0.0,0.0,0.0,0.0,0.0,0.0,0.0
Saeid Ahmadvand,1400.0,1400.0,1400.0,1400.0,2000.0,0.0,49.0,186.27336318231923,1,0,0.0,0.0,0.0,0.0,0.0,0.0,0.0,0.0
Maximilian Marterer,1515.8921850652812,1467.1108972103946,1487.983014819191,1391.6452365321984,114.0,507.0,30.3,188.0,1,118,0.4,0.28,0.34,0.37,-52.33967581013167,-41.33156010843982,-34.22358799797621,54.26134176014875
Darwin Blanch,1390.853391886152,1400.0,1400.0,1390.853391886152,1028.0,12.0,17.5,185.0,1,1,0.0,0.0,0.0,0.0,-9.14660811384806,-9.14660811384806,-9.14660811384806,-9.14660811384806
Yves Allegro,1703.0918582126912,1683.4207166963863,1707.55776684877,1748.3007971165855,2000.0,0.0,47.0,183.0,0,64,0.4,0.3571428571428571,0.3571428571428571,0.3571428571428571,-4.465908636078666,-4.465908636078666,-4.465908636078666,-4.465908636078666
Diogo Rocha,1421.3088669102208,1421.3088669102208,1399.0808600371124,1421.3088669102208,638.0,28.0,40.7,186.27336318231923,0,3,0.3333333333333333,0.3333333333333333,0.3333333333333333,0.3333333333333333,21.308866910220782,21.308866910220782,21.308866910220782,21.308866910220782
Rodrigo Pacheco Mendez,1384.3765080282592,1308.335351521408,1426.6795841548274,1384.3765080282592,444.0,97.0,20.3,188.0,1,7,0.4,0.2857142857142857,0.2857142857142857,0.2857142857142857,-15.623491971740805,-15.623491971740805,-15.623491971740805,-15.623491971740805
Manas Dhamne,1400.0,1400.0,1400.0,1400.0,2000.0,0.0,17.0,188.0,0,0,0.0,0.0,0.0,0.0,0.0,0.0,0.0,0.0
Alexander Popp,1748.9508424271164,1741.3175176094237,1664.7006446107073,2127.5532601941804,241.0,147.0,48.9,201.0,0,157,0.2,0.36,0.36,0.42,-128.8157371383163,-86.83680902397282,-157.58047133446894,-122.17377311274504
Beibit Zhukayev,1455.3253570951515,1501.239185247708,1455.3253570951515,1455.3253570951515,213.0,272.0,25.0,198.0,0,7,0.6,0.4285714285714285,0.4285714285714285,0.4285714285714285,55.3253570951515,55.3253570951515,55.3253570951515,55.3253570951515
Yong Kyu Lim,1564.0836412149995,1578.7524724955592,1363.957564488297,1400.0,626.0,43.0,34.0,185.0,0,17,0.8,0.5882352941176471,0.5882352941176471,0.5882352941176471,164.08364121499972,164.08364121499972,164.08364121499972,164.08364121499972
Martin Pedersen,1481.5681639239367,1438.4687870528385,1484.819509055873,1481.5681639239367,749.0,27.0,37.7,185.67156964873536,0,23,0.6,0.5217391304347826,0.5217391304347826,0.5217391304347826,65.4901355613531,81.56816392393671,81.56816392393671,81.56816392393671
Jonas Bjorkman,1745.2165568182284,1762.9954125232196,1667.1383218045623,2169.2594744861253,173.0,248.0,53.5,183.0,0,532,0.2,0.32,0.42,0.44,-25.037716241835824,-73.8195580824613,-61.0341938213337,-119.77217560932012
Marzio Martelli,1822.4823716364565,1793.76746825578,1803.9068624175468,1822.4823716364565,345.0,83.0,53.5,180.0,0,54,0.5,0.5,0.5,0.5,28.714903380676333,28.714903380676333,28.714903380676333,28.714903380676333
Nick Hardt,1402.539574601746,1383.2331667330457,1416.9235617790905,1402.539574601746,191.0,313.0,24.8,185.0,0,7,0.4,0.4285714285714285,0.4285714285714285,0.4285714285714285,2.539574601745926,2.539574601745926,2.539574601745926,2.539574601745926
Mariano Puerta,1896.7913093641143,1768.9130032894643,2147.287346246782,1856.556525065649,10.0,1799.0,47.1,180.0,1,214,0.2,0.48,0.6,0.47,-64.47370907974846,-29.207943865394785,33.077673258055256,-97.87541915365593
Slimane Saoudi,1518.368433828192,1680.9487330245324,1550.296064542565,1518.368433828192,2000.0,0.0,49.6,185.67156964873536,1,70,0.4,0.35,0.35,0.35,-162.58029919634055,-176.98804325965853,-176.98804325965853,-176.98804325965853
Alex Kim,1652.0014816685637,1702.453050041662,1568.0788971282502,1573.561850152381,166.0,222.0,46.1,175.0,0,42,0.2,0.2,0.25,0.25,14.283141114317232,56.73510858527584,56.73510858527584,56.73510858527584
Brydan Klein,1443.3535869697969,1446.2307088404707,1443.3535869697969,1408.388764703653,235.0,214.0,35.5,183.0,0,13,0.2,0.2307692307692307,0.2307692307692307,0.2307692307692307,43.35358696979665,43.35358696979665,43.35358696979665,43.35358696979665
Sanjar Fayziev,1330.391894647183,1355.3634668734112,1415.6151938164808,1392.9016460807115,510.0,62.0,30.5,188.0,0,14,0.4,0.1428571428571428,0.1428571428571428,0.1428571428571428,-69.60810535281666,-69.60810535281666,-69.60810535281666,-69.60810535281666
Alexander Sarkissian,1444.1707629159796,1444.1707629159796,1444.1707629159796,1444.1707629159796,478.0,80.0,35.2,191.0,0,5,0.4,0.4,0.4,0.4,37.059813143749125,37.059813143749125,37.059813143749125,37.059813143749125
Michael Linzer,1379.9754549328238,1379.9754549328238,1379.9754549328238,1379.9754549328238,354.0,130.0,35.7,185.67156964873536,0,1,0.0,0.0,0.0,0.0,-20.024545067176177,-20.024545067176177,-20.024545067176177,-20.024545067176177
Gael Monfils,1856.6450739345885,1804.556228804302,1340.4195141883615,1340.601276546482,52.0,1010.0,39.1,193.0,0,908,0.8,0.52,0.54,0.57,49.79609121486397,60.94100185202024,-32.4549086246077,-11.45442337300824
Sid Ali Akkal,1400.0,1400.0,1400.0,1400.0,2000.0,0.0,51.1,185.67156964873536,0,0,0.0,0.0,0.0,0.0,0.0,0.0,0.0,0.0
Vasuthevan Ortchuan,1400.0,1400.0,1400.0,1400.0,2000.0,0.0,51.9,185.67156964873536,0,0,0.0,0.0,0.0,0.0,0.0,0.0,0.0,0.0
Grigor Dimitrov,2033.4803754254872,1771.118530351586,1564.4294971460197,1460.584145497102,9.0,3740.0,34.4,191.0,0,754,0.6,0.68,0.7,0.72,-66.00643400288618,-95.24470955212291,-66.20784252895828,117.11477193555017
Alex Lopez Moron,1770.133291231264,1861.9255906813617,1810.0655690766732,1770.133291231264,159.0,235.0,54.6,175.0,0,59,0.2,0.1111111111111111,0.1111111111111111,0.1111111111111111,-110.5293120006604,-110.5293120006604,-110.5293120006604,-110.5293120006604
Alexandr Zotov,1400.0,1400.0,1400.0,1400.0,2000.0,0.0,36.9,185.67156964873536,1,0,0.0,0.0,0.0,0.0,0.0,0.0,0.0,0.0
Alexander Skrypko,1393.2053847282864,1377.7067157834265,1398.8929089370058,1393.2053847282864,2000.0,0.0,39.2,185.67156964873536,0,6,0.2,0.1666666666666666,0.1666666666666666,0.1666666666666666,-6.79461527171361,-6.79461527171361,-6.79461527171361,-6.79461527171361
Clement Morel,1435.7472314173751,1435.7472314173751,1435.7472314173751,1435.7472314173751,712.0,40.0,40.9,185.67156964873536,0,1,1.0,1.0,1.0,1.0,35.74723141737513,35.74723141737513,35.74723141737513,35.74723141737513
Denis Kudla,1563.5997894217448,1417.9424449975302,1337.7451220167738,1646.2256181486937,160.0,409.0,32.6,180.0,0,203,0.4,0.32,0.36,0.36,-9.044164333870867,-65.74925215917551,-93.0733999197239,-75.2757692924406
Mark Hilton,1677.080155132776,1677.080155132776,1677.080155132776,1677.080155132776,212.0,197.0,44.1,170.0,1,14,0.25,0.25,0.25,0.25,13.954368782103757,13.954368782103757,13.954368782103757,13.954368782103757
Ignacio Carou,1344.1869563584476,1344.1869563584476,1344.1869563584476,1344.1869563584476,828.0,24.0,26.1,178.0,0,3,0.0,0.0,0.0,0.0,-55.81304364155244,-55.81304364155244,-55.81304364155244,-55.81304364155244
James Lemke,1400.0,1400.0,1400.0,1400.0,456.0,73.0,36.9,185.67156964873536,0,0,0.0,0.0,0.0,0.0,0.0,0.0,0.0,0.0
Nicklas Kulti,1833.2921827952675,1864.36645095676,1872.467931580806,1878.4353978081624,430.0,55.0,54.2,190.0,0,54,0.0,0.0,0.0,0.0,-45.14321501289487,-45.14321501289487,-45.14321501289487,-45.14321501289487
Ariel Behar,1367.5697372413365,1406.0670515666204,1371.015676813997,1367.5697372413365,920.0,15.0,35.8,180.0,0,5,0.2,0.2,0.2,0.2,-32.4302627586635,-32.4302627586635,-32.4302627586635,-32.4302627586635
Manuel Castellanos,1400.0,1400.0,1400.0,1400.0,2000.0,0.0,28.5,185.67156964873536,0,0,0.0,0.0,0.0,0.0,0.0,0.0,0.0,0.0
Tim Smyczek,1512.5820598450978,1551.2224561761084,1372.808858903884,1428.056085966041,281.0,135.0,37.5,175.0,0,126,0.0,0.24,0.3,0.34,-42.04946158913276,-174.80335051058842,-111.14783881379776,-124.19839274953416
Evgeny Karlovskiy,1400.0,1400.0,1400.0,1400.0,218.0,254.0,31.1,191.0,0,0,0.0,0.0,0.0,0.0,0.0,0.0,0.0,0.0
Frederico Ferreira Silva,1435.83943981661,1390.0122467300394,1471.9846522392977,1435.83943981661,185.0,356.0,29.8,178.0,1,12,0.4,0.4166666666666667,0.4166666666666667,0.4166666666666667,35.83943981660991,35.83943981660991,35.83943981660991,35.83943981660991
Yibing Wu,1602.6397719610254,1651.7675437747423,1419.8652888157417,1391.863059935394,560.0,63.0,25.9,183.0,0,45,0.2,0.36,0.4222222222222222,0.4222222222222222,-28.87936770092801,180.14975274064705,202.63977196102545,202.63977196102545
Nicolas Massu,1524.777489150861,1787.3374137618025,1844.9669393022068,1804.064920325788,578.0,44.0,45.3,183.0,0,634,0.0,0.36,0.38,0.38,-145.3708930743112,-117.0206368055517,-189.97183642085545,-407.5289893974452
Peter Gojowczyk,1585.4232723263858,1592.2677609534194,1357.677564583479,1431.900918900824,108.0,500.0,36.1,188.0,0,174,0.2,0.32,0.36,0.39,-135.0739095167944,-94.99264396858484,-149.8361152984835,-180.80937122183516
Luis Haddock,1388.3898194219985,1388.3898194219985,1388.3898194219985,1388.3898194219985,2000.0,0.0,43.1,186.27336318231923,0,1,0.0,0.0,0.0,0.0,-11.610180578001746,-11.610180578001746,-11.610180578001746,-11.610180578001746
Vaja Uzakov,1325.72268057645,1361.9373135233664,1389.573865398018,1325.72268057645,959.0,8.0,36.7,185.67156964873536,0,5,0.0,0.0,0.0,0.0,-74.2773194235499,-74.2773194235499,-74.2773194235499,-74.2773194235499
Jing Yi Li,1375.2408867510158,1400.0,1400.0,1375.2408867510158,1070.0,5.0,44.7,186.27336318231923,0,1,0.0,0.0,0.0,0.0,-24.75911324898425,-24.75911324898425,-24.75911324898425,-24.75911324898425
Jung Woong Na,1400.0,1400.0,1400.0,1400.0,842.0,13.0,32.4,185.67156964873536,0,0,0.0,0.0,0.0,0.0,0.0,0.0,0.0,0.0
Thabo Ncube,1400.0,1400.0,1400.0,1400.0,2000.0,0.0,24.6,185.67156964873536,0,0,0.0,0.0,0.0,0.0,0.0,0.0,0.0,0.0
Franco Roncadelli,1385.35245857946,1400.0,1384.4898062523955,1385.35245857946,366.0,136.0,25.5,185.0,1,6,0.4,0.3333333333333333,0.3333333333333333,0.3333333333333333,-14.647541420539936,-14.647541420539936,-14.647541420539936,-14.647541420539936
Akash Wagh,1400.0,1400.0,1400.0,1400.0,2000.0,0.0,35.5,175.0,1,0,0.0,0.0,0.0,0.0,0.0,0.0,0.0,0.0
Matheus Pucinelli De Almeida,1451.3560110794883,1451.3560110794883,1451.3560110794883,1451.3560110794883,264.0,199.0,23.8,183.0,0,2,1.0,1.0,1.0,1.0,51.356011079488326,51.356011079488326,51.356011079488326,51.356011079488326
Roberto Marcora,1476.0887364074893,1489.980912093298,1400.0,1476.0887364074893,208.0,320.0,36.0,193.0,0,6,0.6,0.5,0.5,0.5,76.08873640748925,76.08873640748925,76.08873640748925,76.08873640748925
Lorenzo Sonego,1684.5816126377488,1460.2302504785714,1576.0246374475942,1460.4721465982034,51.0,1046.0,30.4,191.0,0,296,0.2,0.48,0.42,0.46,-18.71521004165379,-80.6279513090467,-126.89055470983315,-95.33307482507712
Gilles Elseneer,1737.6520068050268,1652.9537399873525,1688.2204080631657,1743.0806578746178,156.0,261.0,47.0,188.0,0,51,0.2,0.32,0.4146341463414634,0.4146341463414634,-73.8200998714351,-124.19382405785132,54.1951913687908,54.1951913687908
Ilija Martinoski,1354.1571358175404,1372.85077475218,1398.9307733091043,1354.1571358175404,928.0,18.0,35.9,185.67156964873536,0,5,0.2,0.2,0.2,0.2,-45.84286418245961,-45.84286418245961,-45.84286418245961,-45.84286418245961
Guillermo Olaso,1421.727868880193,1421.9785836044775,1459.8017882825673,1421.727868880193,309.0,137.0,37.0,175.0,0,4,0.25,0.25,0.25,0.25,-0.2507147242845349,-0.2507147242845349,-0.2507147242845349,-0.2507147242845349
Issam Al Tawil,1337.444667720971,1329.2416969925794,1400.0,1337.444667720971,918.0,11.0,35.7,186.27336318231923,0,5,0.2,0.2,0.2,0.2,-62.55533227902902,-62.55533227902902,-62.55533227902902,-62.55533227902902
Carlos Taberner,1506.4217654458178,1481.8501597278591,1468.5324663486151,1416.3739197141513,352.0,144.0,27.6,183.0,0,37,0.0,0.36,0.3513513513513513,0.3513513513513513,3.71603790612312,76.78910082393963,90.04784573166648,90.04784573166648
Fernando Vicente,1534.6201500313712,1934.4282271975164,1781.7849482019883,1928.8762997024871,268.0,245.0,48.2,180.0,0,550,0.0,0.2,0.28,0.32,-184.06423269389484,-236.0641213260212,-258.5847724693285,-394.7453711402116
Jeson Patrombon,1360.3968830138708,1318.0506205738145,1466.1127378316526,1360.3968830138708,1421.0,2.0,31.9,185.67156964873536,0,14,0.2,0.4285714285714285,0.4285714285714285,0.4285714285714285,-39.60311698612918,-39.60311698612918,-39.60311698612918,-39.60311698612918
Ryan Shane,1400.0,1400.0,1400.0,1400.0,1410.0,3.0,31.3,193.0,0,0,0.0,0.0,0.0,0.0,0.0,0.0,0.0,0.0
Georgio Bedran,1400.0,1400.0,1400.0,1400.0,2000.0,0.0,36.2,185.67156964873536,0,0,0.0,0.0,0.0,0.0,0.0,0.0,0.0,0.0
Mohammed Abdulla,1400.0,1400.0,1400.0,1400.0,1349.0,2.0,39.6,185.67156964873536,0,0,0.0,0.0,0.0,0.0,0.0,0.0,0.0,0.0
Raphael Durek,1400.0,1400.0,1400.0,1400.0,763.0,14.0,40.9,188.0,0,0,0.0,0.0,0.0,0.0,0.0,0.0,0.0,0.0
Bjorn Munroe,1354.8124809866472,1354.8124809866472,1354.8124809866472,1354.8124809866472,2000.0,0.0,46.3,185.67156964873536,0,3,0.0,0.0,0.0,0.0,-45.18751901335281,-45.18751901335281,-45.18751901335281,-45.18751901335281
Tomas Behrend,1663.6603424206558,1754.875188056944,1818.7141643714515,1842.3552890105384,152.0,270.0,50.5,193.0,0,161,0.2,0.32,0.32,0.36,-130.65044657540034,-167.3760973524452,-158.08404184715732,-184.8469848994689
Philip Riise Hansen,1400.0,1400.0,1400.0,1400.0,2000.0,0.0,42.8,185.67156964873536,0,0,0.0,0.0,0.0,0.0,0.0,0.0,0.0,0.0
Olaf Pieczkowski,1400.0,1423.2042036527448,1400.0,1400.0,910.0,13.0,21.4,183.0,0,0,0.0,0.0,0.0,0.0,0.0,0.0,0.0,0.0
Di Wu,1495.6876993841756,1560.39799607288,1394.9938553613408,1400.0,339.0,116.0,34.0,175.0,0,53,0.2,0.32,0.4,0.3962264150943396,-86.60724591400958,17.761612709866768,91.0085550899994,95.68769938417564
Kris Van Wyk,1425.1250838975377,1425.1250838975377,1425.1250838975377,1425.1250838975377,416.0,109.0,28.3,185.0,0,1,1.0,1.0,1.0,1.0,25.12508389753748,25.12508389753748,25.12508389753748,25.12508389753748
Alex Bogdanovic,1504.501370269386,1383.450387136072,1446.0197166194948,1496.6281997568512,403.0,92.0,41.1,183.0,1,46,0.2,0.2,0.2391304347826087,0.2391304347826087,-90.90820714256756,-49.22358809848129,104.50137026938592,104.50137026938592
Serguei Tarasevitch,1396.6728356652588,1400.0,1396.6728356652588,1396.6728356652588,1256.0,3.0,37.5,185.67156964873536,0,1,0.0,0.0,0.0,0.0,-3.3271643347411555,-3.3271643347411555,-3.3271643347411555,-3.3271643347411555
Agustin Calleri,1656.8078832128822,1778.3688768777622,1936.9174261793507,1734.3415870815036,148.0,495.0,48.7,183.0,0,442,0.2,0.32,0.4,0.45,-149.40566443280727,-158.006855504422,-237.61493684125776,-344.704463301985
Edward Corrie,1400.0,1400.0,1400.0,1400.0,330.0,130.0,37.3,183.0,0,0,0.0,0.0,0.0,0.0,0.0,0.0,0.0,0.0
Yaoki Ishii,1743.7445549539868,1730.2954732962148,1743.7445549539868,1743.7445549539868,260.0,140.0,48.4,185.67156964873536,0,58,0.4,0.375,0.375,0.375,-42.7360747615719,-42.7360747615719,-42.7360747615719,-42.7360747615719
Ryan Sweeting,1792.2604410183897,1663.9515495047497,1493.9538789961528,1390.0783105871872,156.0,347.0,37.5,196.0,0,91,0.4,0.36,0.44,0.3846153846153846,102.12022154084298,23.55761085130962,170.799700181022,392.26044101838966
Mikelis Libietis,1346.179185345856,1376.2390725848795,1391.1677148330643,1346.179185345856,380.0,115.0,32.5,193.0,0,6,0.2,0.1666666666666666,0.1666666666666666,0.1666666666666666,-53.82081465414399,-53.82081465414399,-53.82081465414399,-53.82081465414399
Juan Monaco,1823.827426524272,1579.2961332508387,1794.486342523311,1301.9260408149214,124.0,455.0,41.0,185.0,0,616,0.4,0.48,0.48,0.54,-92.19631962380276,-32.98819812978081,-141.69124655406995,7.767429691198686
Lukas Hellum Lilleengen,1425.0,1425.0,1425.0,1425.0,1211.0,5.0,24.8,180.0,0,1,1.0,1.0,1.0,1.0,25.0,25.0,25.0,25.0
Lorenzo Giustino,1399.274806547019,1395.3348060081885,1411.664943894491,1399.274806547019,223.0,259.0,33.6,180.0,0,7,0.2,0.1428571428571428,0.1428571428571428,0.1428571428571428,-0.7251934529813298,-0.7251934529813298,-0.7251934529813298,-0.7251934529813298
Fabio Fognini,1651.7902391498592,1388.6866088778854,1620.7786737909428,1459.361384640205,74.0,745.0,38.4,178.0,0,818,0.2,0.48,0.44,0.43,-49.02458802495721,5.690803361056169,-34.28866188234929,-192.7797848037801
Victor Bruthans,1672.0996465931107,1672.0996465931107,1672.0996465931107,1672.0996465931107,318.0,100.0,45.2,185.67156964873536,0,10,0.0,0.0,0.0,0.0,0.0,0.0,0.0,0.0
Marcelo Melo,1566.017592260695,1566.017592260695,1566.017592260695,1566.017592260695,2000.0,0.0,41.6,203.0,0,10,0.0,0.0,0.0,0.0,0.0,0.0,0.0,0.0
Tihomir Grozdanov,1436.0452212135067,1400.0,1436.533121537813,1436.0452212135067,1661.0,2.0,38.2,186.27336318231923,0,5,0.6,0.6,0.6,0.6,36.04522121350669,36.04522121350669,36.04522121350669,36.04522121350669
Michael Berrer,1559.6664725843823,1707.249020600134,1554.7224343536698,1619.4217967626876,154.0,384.0,45.2,193.0,1,242,0.2,0.36,0.32,0.37,-51.45399460579574,-112.9109807047446,-174.72030568874834,-179.3883495553864
Jan Satral,1425.5320198050044,1426.8004733627668,1405.839833889254,1425.5320198050044,157.0,370.0,34.5,185.0,0,3,0.3333333333333333,0.3333333333333333,0.3333333333333333,0.3333333333333333,19.692185915750542,19.692185915750542,19.692185915750542,19.692185915750542
Brian Hung,1400.0,1400.0,1400.0,1400.0,2000.0,0.0,39.8,186.27336318231923,0,0,0.0,0.0,0.0,0.0,0.0,0.0,0.0,0.0
Tyler Mayers,1400.0,1400.0,1400.0,1400.0,2000.0,0.0,42.3,185.67156964873536,0,0,0.0,0.0,0.0,0.0,0.0,0.0,0.0,0.0
Ilya Belyaev,1400.0,1400.0,1400.0,1400.0,334.0,127.0,35.1,180.0,0,0,0.0,0.0,0.0,0.0,0.0,0.0,0.0,0.0
Matthew Behrmann,1400.0,1400.0,1400.0,1400.0,1358.0,1.0,44.9,185.67156964873536,0,0,0.0,0.0,0.0,0.0,0.0,0.0,0.0,0.0
Sho Shimabukuro,1419.049925001834,1425.4319721003098,1419.049925001834,1400.0,143.0,426.0,28.2,180.0,0,11,0.4,0.3636363636363636,0.3636363636363636,0.3636363636363636,19.049925001834023,19.049925001834023,19.049925001834023,19.049925001834023
Hyeon Chung,1851.865525164734,1681.057392496867,1605.008831806765,1421.2658974201393,139.0,383.0,29.4,188.0,0,152,0.6,0.48,0.54,0.59,-57.0006666823233,-163.02318114853733,-169.34283858356503,204.3797718933256
Raymond Sarmiento,1400.0,1400.0,1400.0,1400.0,705.0,26.0,33.0,178.0,0,0,0.0,0.0,0.0,0.0,0.0,0.0,0.0,0.0
Branko Djuric,1400.0,1400.0,1400.0,1400.0,781.0,30.0,20.7,188.0,0,0,0.0,0.0,0.0,0.0,0.0,0.0,0.0,0.0
Kyle Johnson,1400.0,1400.0,1400.0,1400.0,2000.0,0.0,31.5,185.67156964873536,0,0,0.0,0.0,0.0,0.0,0.0,0.0,0.0,0.0
Nick Chappell,1375.4300488252445,1375.4300488252445,1375.4300488252445,1375.4300488252445,432.0,101.0,32.4,178.0,1,1,0.0,0.0,0.0,0.0,-24.569951174755715,-24.569951174755715,-24.569951174755715,-24.569951174755715
Michael Sell,1833.9675735879837,1865.1701732655488,1833.9675735879837,1833.9675735879837,167.0,219.0,52.3,180.0,0,50,0.0,0.0,0.0,0.0,0.0,0.0,0.0,0.0
Julien Varlet,1743.0057034220158,1647.5152314792967,1663.329104198948,1743.0057034220158,163.0,214.0,47.7,180.0,0,20,0.6,0.3,0.3,0.3,68.85063277849713,68.85063277849713,68.85063277849713,68.85063277849713
Simon Rea,1418.3368627398966,1397.7916012362605,1391.3003759254875,1418.3368627398966,668.0,26.0,42.7,185.67156964873536,1,7,0.4,0.2857142857142857,0.2857142857142857,0.2857142857142857,18.33686273989656,18.33686273989656,18.33686273989656,18.33686273989656
Gonzalo Villanueva,1400.0,1400.0,1400.0,1400.0,279.0,174.0,30.5,175.0,0,0,0.0,0.0,0.0,0.0,0.0,0.0,0.0,0.0
Inigo Cervantes Huegun,1589.5558626730806,1417.990697555142,1533.941378839257,1418.330500469254,125.0,465.0,35.2,180.0,0,48,0.4,0.32,0.3541666666666667,0.3541666666666667,8.750412270138213,175.1302126725409,189.55586267308055,189.55586267308055
Alex Michelsen,1777.888232033534,1664.1513570551876,1377.447857530456,1546.438970599385,41.0,1245.0,21.3,193.0,0,78,0.8,0.64,0.54,0.5256410256410257,80.24502315806558,159.32529808676713,155.21106609550202,377.888232033534
Ricardo Mena,1374.66216928862,1400.0,1400.0,1374.66216928862,2000.0,0.0,53.4,186.27336318231923,0,1,0.0,0.0,0.0,0.0,-25.337830711379866,-25.337830711379866,-25.337830711379866,-25.337830711379866
Uros Vico,1646.2796832454392,1697.866450641572,1676.7121050631972,1676.7121050631972,254.0,141.0,44.5,188.0,0,15,0.2,0.2,0.2,0.2,-30.43242181775804,-30.43242181775804,-30.43242181775804,-30.43242181775804
Harutyun Sofyan,1400.0,1400.0,1400.0,1400.0,2000.0,0.0,42.4,180.0,0,0,0.0,0.0,0.0,0.0,0.0,0.0,0.0,0.0
Eduardo Struvay,1362.6469996087724,1376.254918427619,1400.0,1362.6469996087724,470.0,80.0,34.2,185.67156964873536,0,2,0.0,0.0,0.0,0.0,-37.35300039122762,-37.35300039122762,-37.35300039122762,-37.35300039122762
Romano Tatuhey,1439.3784405097515,1439.3784405097515,1439.3784405097515,1439.3784405097515,2000.0,0.0,40.1,186.27336318231923,0,3,0.6666666666666666,0.6666666666666666,0.6666666666666666,0.6666666666666666,39.3784405097515,39.3784405097515,39.3784405097515,39.3784405097515
Marcin Matkowski,1632.1766238594405,1645.3585896844588,1609.609013337952,1632.1766238594405,2000.0,0.0,44.6,188.0,0,17,0.4,0.5714285714285714,0.5714285714285714,0.5714285714285714,-13.181965825018324,-13.181965825018324,-13.181965825018324,-13.181965825018324
Marcel Felder,1642.989129627305,1604.0933407556952,1554.2296298078004,1642.989129627305,522.0,56.0,40.7,174.0,0,44,0.8,0.6,0.6176470588235294,0.6176470588235294,73.47257315828529,76.97153736660994,76.97153736660994,76.97153736660994
Trent Bryde,1400.0,1400.0,1400.0,1400.0,1164.0,7.0,25.9,183.0,0,0,0.0,0.0,0.0,0.0,0.0,0.0,0.0,0.0
Wan Gao,1400.0,1400.0,1400.0,1400.0,1249.0,4.0,37.6,185.67156964873536,0,0,0.0,0.0,0.0,0.0,0.0,0.0,0.0,0.0
Jacopo Berrettini,1400.0,1433.4200929318647,1400.0,1400.0,842.0,19.0,26.2,193.0,0,0,0.0,0.0,0.0,0.0,0.0,0.0,0.0,0.0
Juan Alejandro Hernandez Serrano,1406.7783395663917,1406.7783395663917,1406.7783395663917,1406.7783395663917,521.0,57.0,26.1,175.0,0,2,0.5,0.5,0.5,0.5,6.778339566391651,6.778339566391651,6.778339566391651,6.778339566391651
Uladzimir Ignatik,1532.5586128708028,1616.8300265750777,1357.884521258767,1532.5586128708028,209.0,240.0,35.1,183.0,0,28,0.4,0.56,0.5,0.5,65.03730323448235,132.5586128708028,132.5586128708028,132.5586128708028
Ari Fahresi,1400.0,1400.0,1400.0,1400.0,2000.0,0.0,32.289787853299686,186.27336318231923,0,0,0.0,0.0,0.0,0.0,0.0,0.0,0.0,0.0
David Luque Velasco,1400.0,1400.0,1400.0,1400.0,596.0,33.0,41.1,185.67156964873536,0,0,0.0,0.0,0.0,0.0,0.0,0.0,0.0,0.0
Loic Didavi,1400.0,1400.0,1400.0,1400.0,2000.0,0.0,37.7,185.67156964873536,0,0,0.0,0.0,0.0,0.0,0.0,0.0,0.0,0.0
David Kvernadze,1377.9582071392847,1377.9582071392847,1400.0,1377.9582071392847,2000.0,0.0,39.1,185.67156964873536,0,1,0.0,0.0,0.0,0.0,-22.041792860715304,-22.041792860715304,-22.041792860715304,-22.041792860715304
Vincent Millot,1482.0475347268714,1494.0515725353769,1389.4042336407313,1400.0,291.0,174.0,39.4,173.0,1,29,0.2,0.32,0.2758620689655172,0.2758620689655172,45.50902855572304,82.04753472687139,82.04753472687139,82.04753472687139
Kevin Krawietz,1386.7218486368631,1400.0,1388.8651830350295,1419.5547152140173,2000.0,0.0,33.0,188.0,0,5,0.2,0.2,0.2,0.2,-13.278151363136658,-13.278151363136658,-13.278151363136658,-13.278151363136658
Lucas Arnold Ker,1713.7872484901495,1713.7872484901495,1726.064921014957,1713.7872484901495,2000.0,0.0,50.4,180.0,0,51,0.0,0.0,0.0,0.0,-12.277672524807484,-12.277672524807484,-12.277672524807484,-12.277672524807484
Jeevan Nedunchezhiyan,1400.0,1400.0,1400.0,1400.0,314.0,141.0,37.1,173.0,1,0,0.0,0.0,0.0,0.0,0.0,0.0,0.0,0.0
Scott Griekspoor,1400.0,1400.0,1400.0,1400.0,224.0,254.0,34.6,185.67156964873536,0,0,0.0,0.0,0.0,0.0,0.0,0.0,0.0,0.0
Adrian Ungur,1499.4678427290037,1433.8638549956163,1493.101297178818,1397.776807855293,674.0,36.0,40.6,178.0,0,58,0.4,0.36,0.28,0.3103448275862069,67.40531217501257,-11.659588884620009,-85.67528334410099,66.28278407327844
Yen Hsun Lu,1612.097628275348,1522.7647753497868,1334.0313806625531,1587.4076545278797,573.0,55.0,41.9,180.0,0,397,0.2,0.28,0.34,0.41,-87.12912094589933,-227.3959551281646,-205.06799324464737,-223.61663941424197
Ramon Delgado,1764.4006088581602,1784.5819420881687,1846.40253349464,1817.457042253117,143.0,362.0,48.5,185.0,0,160,0.8,0.6,0.6,0.49,-58.569016318687545,-73.88887945453052,-71.30613365904537,-170.25068769601626
Rigele Te,1426.5069238939195,1377.200254725858,1422.618717322494,1426.5069238939195,636.0,48.0,27.9,188.0,0,3,0.6666666666666666,0.6666666666666666,0.6666666666666666,0.6666666666666666,26.506923893919748,26.506923893919748,26.506923893919748,26.506923893919748
Blaise Bicknell,1377.6897500122132,1402.3738826844933,1400.293105884742,1377.6897500122132,319.0,169.0,23.1,191.0,0,5,0.4,0.4,0.4,0.4,-22.310249987786847,-22.310249987786847,-22.310249987786847,-22.310249987786847
Julius Gotovskis,1400.0,1400.0,1400.0,1400.0,2000.0,0.0,32.4,185.67156964873536,0,0,0.0,0.0,0.0,0.0,0.0,0.0,0.0,0.0
Raphael Collignon,1383.17170832041,1383.17170832041,1383.17170832041,1383.17170832041,164.0,358.0,23.7,191.0,0,2,0.0,0.0,0.0,0.0,-30.4877727005221,-30.4877727005221,-30.4877727005221,-30.4877727005221
Matias Silva,1460.3334013708388,1400.0,1446.7260195722886,1460.3334013708388,653.0,28.0,40.8,185.67156964873536,0,8,0.6,0.625,0.625,0.625,60.33340137083883,60.33340137083883,60.33340137083883,60.33340137083883
Kasidit Samrej,1381.74764536373,1404.094407250599,1381.74764536373,1381.74764536373,575.0,47.0,24.6,191.0,0,3,0.3333333333333333,0.3333333333333333,0.3333333333333333,0.3333333333333333,-18.25235463626996,-18.25235463626996,-18.25235463626996,-18.25235463626996
Gabriel Trujillo Soler,1716.2063478041066,1716.2063478041066,1700.325702694614,1716.2063478041066,237.0,163.0,45.5,185.67156964873536,0,51,1.0,1.0,1.0,1.0,15.880645109492662,15.880645109492662,15.880645109492662,15.880645109492662
Giovanni Lapentti,1619.7157606297565,1598.8419823897764,1410.2637242802682,1465.6701411824,641.0,43.0,42.0,193.0,0,51,0.0,0.28,0.32,0.3333333333333333,-156.51568137496497,65.69207319815541,198.7327110329877,219.7157606297565
Learner Tien,1447.8667269967934,1537.338724810367,1447.8667269967934,1447.8667269967934,122.0,493.0,20.0,180.0,1,8,0.4,0.375,0.375,0.375,47.86672699679343,47.86672699679343,47.86672699679343,47.86672699679343
Ludovic Walter,1400.0,1400.0,1400.0,1400.0,287.0,165.0,42.4,185.67156964873536,0,0,0.0,0.0,0.0,0.0,0.0,0.0,0.0,0.0
Lazaro Navarro Batles,1644.287717649889,1670.745328511905,1663.9786763445964,1644.287717649889,2000.0,0.0,51.1,185.67156964873536,0,56,0.6,0.5,0.5,0.5,-53.80601021144207,-53.80601021144207,-53.80601021144207,-53.80601021144207
Petros Chrysochos,1346.7605006370538,1352.3624064059743,1392.5251778346549,1346.7605006370538,1410.0,3.0,28.8,185.0,0,11,0.2,0.2727272727272727,0.2727272727272727,0.2727272727272727,-53.23949936294616,-53.23949936294616,-53.23949936294616,-53.23949936294616
Daniel Vallejo,1435.2314649718369,1435.2314649718369,1400.0,1435.2314649718369,2000.0,0.0,40.6,185.67156964873536,0,1,1.0,1.0,1.0,1.0,35.23146497183666,35.23146497183666,35.23146497183666,35.23146497183666
Luis Carlos Alvarez Valdes,1400.0,1400.0,1400.0,1400.0,2000.0,0.0,29.28978785329969,186.27336318231923,0,0,0.0,0.0,0.0,0.0,0.0,0.0,0.0,0.0
Tomas Berdych,1975.822602124603,1622.0024273154042,1612.984063239134,1581.5549242262257,98.0,540.0,39.9,196.0,0,987,0.2,0.56,0.52,0.6,-39.59586993405219,-167.66110158793458,-184.52631967576303,-229.36470597720177
Rodrigo Senattore,1369.3436261460683,1369.3436261460683,1369.3436261460683,1369.3436261460683,1026.0,11.0,31.6,186.27336318231923,0,2,0.0,0.0,0.0,0.0,-30.65637385393165,-30.65637385393165,-30.65637385393165,-30.65637385393165
Roberto Cid,1283.9642436059526,1328.0040552570538,1368.5007128069549,1283.9642436059526,281.0,203.0,32.0,193.0,0,14,0.2,0.2142857142857142,0.2142857142857142,0.2142857142857142,-116.03575639404744,-116.03575639404744,-116.03575639404744,-116.03575639404744
Joao Pedro Sorgi,1397.3906824012572,1397.3906824012572,1397.3906824012572,1397.3906824012572,359.0,124.0,31.4,188.0,0,2,0.5,0.5,0.5,0.5,-2.6093175987427912,-2.6093175987427912,-2.6093175987427912,-2.6093175987427912
Nick Kyrgios,2109.8253301121376,1794.9511037937964,1505.9928828072177,1629.448775213013,25.0,1375.0,30.1,193.0,0,327,0.6,0.8,0.78,0.67,40.537719523296346,98.96472713944286,190.5340242723555,90.86837904163326
Sacha Thoma,1400.0,1400.0,1400.0,1400.0,2000.0,0.0,46.6,185.67156964873536,0,0,0.0,0.0,0.0,0.0,0.0,0.0,0.0,0.0
Alessandro Giannessi,1508.263211137,1424.0097904527706,1518.4837540603355,1508.263211137,224.0,254.0,34.8,185.0,1,35,0.2,0.36,0.3714285714285714,0.3714285714285714,-16.777395642268857,40.495427796779495,86.99853805612884,86.99853805612884
Ota Fukarek,1691.0528137920326,1735.706916875802,1811.1854953877453,1817.7496070342083,136.0,296.0,48.6,190.0,0,63,0.2,0.1538461538461538,0.1538461538461538,0.1538461538461538,-145.29090488678025,-145.29090488678025,-145.29090488678025,-145.29090488678025
Tucker Vorster,1474.3291603712253,1431.325600573588,1400.0,1474.3291603712253,410.0,100.0,36.8,196.0,0,5,0.8,0.8,0.8,0.8,74.32916037122527,74.32916037122527,74.32916037122527,74.32916037122527
Linh Giang Trinh,1391.4416995822342,1417.1833466093597,1400.0,1391.4416995822342,2000.0,0.0,27.4,183.0,0,2,0.5,0.5,0.5,0.5,-8.55830041776585,-8.55830041776585,-8.55830041776585,-8.55830041776585
Alan Fernando Rubio Fierros,1383.759133533427,1400.0,1400.0,1383.759133533427,707.0,38.0,26.5,175.0,0,1,0.0,0.0,0.0,0.0,-16.240866466572925,-16.240866466572925,-16.240866466572925,-16.240866466572925
Danai Udomchoke,1572.9393821950978,1672.7558447141512,1758.825356314013,1681.1926668491903,320.0,142.0,43.5,173.0,0,172,0.8,0.56,0.42,0.41,8.711560981790853,-70.43516665539596,-153.202838891375,-247.80354016645697
Mustapha El Natour,1400.0,1400.0,1400.0,1400.0,2000.0,0.0,20.8,186.27336318231923,0,0,0.0,0.0,0.0,0.0,0.0,0.0,0.0,0.0
Karlis Ozolins,1374.1346941962686,1374.1346941962686,1374.1346941962686,1374.1346941962686,1203.0,5.0,23.2,196.0,0,1,0.0,0.0,0.0,0.0,-25.865305803731417,-25.865305803731417,-25.865305803731417,-25.865305803731417
Sarvar Ikramov,1379.1574263434948,1412.9989433037272,1387.3695626367517,1379.1574263434948,554.0,50.0,40.0,186.27336318231923,0,7,0.2,0.2857142857142857,0.2857142857142857,0.2857142857142857,-20.84257365650524,-20.84257365650524,-20.84257365650524,-20.84257365650524
Manuel Sanchez,1456.20751868441,1428.0838714586455,1435.5537641009323,1456.20751868441,821.0,17.0,34.1,183.0,0,11,0.8,0.5454545454545454,0.5454545454545454,0.5454545454545454,56.20751868440993,56.20751868440993,56.20751868440993,56.20751868440993
Yu Hsiou Hsu,1512.0908909243085,1512.0908909243085,1512.0908909243085,1512.0908909243085,230.0,266.0,25.8,178.0,0,6,0.6,0.5,0.5,0.5,108.13477675762464,108.13477675762464,108.13477675762464,108.13477675762464
Markus Hantschk,1789.9960954177343,1813.533352399063,1866.7315922779965,1853.7020263820443,177.0,201.0,47.1,188.0,0,109,0.2,0.24,0.36,0.4067796610169492,-104.53354158305024,-131.23974380784034,-130.90941363420302,-77.84091368790496
Roman Borvanov,1393.6649093168394,1393.6649093168394,1393.6649093168394,1393.6649093168394,252.0,186.0,42.8,183.0,0,1,0.0,0.0,0.0,0.0,-6.335090683160615,-6.335090683160615,-6.335090683160615,-6.335090683160615
Matt Simpson,1400.0,1400.0,1400.0,1400.0,1342.0,2.0,40.6,185.67156964873536,0,0,0.0,0.0,0.0,0.0,0.0,0.0,0.0,0.0
Dmitry Popko,1467.7048169554034,1428.786373216959,1470.033068153803,1467.7048169554034,338.0,150.0,28.2,191.0,0,11,0.0,0.3636363636363636,0.3636363636363636,0.3636363636363636,52.01482712972188,52.01482712972188,52.01482712972188,52.01482712972188
Frances Tiafoe,1845.3982059561797,1751.054409153069,1397.7227301025148,1502.853419075295,17.0,2585.0,27.7,188.0,0,399,0.4,0.64,0.56,0.58,63.86733769444436,111.40139921953369,52.75225123757332,-80.69437707653765
Tuna Altuna,1400.0,1400.0,1400.0,1400.0,932.0,9.0,36.4,185.0,0,0,0.0,0.0,0.0,0.0,0.0,0.0,0.0,0.0
Lleyton Cronje,1400.0,1400.0,1400.0,1400.0,2000.0,0.0,24.9,185.67156964873536,0,0,0.0,0.0,0.0,0.0,0.0,0.0,0.0,0.0
Fredrik Aarum,1366.8593465504805,1400.0,1375.0,1366.8593465504805,1332.0,1.0,41.9,185.67156964873536,0,2,0.0,0.0,0.0,0.0,-33.140653449519505,-33.140653449519505,-33.140653449519505,-33.140653449519505
Karlis Lejnieks,1376.2155010961203,1430.0379526402432,1348.3879067012715,1376.2155010961203,519.0,51.0,37.4,185.67156964873536,0,9,0.4,0.3333333333333333,0.3333333333333333,0.3333333333333333,-23.78449890387969,-23.78449890387969,-23.78449890387969,-23.78449890387969
Daniel King Turner,1481.5076085362791,1475.449094980755,1393.5707946480727,1400.0,366.0,108.0,40.8,190.0,0,27,0.6,0.56,0.5185185185185185,0.5185185185185185,75.96907603413365,81.50760853627935,81.50760853627935,81.50760853627935
Eldad Campbell,1338.4424305900343,1374.606156129167,1400.0,1338.4424305900343,2000.0,0.0,36.4,185.67156964873536,0,3,0.0,0.0,0.0,0.0,-61.55756940996571,-61.55756940996571,-61.55756940996571,-61.55756940996571
Sylvestre Monnou,1400.0,1400.0,1400.0,1400.0,2000.0,0.0,22.2,186.27336318231923,0,0,0.0,0.0,0.0,0.0,0.0,0.0,0.0,0.0
Mark Merklein,1598.9019026130125,1621.0242408135566,1602.629143033412,1598.9019026130125,2000.0,0.0,52.5,188.0,0,21,0.2,0.3636363636363636,0.3636363636363636,0.3636363636363636,-15.260364473759864,-15.260364473759864,-15.260364473759864,-15.260364473759864
Ergi Kirkin,1382.2275100120862,1395.5633240027987,1382.2275100120862,1400.0,311.0,166.0,26.6,180.0,0,2,0.0,0.0,0.0,0.0,-17.772489987913787,-17.772489987913787,-17.772489987913787,-17.772489987913787
Kenny De Schepper,1590.52275042722,1481.1041035314793,1347.7372090421284,1550.828945238118,186.0,298.0,38.3,203.0,1,87,0.4,0.32,0.32,0.3103448275862069,14.960223116444467,32.88084670041735,32.34535961929055,190.52275042722
Jaume Munar,1501.1613540661888,1269.2292578432664,1692.374409682562,1324.1608143497308,65.0,844.0,28.4,183.0,0,223,0.2,0.28,0.38,0.41,-60.20775190384347,-78.7729258971026,-49.71318105282762,-67.38432831501495
Tristan Lamasine,1422.4834067501456,1442.1110084489524,1415.1941129548911,1407.1109497722305,271.0,204.0,31.8,183.0,0,7,0.4,0.2857142857142857,0.2857142857142857,0.2857142857142857,15.372456977915135,15.372456977915135,15.372456977915135,15.372456977915135
Somdev Devvarman,1595.5605761456416,1691.6364908497935,1382.200749250015,1356.6306680524256,177.0,284.0,39.8,180.0,0,143,0.4,0.36,0.44,0.43,-95.8504332001578,-116.59940591403983,-65.58619833477019,-120.22869536791336
Johann Coles,1400.0,1400.0,1400.0,1400.0,2000.0,0.0,34.9,185.67156964873536,0,0,0.0,0.0,0.0,0.0,0.0,0.0,0.0,0.0
Dragos Dima,1425.0,1425.0,1425.0,1425.0,327.0,84.0,32.7,180.0,0,1,1.0,1.0,1.0,1.0,25.0,25.0,25.0,25.0
Nikolas Sanchez Izquierdo,1400.0,1400.0,1400.0,1400.0,260.0,221.0,26.1,185.0,0,0,0.0,0.0,0.0,0.0,0.0,0.0,0.0,0.0
Haydn Lewis,1292.6457804228269,1339.469409599823,1365.0344644081713,1292.6457804228269,2000.0,0.0,39.1,185.67156964873536,1,13,0.2,0.2307692307692307,0.2307692307692307,0.2307692307692307,-107.35421957717313,-107.35421957717313,-107.35421957717313,-107.35421957717313
Nicholas David Ionel,1427.599460180633,1400.0,1400.0,1427.599460180633,265.0,219.0,22.2,185.67156964873536,0,2,0.5,0.5,0.5,0.5,27.59946018063306,27.59946018063306,27.59946018063306,27.59946018063306
Trevor Spracklin,1400.0,1400.0,1400.0,1400.0,882.0,9.0,47.6,190.0,0,0,0.0,0.0,0.0,0.0,0.0,0.0,0.0,0.0
Alejandro Gonzalez,1499.5864678043313,1543.087126872267,1380.5542768764924,1371.6667287634746,453.0,81.0,36.0,190.0,0,60,0.6,0.32,0.32,0.3,-77.59615935703505,-44.362851013977206,77.0617514464202,98.71059980908854
Mike Scheidweiler,1538.323207786789,1498.723675913395,1623.8029843773838,1538.323207786789,2000.0,0.0,43.3,188.0,0,28,0.2,0.3888888888888889,0.3888888888888889,0.3888888888888889,-83.92851982578827,-83.92851982578827,-83.92851982578827,-83.92851982578827
Antonio Veic,1540.6919899849809,1500.347155256273,1450.3957363657896,1540.6919899849809,228.0,208.0,36.9,180.0,0,34,0.0,0.28,0.3235294117647059,0.3235294117647059,-63.26267201747282,140.69198998498086,140.69198998498086,140.69198998498086
Tomislav Peric,1400.0,1400.0,1400.0,1400.0,1255.0,3.0,42.0,185.67156964873536,0,0,0.0,0.0,0.0,0.0,0.0,0.0,0.0,0.0
Sebastien Vidal,1402.5756985992252,1402.5756985992252,1402.5756985992252,1402.5756985992252,1961.0,1.0,35.3,185.67156964873536,0,2,0.5,0.5,0.5,0.5,2.575698599225234,2.575698599225234,2.575698599225234,2.575698599225234
Bruno Rosa,1400.0,1400.0,1400.0,1400.0,1124.0,4.0,39.4,185.67156964873536,0,0,0.0,0.0,0.0,0.0,0.0,0.0,0.0,0.0
Ivan Ljubicic,1802.3555637460952,1921.727639337218,1962.2344003259468,1703.9085122047688,53.0,840.0,46.0,193.0,0,840,0.4,0.52,0.52,0.55,-88.39146317489303,-67.46095415943591,-89.22084433999726,-170.8287036581628
Julian Knowle,1667.65732439519,1744.2926781642807,1710.876770806669,1804.804655612768,2000.0,0.0,51.4,188.0,1,89,0.2,0.2,0.2564102564102564,0.2564102564102564,-69.07126219413067,-158.16875428258572,-135.05793901550214,-135.05793901550214
Alex Calatrava,1666.1944951268615,1779.37359577272,1792.7754964085666,1785.5776489639045,188.0,214.0,52.1,190.0,0,183,0.2,0.2,0.28,0.33,-128.72693811520867,-151.87536870925214,-252.21336470679148,-383.8585576693806
Tasuku Iwami,1644.6918945049092,1644.6918945049092,1644.6918945049092,1644.6918945049092,557.0,41.0,47.2,168.0,1,13,0.3333333333333333,0.3333333333333333,0.3333333333333333,0.3333333333333333,-4.41087078306532,-4.41087078306532,-4.41087078306532,-4.41087078306532
Guillermo Alcaide,1400.0,1400.0,1400.0,1400.0,238.0,197.0,39.0,188.0,0,0,0.0,0.0,0.0,0.0,0.0,0.0,0.0,0.0
Kirill Ivanov Smolensky,1649.539962171158,1663.5494886576498,1649.539962171158,1663.5494886576498,544.0,35.0,44.5,185.67156964873536,0,11,0.0,0.0,0.0,0.0,-14.00952648649195,-14.00952648649195,-14.00952648649195,-14.00952648649195
Jim Courier,2003.1093989961155,2003.1093989961155,2003.1093989961155,2003.1093989961155,60.0,697.0,54.5,185.0,0,307,0.4,0.4285714285714285,0.4285714285714285,0.4285714285714285,-45.345607507912746,-45.345607507912746,-45.345607507912746,-45.345607507912746
Hugo Gaston,1637.858360169247,1394.1294313950448,1552.313210073552,1422.9995521530025,81.0,712.0,25.1,173.0,1,95,0.8,0.48,0.38,0.4210526315789473,31.423355536921008,90.4614325600362,-20.23821838638833,237.85836016924668
Jack Mingjie Lin,1400.0,1400.0,1400.0,1400.0,2000.0,0.0,25.8,185.67156964873536,0,0,0.0,0.0,0.0,0.0,0.0,0.0,0.0,0.0
Wai Yu Kai,1375.560258375028,1375.560258375028,1375.560258375028,1375.560258375028,2000.0,0.0,23.9,185.67156964873536,0,1,0.0,0.0,0.0,0.0,-24.43974162497193,-24.43974162497193,-24.43974162497193,-24.43974162497193
Yevgeny Kafelnikov,1872.1534179370328,2204.503371179341,2121.546230699471,2368.522650607036,41.0,950.0,51.6,190.0,0,821,0.4,0.52,0.54,0.54,-139.3139926737883,-17.007719738375044,-46.1464869026961,-241.5062076281397
Dineshkanthan Thangarajah,1288.7725167591907,1335.5654965771637,1372.7593674228751,1288.7725167591907,2000.0,0.0,34.1,185.67156964873536,0,12,0.2,0.25,0.25,0.25,-111.2274832408093,-111.2274832408093,-111.2274832408093,-111.2274832408093
Adrian Garcia,1580.2076850415278,1636.7776603195014,1688.606008104279,1698.2211925088732,213.0,193.0,46.6,175.0,0,90,0.0,0.24,0.325,0.325,-180.5418238111563,-136.28625148602418,-134.37788594484437,-134.37788594484437
Cedric Pioline,1880.462171441264,2087.8157110072857,2162.302549798968,2089.250398440845,120.0,340.0,56.3,188.0,0,416,0.2,0.4,0.4,0.49,-53.11233934436518,-95.57985061592832,-131.95053072746737,-274.8868287571852
Gabriel Pitta,1400.0,1400.0,1400.0,1400.0,726.0,18.0,45.3,185.67156964873536,0,0,0.0,0.0,0.0,0.0,0.0,0.0,0.0,0.0
Tadas Babelis,1319.122691335806,1350.7787752896345,1376.106966384677,1319.122691335806,1582.0,2.0,28.5,185.0,0,4,0.0,0.0,0.0,0.0,-80.87730866419406,-80.87730866419406,-80.87730866419406,-80.87730866419406
Yousaf Khalil,1400.0,1400.0,1400.0,1400.0,2000.0,0.0,26.4,185.67156964873536,0,0,0.0,0.0,0.0,0.0,0.0,0.0,0.0,0.0
Michael Joyce,1781.573764332822,1781.573764332822,1781.573764332822,1781.573764332822,302.0,104.0,52.4,180.0,0,54,0.25,0.25,0.25,0.25,12.898933178938478,12.898933178938478,12.898933178938478,12.898933178938478
Martin Verkerk,1823.8244001854855,1693.274720693533,1885.3329953092,1726.8604123461553,270.0,136.0,46.7,196.0,0,177,0.0,0.4,0.44,0.48,-183.38697628257452,-153.93867208112033,-218.2427683924327,-100.79075166233996
Kim Tiilikainen,1785.9350095526688,1785.9350095526688,1785.9350095526688,1785.9350095526688,558.0,32.0,49.9,180.0,0,54,0.5,0.5,0.5,0.5,19.14844832809172,19.14844832809172,19.14844832809172,19.14844832809172
Jack Loutit,1400.0,1400.0,1400.0,1400.0,790.0,27.0,21.2,186.27336318231923,1,0,0.0,0.0,0.0,0.0,0.0,0.0,0.0,0.0
Joachim Johansson,1924.2188682597427,1924.490391314166,1304.2722315538724,1441.4467079299382,2000.0,0.0,43.2,198.0,0,131,0.4,0.52,0.48,0.57,-128.1247317539753,-155.61099109339898,-260.686959318766,61.49365834410855
Thomas Schiessling,1742.2690308041497,1742.2690308041497,1742.2690308041497,1742.2690308041497,652.0,22.0,50.7,180.0,0,53,0.3333333333333333,0.3333333333333333,0.3333333333333333,0.3333333333333333,26.104187820070138,26.104187820070138,26.104187820070138,26.104187820070138
Vitaliy Sachko,1347.717981841036,1368.1192830712632,1387.1144730184185,1347.717981841036,386.0,125.0,28.1,188.0,0,6,0.0,0.0,0.0,0.0,-52.28201815896409,-52.28201815896409,-52.28201815896409,-52.28201815896409
Hicham Khaddari,1403.1114369387722,1403.1114369387722,1403.1114369387722,1403.1114369387722,513.0,66.0,33.6,185.67156964873536,0,4,0.5,0.5,0.5,0.5,3.111436938772158,3.111436938772158,3.111436938772158,3.111436938772158
Marcelo Demoliner,1428.8410134449844,1428.8410134449844,1428.8410134449844,1428.8410134449844,2000.0,0.0,36.6,191.0,0,2,0.5,0.5,0.5,0.5,28.841013444984355,28.841013444984355,28.841013444984355,28.841013444984355
Mario Alberto Cayo,1400.0,1400.0,1400.0,1400.0,2000.0,0.0,40.1,185.67156964873536,0,0,0.0,0.0,0.0,0.0,0.0,0.0,0.0,0.0
Dovydas Sakinis,1369.880840798308,1415.6114193283452,1358.9752959170014,1369.880840798308,1574.0,1.0,32.7,185.67156964873536,1,6,0.2,0.3333333333333333,0.3333333333333333,0.3333333333333333,-30.1191592016919,-30.1191592016919,-30.1191592016919,-30.1191592016919
George Loffhagen,1377.7198200905543,1377.7198200905543,1377.7198200905543,1377.7198200905543,371.0,130.0,24.2,188.0,0,1,0.0,0.0,0.0,0.0,-22.28017990944545,-22.28017990944545,-22.28017990944545,-22.28017990944545
Joachim Bjerke,1347.1987254276155,1347.1987254276155,1347.1987254276155,1347.1987254276155,938.0,13.0,30.3,185.67156964873536,0,2,0.0,0.0,0.0,0.0,-52.8012745723845,-52.8012745723845,-52.8012745723845,-52.8012745723845
Takao Suzuki,1885.8890049110275,1857.0831951288244,1743.2691306178658,1757.121064821118,355.0,116.0,49.0,175.0,0,112,0.8,0.64,0.54,0.5645161290322581,43.206576778291264,46.340905314814336,-26.709494229886783,111.3793923069511
Christopher Koutrouzas,1358.491656886202,1400.0,1400.0,1358.491656886202,2000.0,0.0,37.5,185.67156964873536,0,2,0.0,0.0,0.0,0.0,-41.50834311379799,-41.50834311379799,-41.50834311379799,-41.50834311379799
Martins Podzus,1362.064379261187,1366.259466699396,1364.117176146647,1362.064379261187,860.0,18.0,30.5,188.0,0,12,0.6,0.3333333333333333,0.3333333333333333,0.3333333333333333,-37.935620738812986,-37.935620738812986,-37.935620738812986,-37.935620738812986
Marat Deviatiarov,1400.0,1400.0,1400.0,1400.0,649.0,41.0,31.4,186.27336318231923,0,0,0.0,0.0,0.0,0.0,0.0,0.0,0.0,0.0
Radoslav Lukaev,1585.3111101971178,1561.3646667788273,1553.9239640497694,1585.3111101971178,455.0,58.0,43.4,186.27336318231923,0,17,0.4,0.4285714285714285,0.4285714285714285,0.4285714285714285,11.7519368072833,11.7519368072833,11.7519368072833,11.7519368072833
Tyler Chin,1400.0,1400.0,1400.0,1400.0,2000.0,0.0,37.0,185.67156964873536,0,0,0.0,0.0,0.0,0.0,0.0,0.0,0.0,0.0
Maxime Hamou,1382.1927554697477,1382.1927554697477,1382.1927554697477,1382.1927554697477,287.0,181.0,29.9,185.0,0,2,0.0,0.0,0.0,0.0,-17.80724453025232,-17.80724453025232,-17.80724453025232,-17.80724453025232
Luke Milligan,1737.3141265414813,1746.4349917063378,1737.3141265414813,1746.4349917063378,522.0,36.0,48.8,180.0,0,51,0.0,0.0,0.0,0.0,-9.120865164856468,-9.120865164856468,-9.120865164856468,-9.120865164856468
Shahzad Khan,1364.8439000200854,1400.0,1400.0,1400.0,1497.0,1.0,38.7,185.67156964873536,0,4,0.0,0.0,0.0,0.0,-35.15609997991464,-35.15609997991464,-35.15609997991464,-35.15609997991464
Manuel Guinard,1501.4212737928588,1479.6202141616418,1472.3620232294793,1501.4212737928588,264.0,204.0,29.9,198.0,0,9,0.4,0.4444444444444444,0.4444444444444444,0.4444444444444444,55.9743501762905,55.9743501762905,55.9743501762905,55.9743501762905
Felix Mantilla,1751.6647929043122,1917.596438448376,2120.0249663047243,2032.4550728663369,421.0,72.0,50.8,180.0,0,542,0.2,0.48,0.52,0.5,-58.86884543927408,-114.08139273159622,-94.8322645281744,-323.3171572759559
Olivier Patience,1592.9304321899467,1644.857542443468,1753.3606141397568,1758.1491525689862,199.0,239.0,45.3,180.0,0,128,0.0,0.32,0.3,0.3333333333333333,-108.81557745948204,-157.51887353561597,-198.682800768775,-170.61610980750038
Cristian Paiz,1397.5604886015428,1397.5604886015428,1397.5604886015428,1397.5604886015428,1138.0,9.0,43.8,185.67156964873536,0,7,0.6,0.4285714285714285,0.4285714285714285,0.4285714285714285,-2.439511398457171,-2.439511398457171,-2.439511398457171,-2.439511398457171
Mariano Navone,1568.8179447070906,1436.679145291561,1697.9805621168282,1427.5653963350096,45.0,1198.0,24.6,178.0,0,41,0.2,0.28,0.4390243902439024,0.4390243902439024,-99.87706270610806,-4.471606218322677,90.38254689892824,90.38254689892824
Amir Milushev,1400.0,1400.0,1400.0,1400.0,2000.0,0.0,19.6,185.67156964873536,0,0,0.0,0.0,0.0,0.0,0.0,0.0,0.0,0.0
Saba Purtseladze,1386.3311324413871,1412.9627277953896,1386.3311324413871,1386.3311324413871,427.0,103.0,24.0,191.0,0,3,0.3333333333333333,0.3333333333333333,0.3333333333333333,0.3333333333333333,-13.668867558612874,-13.668867558612874,-13.668867558612874,-13.668867558612874
Younes El Aynaoui,1810.267592581775,1993.710977668337,2006.853093910668,2010.728034903592,2000.0,0.0,53.3,193.0,0,598,0.6,0.56,0.42,0.5,0.7497798886925011,-141.69617709913246,-231.76716260200897,-323.3216074165523
Jorge Brian Panta Herreros,1393.890334772823,1393.890334772823,1393.890334772823,1393.890334772823,878.0,16.0,29.5,3.0,0,4,0.5,0.5,0.5,0.5,-6.109665227176947,-6.109665227176947,-6.109665227176947,-6.109665227176947
Pablo Gonzalez,1470.3286258086532,1389.9713355516562,1420.322754302237,1470.3286258086532,314.0,118.0,42.5,178.0,0,18,0.6,0.3333333333333333,0.3333333333333333,0.3333333333333333,70.32862580865321,70.32862580865321,70.32862580865321,70.32862580865321
Raimonds Sproga,1387.7368996049545,1387.7368996049545,1400.0,1387.7368996049545,2000.0,0.0,44.0,186.27336318231923,0,1,0.0,0.0,0.0,0.0,-12.26310039504574,-12.26310039504574,-12.26310039504574,-12.26310039504574
Dawood Sayed Hashim,1400.0,1400.0,1400.0,1400.0,1969.0,1.0,28.6,185.67156964873536,1,0,0.0,0.0,0.0,0.0,0.0,0.0,0.0,0.0
Yunseong Chung,1389.7163174630334,1400.0,1389.7163174630334,1400.0,322.0,160.0,27.3,178.0,0,1,0.0,0.0,0.0,0.0,-10.28368253696658,-10.28368253696658,-10.28368253696658,-10.28368253696658
Peter Bothwell,1423.703157703736,1423.703157703736,1423.703157703736,1423.703157703736,840.0,19.0,29.3,185.67156964873536,0,1,1.0,1.0,1.0,1.0,23.703157703736,23.703157703736,23.703157703736,23.703157703736
Marco Chiudinelli,1533.686455268475,1589.5227278247482,1621.9081190085358,1689.7226572400518,366.0,117.0,44.1,185.0,0,199,0.4,0.24,0.28,0.31,-54.52917504443849,-168.2554368125329,-197.43891338003343,-317.80617973772814
Kevin Cheruiyot,1400.0,1400.0,1400.0,1400.0,1752.0,1.0,27.0,185.67156964873536,0,0,0.0,0.0,0.0,0.0,0.0,0.0,0.0,0.0
Evghenii Plugariov,1608.1299233161037,1608.1299233161037,1608.1299233161037,1608.1299233161037,2000.0,0.0,45.0,185.67156964873536,0,14,0.5,0.5,0.5,0.5,-8.377304160281938,-8.377304160281938,-8.377304160281938,-8.377304160281938
Julio Silva,1613.5855122116143,1638.532044247825,1643.2207685648727,1613.5855122116143,228.0,210.0,46.1,173.0,0,22,0.2,0.25,0.25,0.25,-50.60212471561931,-50.60212471561931,-50.60212471561931,-50.60212471561931
Carlos Moya,1691.2804532338114,1887.018710201261,2002.35893996778,2017.952329778618,514.0,55.0,48.7,190.0,0,884,0.4,0.48,0.46,0.56,-205.01960778148373,-133.8416691911816,-241.22318953556191,-267.2324196402096
Tim Goransson,1388.6135614823131,1388.6135614823131,1388.6135614823131,1388.6135614823131,800.0,18.0,37.2,185.67156964873536,0,1,0.0,0.0,0.0,0.0,-11.386438517686656,-11.386438517686656,-11.386438517686656,-11.386438517686656
Chris Guccione,1718.7063676599043,1740.543890357102,1348.054243961686,1432.9383128447903,613.0,45.0,39.8,201.0,1,109,0.4,0.4,0.38,0.41,-73.34786956021458,-53.900648457738725,-133.62507547835185,137.12579119286988
Bruno Britez,1363.8434424502093,1400.0,1400.0,1363.8434424502093,2000.0,0.0,26.6,186.27336318231923,0,2,0.0,0.0,0.0,0.0,-36.15655754979071,-36.15655754979071,-36.15655754979071,-36.15655754979071
Cedric Kauffmann,1732.466848528756,1743.266729948104,1743.266729948104,1732.466848528756,250.0,138.0,49.2,185.67156964873536,0,51,0.0,0.0,0.0,0.0,-10.79988141934814,-10.79988141934814,-10.79988141934814,-10.79988141934814
Milos Sekulic,1400.0,1400.0,1400.0,1400.0,891.0,16.0,35.9,178.0,0,0,0.0,0.0,0.0,0.0,0.0,0.0,0.0,0.0
Germain Gigounon,1403.9561141666836,1403.9561141666836,1403.9561141666836,1403.9561141666836,209.0,229.0,36.0,185.67156964873536,0,0,0.0,0.0,0.0,0.0,0.0,0.0,0.0,0.0
Constant Lestienne,1369.3110154537271,1483.2718965187253,1342.7572155179091,1359.428410404303,111.0,527.0,33.2,180.0,0,58,0.0,0.2,0.3,0.293103448275862,-88.07786020546268,-256.95547337964945,-75.28095390371686,-30.68898454627288
Dean Obrien,1382.1675737387216,1382.1675737387216,1382.1675737387216,1382.1675737387216,563.0,53.0,35.4,178.0,0,1,0.0,0.0,0.0,0.0,-17.832426261278442,-17.832426261278442,-17.832426261278442,-17.832426261278442
Donald Young,1613.465572531714,1660.5300534741125,1337.698225848852,1445.2310026389746,327.0,135.0,35.4,183.0,1,315,0.2,0.24,0.36,0.45,-169.35850204571216,-248.133299499518,-216.1576581809693,-119.66420672310257
Mazen Osama,1400.0,1400.0,1400.0,1400.0,480.0,76.0,30.1,186.27336318231923,0,0,0.0,0.0,0.0,0.0,0.0,0.0,0.0,0.0
Nicolas Xiviller,1400.0,1400.0,1400.0,1400.0,2000.0,0.0,26.9,186.27336318231923,0,0,0.0,0.0,0.0,0.0,0.0,0.0,0.0,0.0
Anil Yuksel,1392.54493032619,1400.0,1400.0,1392.54493032619,502.0,70.0,34.8,185.67156964873536,1,1,0.0,0.0,0.0,0.0,-7.45506967380993,-7.45506967380993,-7.45506967380993,-7.45506967380993
Dominic Pagon,1400.0,1400.0,1400.0,1400.0,2000.0,0.0,37.3,185.67156964873536,1,0,0.0,0.0,0.0,0.0,0.0,0.0,0.0,0.0
Hendrik Dreekmann,1862.0131980325252,1862.0131980325252,1862.0131980325252,1862.0131980325252,856.0,9.0,50.3,188.0,0,51,0.0,0.0,0.0,0.0,-4.809888877699905,-4.809888877699905,-4.809888877699905,-4.809888877699905
Rafael Eduardo Gonzalez Retana,1400.0,1400.0,1400.0,1400.0,2000.0,0.0,25.0,185.67156964873536,0,0,0.0,0.0,0.0,0.0,0.0,0.0,0.0,0.0
Courtney John Lock,1363.7375749320236,1363.7375749320236,1363.7375749320236,1363.7375749320236,2000.0,0.0,28.2,193.0,0,2,0.0,0.0,0.0,0.0,-36.26242506797644,-36.26242506797644,-36.26242506797644,-36.26242506797644
Max Hans Rehberg,1366.4053288713708,1366.4053288713708,1366.4053288713708,1366.4053288713708,473.0,87.0,21.5,183.0,0,3,0.0,0.0,0.0,0.0,-33.594671128629216,-33.594671128629216,-33.594671128629216,-33.594671128629216
Jiri Novak,1850.716085754413,2003.089603115857,1960.2423550257129,1962.5202262475027,122.0,361.0,50.5,190.0,0,693,0.6,0.48,0.44,0.53,-15.391524187317373,-115.44914004286488,-178.75352108018228,-204.3355669124369
Amer Delic,1728.628787215682,1762.0675833264515,1358.6548503944202,1431.6839461025806,210.0,231.0,42.7,196.0,0,87,0.8,0.52,0.4,0.367816091954023,14.571072600578646,139.96013316043582,16.96670141618347,328.628787215682
Hazuan Hizan,1352.2103318272802,1352.2103318272802,1352.2103318272802,1352.2103318272802,2000.0,0.0,46.8,185.67156964873536,0,4,0.25,0.25,0.25,0.25,-47.78966817271976,-47.78966817271976,-47.78966817271976,-47.78966817271976
Jenson Brooksby,1748.9706276106715,1748.9353430696972,1373.985553443486,1461.2901781057371,39.0,1010.0,24.2,188.0,0,76,0.6,0.56,0.54,0.5789473684210527,-51.723841692419,-151.1629407419464,-100.44090341503602,348.9706276106715
Herkko Pollanen,1420.119399798198,1420.119399798198,1420.119399798198,1420.119399798198,713.0,30.0,30.5,185.67156964873536,0,2,0.5,0.5,0.5,0.5,20.119399798197943,20.119399798197943,20.119399798197943,20.119399798197943
Jean Andersen,1395.0425629276958,1395.0425629276958,1395.0425629276958,1395.0425629276958,863.0,17.0,36.7,185.67156964873536,0,1,0.0,0.0,0.0,0.0,-4.957437072304174,-4.957437072304174,-4.957437072304174,-4.957437072304174
Roman Vogeli,1400.0,1400.0,1400.0,1400.0,638.0,30.0,40.3,185.67156964873536,0,0,0.0,0.0,0.0,0.0,0.0,0.0,0.0,0.0
Andrea Arnaboldi,1495.4212950030085,1428.5861690613615,1519.1794305917613,1428.5861690613615,267.0,206.0,37.0,180.0,1,13,0.4,0.3076923076923077,0.3076923076923077,0.3076923076923077,66.835125941647,66.835125941647,66.835125941647,66.835125941647
Jean Michel Durango,1425.0,1425.0,1425.0,1425.0,755.0,19.0,37.1,185.67156964873536,0,1,1.0,1.0,1.0,1.0,25.0,25.0,25.0,25.0
Janis Podzus,1303.3333905924069,1325.1183928456685,1400.0,1303.3333905924069,1211.0,6.0,31.0,185.67156964873536,1,5,0.0,0.0,0.0,0.0,-96.66660940759311,-96.66660940759311,-96.66660940759311,-96.66660940759311
Jerry Joseph,1381.9995970716377,1381.9995970716377,1400.0,1381.9995970716377,2000.0,0.0,44.7,185.67156964873536,0,1,0.0,0.0,0.0,0.0,-18.00040292836252,-18.00040292836252,-18.00040292836252,-18.00040292836252
Egor Matvievici,1400.0,1400.0,1400.0,1400.0,2000.0,0.0,28.4,175.0,1,0,0.0,0.0,0.0,0.0,0.0,0.0,0.0,0.0
Juan Martin Aranguren,1395.93482122053,1395.93482122053,1395.93482122053,1395.93482122053,257.0,178.0,41.3,185.67156964873536,0,1,0.0,0.0,0.0,0.0,-4.0651787794699885,-4.0651787794699885,-4.0651787794699885,-4.0651787794699885
Lleyton Hewitt,1568.1360284489615,1846.6161924066305,1812.181743862992,2105.396399834036,308.0,160.0,43.8,180.0,0,1097,0.6,0.48,0.48,0.51,-185.51983362359147,-230.8412635538939,-207.69579612051396,-267.0934328788924
Kaipo Marshall,1337.3507618991366,1337.3507618991366,1337.3507618991366,1337.3507618991366,2000.0,0.0,23.4,185.67156964873536,0,5,0.2,0.2,0.2,0.2,-62.649238100863386,-62.649238100863386,-62.649238100863386,-62.649238100863386
Brendan Evans,1500.654594634915,1386.161024956826,1500.654594634915,1538.1768326192412,318.0,125.0,39.2,188.0,0,20,0.4,0.3,0.3,0.3,102.76351866023585,100.65459463491491,100.65459463491491,100.65459463491491
Ricardo Hocevar,1408.751510855093,1437.952237190445,1410.881367038884,1408.751510855093,248.0,195.0,39.7,180.0,0,4,0.0,0.0,0.0,0.0,-29.200726335351877,-29.200726335351877,-29.200726335351877,-29.200726335351877
Dominic Thiem,1594.9906968160003,1578.2512586261776,1603.0457799022515,1245.6085551824272,318.0,162.0,32.1,185.0,0,565,0.0,0.4,0.42,0.44,-141.23471548591078,-167.67213242127264,-273.51795730037634,-629.3326489839064
Gabriel Diallo,1593.77567966655,1626.2431463047624,1400.0,1393.412496552533,86.0,643.0,24.1,203.0,0,25,0.8,0.44,0.44,0.44,201.56176203348537,193.7756796665501,193.7756796665501,193.7756796665501
Frank Dancevic,1637.105396561857,1537.476181615497,1229.7622747014414,1531.067316347548,422.0,94.0,40.8,185.0,0,179,0.6,0.32,0.32,0.36,-64.12654632577642,-65.6495479799296,-200.841069294768,-287.30783366965034
Sekou Bangoura,1400.0,1400.0,1400.0,1400.0,313.0,153.0,33.7,183.0,0,0,0.0,0.0,0.0,0.0,0.0,0.0,0.0,0.0
Ouassel Hared,1393.3224651224257,1393.3224651224257,1393.3224651224257,1393.3224651224257,2000.0,0.0,51.5,185.67156964873536,0,1,0.0,0.0,0.0,0.0,-6.677534877574317,-6.677534877574317,-6.677534877574317,-6.677534877574317
Andrea Vavassori,1565.4986027988257,1419.2003403526985,1546.9094388033675,1389.2783348632784,206.0,291.0,30.2,193.0,0,20,0.4,0.45,0.45,0.45,141.3514162391593,165.4986027988257,165.4986027988257,165.4986027988257
Dmitry Vlasov,1400.0,1400.0,1400.0,1400.0,288.0,112.0,42.9,188.0,0,0,0.0,0.0,0.0,0.0,0.0,0.0,0.0,0.0
Luis David Martinez,1377.664307772624,1409.4710948366742,1389.6392733801142,1377.664307772624,2000.0,0.0,35.8,178.0,0,16,0.4,0.4375,0.4375,0.4375,-22.335692227376057,-22.335692227376057,-22.335692227376057,-22.335692227376057
Rolandas Murashka,1430.1554435774642,1400.0,1430.1554435774642,1430.1554435774642,2000.0,0.0,50.3,186.27336318231923,0,2,0.5,0.5,0.5,0.5,30.15544357746421,30.15544357746421,30.15544357746421,30.15544357746421
Miguel Tobon,1676.209476258222,1676.209476258222,1676.209476258222,1676.209476258222,655.0,19.0,56.7,185.0,0,12,0.5,0.5,0.5,0.5,14.76485316294952,14.76485316294952,14.76485316294952,14.76485316294952
Lluis Miralles,1400.0,1400.0,1400.0,1400.0,2000.0,0.0,24.3,185.67156964873536,0,0,0.0,0.0,0.0,0.0,0.0,0.0,0.0,0.0
Diego Fernandez Flores,1400.0,1400.0,1400.0,1400.0,832.0,21.0,24.3,185.0,0,0,0.0,0.0,0.0,0.0,0.0,0.0,0.0,0.0
Mischa Zverev,1615.7583792205803,1433.4142634098296,1374.8117234556182,1613.9726852336412,280.0,209.0,37.5,190.0,1,333,0.4,0.16,0.34,0.41,-103.38998594620648,-201.44127351464024,-160.63052325918284,-218.4343213619154
Marcelo Amador,1563.690281062104,1563.690281062104,1566.017592260695,1563.690281062104,516.0,41.0,44.7,185.67156964873536,0,11,0.0,0.0,0.0,0.0,-2.3273111985909054,-2.3273111985909054,-2.3273111985909054,-2.3273111985909054
Dennis Lajola,1400.0,1400.0,1400.0,1400.0,719.0,22.0,36.0,185.67156964873536,0,0,0.0,0.0,0.0,0.0,0.0,0.0,0.0,0.0
Denis Shapovalov,1829.404099207332,1673.1544448750556,1507.9045402463703,1409.8736547397243,56.0,981.0,26.5,185.0,1,380,1.0,0.68,0.54,0.56,119.1579970294888,156.61080580120347,2.714296134631468,22.79573409159116
Josselin Ouanna,1673.7280331529698,1474.215817977724,1527.853481634549,1673.7280331529698,156.0,333.0,38.9,193.0,0,25,0.2,0.36,0.36,0.36,193.2431140275114,273.72803315296983,273.72803315296983,273.72803315296983
Cyril Saulnier,1780.8469051434136,1826.045882602413,1717.9164168841028,1837.2493294153537,259.0,151.0,49.4,190.0,0,230,0.4,0.4,0.36,0.43,-88.05727639201314,-177.82857562488743,-214.16556327500552,-182.71508216156235
Gillian Osmont,1400.0,1400.0,1400.0,1400.0,2000.0,0.0,21.7,185.67156964873536,0,0,0.0,0.0,0.0,0.0,0.0,0.0,0.0,0.0
Michael Massih,1400.0,1400.0,1400.0,1400.0,2000.0,0.0,37.7,185.67156964873536,0,0,0.0,0.0,0.0,0.0,0.0,0.0,0.0,0.0
Christophe Pognon,1400.0,1400.0,1400.0,1400.0,2000.0,0.0,47.9,185.67156964873536,0,0,0.0,0.0,0.0,0.0,0.0,0.0,0.0,0.0
Borna Gojo,1638.845308175151,1689.029290483861,1419.0508461426998,1383.1557523536223,439.0,98.0,27.5,196.0,0,41,0.4,0.52,0.4634146341463415,0.4634146341463415,4.87969145229431,200.5254753561187,238.8453081751511,238.8453081751511
Nishesh Basavareddy,1476.581612597201,1434.5086213301836,1476.581612597201,1476.581612597201,138.0,440.0,20.6,180.0,0,2,0.5,0.5,0.5,0.5,18.545338517571963,18.545338517571963,18.545338517571963,18.545338517571963
Marcel Granollers,1664.7074398656744,1381.7332139518917,1612.6852554855332,1503.655659987745,100.0,551.0,39.4,191.0,0,452,0.4,0.44,0.34,0.4,-32.757959833183804,-23.12833291953325,-186.16128099860225,-150.82182705233322
Francisco Fogues,1726.655218039947,1726.655218039947,1726.655218039947,1726.655218039947,333.0,102.0,47.7,190.0,1,52,0.5,0.5,0.5,0.5,20.576335906867826,20.576335906867826,20.576335906867826,20.576335906867826
Lefteris Alexiou,1419.2843042406012,1390.787434611632,1400.0,1419.2843042406012,1332.0,2.0,43.1,185.67156964873536,0,3,0.3333333333333333,0.3333333333333333,0.3333333333333333,0.3333333333333333,19.28430424060116,19.28430424060116,19.28430424060116,19.28430424060116
Michael Ray Pallares Gonzalez,1400.0,1400.0,1400.0,1400.0,2000.0,0.0,44.3,186.27336318231923,0,0,0.0,0.0,0.0,0.0,0.0,0.0,0.0,0.0
Ryler Deheart,1446.348380676052,1446.348380676052,1446.348380676052,1446.348380676052,270.0,168.0,41.7,183.0,1,4,0.25,0.25,0.25,0.25,46.34838067605188,46.34838067605188,46.34838067605188,46.34838067605188
Tim Van Rijthoven,1607.6259986773834,1383.4504376500631,1607.6259986773834,1635.7734063391013,2000.0,0.0,28.1,188.0,0,21,0.4,0.5238095238095238,0.5238095238095238,0.5238095238095238,235.4428033696593,207.62599867738345,207.62599867738345,207.62599867738345
Palaphoom Kovapitukted,1384.6629763128922,1360.1930580123287,1400.0,1384.6629763128922,2000.0,0.0,25.3,178.0,0,3,0.3333333333333333,0.3333333333333333,0.3333333333333333,0.3333333333333333,-15.33702368710783,-15.33702368710783,-15.33702368710783,-15.33702368710783
Vilius Gaubas,1373.912363938612,1378.3728627238686,1400.0,1373.912363938612,182.0,324.0,20.6,178.0,0,4,0.25,0.25,0.25,0.25,-26.08763606138814,-26.08763606138814,-26.08763606138814,-26.08763606138814
Sami Ghorbel,1400.0,1400.0,1400.0,1400.0,2000.0,0.0,33.1,185.67156964873536,0,0,0.0,0.0,0.0,0.0,0.0,0.0,0.0,0.0
Andrei Daescu,1400.0,1400.0,1400.0,1400.0,680.0,28.0,36.5,185.67156964873536,0,0,0.0,0.0,0.0,0.0,0.0,0.0,0.0,0.0
Mariano Zabaleta,1682.5036076363083,1797.2208043020764,2106.928322263262,2012.6162694170864,118.0,366.0,46.9,183.0,0,608,0.2,0.4,0.44,0.5,-42.12482794001608,-215.1418242209711,-218.3985688502746,-239.6976076068768
Philip Henning,1428.867566095735,1434.6154052626307,1372.2121012932785,1428.867566095735,360.0,137.0,24.8,185.67156964873536,0,5,0.6,0.6,0.6,0.6,28.867566095734677,28.867566095734677,28.867566095734677,28.867566095734677
Diego Cubas,1394.7177683774712,1394.7177683774712,1394.7177683774712,1394.7177683774712,1102.0,5.0,39.3,186.27336318231923,0,1,0.0,0.0,0.0,0.0,-5.282231622528798,-5.282231622528798,-5.282231622528798,-5.282231622528798
Christian Ruud,1883.8005363020927,1918.4241246665024,1958.0548587755068,1938.17629461433,173.0,227.0,52.7,188.0,0,182,0.6,0.36,0.375,0.375,-4.254532936378837,-68.377022887659,-68.377022887659,-68.377022887659
Alejandro Moro Canas,1432.2465087973874,1432.2465087973874,1441.2105102989706,1400.0,188.0,321.0,24.5,183.0,0,2,0.5,0.5,0.5,0.5,32.24650879738738,32.24650879738738,32.24650879738738,32.24650879738738
Stefano Tarallo,1800.2684620253185,1800.2684620253185,1819.136719032358,1800.2684620253185,151.0,244.0,49.5,185.0,0,50,0.0,0.0,0.0,0.0,0.0,0.0,0.0,0.0
Chris Brandi,1374.3822607269706,1374.3822607269706,1374.3822607269706,1374.3822607269706,2000.0,0.0,42.6,186.27336318231923,0,1,0.0,0.0,0.0,0.0,-25.61773927302943,-25.61773927302943,-25.61773927302943,-25.61773927302943
Komlavi Loglo,1391.9205822830186,1391.9205822830186,1391.9205822830186,1391.9205822830186,2000.0,0.0,40.0,183.0,0,1,0.0,0.0,0.0,0.0,-8.079417716981425,-8.079417716981425,-8.079417716981425,-8.079417716981425
Gustavo Heide,1414.8725150918149,1400.0,1429.7933106119704,1414.8725150918149,155.0,397.0,23.3,191.0,0,6,0.4,0.3333333333333333,0.3333333333333333,0.3333333333333333,14.872515091814876,14.872515091814876,14.872515091814876,14.872515091814876
Facundo Mena,1446.3069158120493,1446.3069158120493,1446.3069158120493,1446.3069158120493,151.0,362.0,32.9,183.0,0,0,0.0,0.0,0.0,0.0,0.0,0.0,0.0,0.0
Brian Macphie,1775.7464543448823,1775.7464543448823,1775.7464543448823,1775.7464543448823,419.0,59.0,52.7,180.0,1,51,1.0,1.0,1.0,1.0,26.883659262036645,26.883659262036645,26.883659262036645,26.883659262036645
Sergiy Stakhovsky,1617.3821613041705,1488.5233755438985,1307.4173213360662,1469.5291706569567,216.0,293.0,39.8,193.0,0,387,0.4,0.4,0.4,0.39,-54.0291780072132,-83.1707834999113,-117.71566586823452,-183.987135054098
Roko Karanusic,1552.1170403556494,1438.3816051908989,1386.2563416027858,1525.3139838810248,131.0,465.0,43.0,183.0,0,56,0.2,0.36,0.28,0.25,67.78209050847704,126.88269876010668,193.0729654639715,152.11704035564935
Michel Saade,1400.0,1400.0,1400.0,1400.0,2000.0,0.0,26.3,185.67156964873536,0,0,0.0,0.0,0.0,0.0,0.0,0.0,0.0,0.0
Juan Carlos Ferrero,1755.2266686214996,1846.382387472076,2101.52291463727,1970.5755033922417,161.0,325.0,45.6,183.0,0,1016,0.2,0.4,0.54,0.6,-186.6847814268276,-140.7504303674823,-156.23093502136885,-310.00421369327955
Ivo Karlovic,1501.7346180708664,1586.4843971542057,1485.925931830999,1826.0254798304288,221.0,309.0,46.5,208.0,0,728,0.4,0.32,0.36,0.4,-122.04675349968808,-98.97437826557166,-205.8667739974708,-410.8413090254387
Salvador Andres Bolanos,1372.867734910541,1400.0,1400.0,1372.867734910541,2000.0,0.0,26.8,185.67156964873536,0,1,0.0,0.0,0.0,0.0,-27.132265089459,-27.132265089459,-27.132265089459,-27.132265089459
Nicolas Almagro,1824.3644014821853,1488.6524299455973,1812.8368158042765,1351.6373387499668,661.0,38.0,39.9,183.0,0,678,0.4,0.4,0.5,0.48,-26.304851322222703,-35.54951386670041,-8.979123426880278,-180.73732650373967
Rolando Ruel,1364.8390809396242,1400.0,1375.45842243613,1364.8390809396242,2000.0,0.0,47.0,185.67156964873536,0,2,0.0,0.0,0.0,0.0,-35.16091906037582,-35.16091906037582,-35.16091906037582,-35.16091906037582
Gilles Simon,1641.0001327801167,1611.3397970653589,1423.7599824910692,1488.7509339961985,188.0,295.0,40.8,183.0,0,902,0.6,0.36,0.36,0.42,64.23809189365534,-114.97963373234164,-121.8914417626986,-196.93200964134667
Marc Abdulnour,1375.3696278263965,1381.2412348499622,1374.2553402876829,1375.3696278263965,983.0,9.0,36.6,186.27336318231923,0,6,0.4,0.3333333333333333,0.3333333333333333,0.3333333333333333,-24.63037217360352,-24.63037217360352,-24.63037217360352,-24.63037217360352
Walter Barahona,1400.0,1400.0,1400.0,1400.0,2000.0,0.0,52.9,185.67156964873536,0,0,0.0,0.0,0.0,0.0,0.0,0.0,0.0,0.0
Florent Serra,1599.40884501773,1705.4455735244394,1708.636131242546,1528.261019729545,450.0,88.0,44.5,180.0,0,302,0.0,0.24,0.28,0.37,-44.2562199054305,-158.0439518698745,-260.3005306407099,-229.89224720672016
Daniel Danilovic,1385.809545793736,1385.809545793736,1385.809545793736,1385.809545793736,527.0,83.0,36.9,185.67156964873536,0,1,0.0,0.0,0.0,0.0,-14.190454206263894,-14.190454206263894,-14.190454206263894,-14.190454206263894
Sunu Wahyu Trijati,1314.788522775023,1340.749328379908,1400.0,1314.788522775023,2000.0,0.0,37.8,186.27336318231923,0,10,0.4,0.2,0.2,0.2,-85.21147722497699,-85.21147722497699,-85.21147722497699,-85.21147722497699
Yong Il Yoon,1742.1811207918222,1792.6636720818697,1742.1811207918222,1719.0986699398918,284.0,114.0,51.3,175.0,0,60,0.4,0.4,0.4,0.4,10.868980128764631,10.868980128764631,10.868980128764631,10.868980128764631
Ivo Minar,1744.2004679901574,1696.0232177191729,1531.023495807621,1400.3422559126054,187.0,267.0,41.3,183.0,0,103,0.6,0.36,0.36,0.33,-33.340235831175505,26.767864357620734,76.20063707006943,182.0713130772656
Jean Nabi,1400.0,1400.0,1400.0,1400.0,2000.0,0.0,51.4,185.67156964873536,0,0,0.0,0.0,0.0,0.0,0.0,0.0,0.0,0.0
Alexei Popyrin,1853.412041203704,1746.2297109186752,1487.35937758135,1346.3530481597822,24.0,1775.0,26.2,196.0,0,205,0.6,0.64,0.56,0.53,138.2043229609635,137.34342395155727,196.0415014813207,318.4477231072574
Marcos Daniel,1525.2266821913645,1514.0104974307972,1800.3649778265856,1714.8780667636534,147.0,407.0,46.8,180.0,0,139,0.2,0.28,0.28,0.2696629213483146,-113.1747217183406,-43.76418248205232,-84.2936411201897,-214.94700411088616
Marwan Zewar,1400.0,1400.0,1400.0,1400.0,2000.0,0.0,45.4,185.67156964873536,0,0,0.0,0.0,0.0,0.0,0.0,0.0,0.0,0.0
Matteo Marrai,1400.0,1400.0,1400.0,1400.0,414.0,74.0,38.4,185.67156964873536,0,0,0.0,0.0,0.0,0.0,0.0,0.0,0.0,0.0
Scott Oudsema,1419.874563142587,1423.4725848355076,1419.874563142587,1400.0,261.0,151.0,38.6,190.0,0,4,0.25,0.25,0.25,0.25,19.87456314258702,19.87456314258702,19.87456314258702,19.87456314258702
Adam Jaya,1303.0880505221996,1322.1801562622857,1400.0,1303.0880505221996,2000.0,0.0,40.1,185.67156964873536,0,5,0.0,0.0,0.0,0.0,-96.91194947780036,-96.91194947780036,-96.91194947780036,-96.91194947780036
Jan Hajek,1551.053022067097,1335.88946646224,1789.5833962397485,1488.867705945896,111.0,505.0,41.5,180.0,0,112,0.2,0.36,0.28,0.34,-49.49916829498011,-93.95736711813856,-128.40324895883782,50.05218915458727
Arvind Parmar,1705.1669497630392,1732.9094344936427,1705.1669497630392,1811.6426621979745,206.0,190.0,47.0,193.0,0,90,0.4,0.28,0.325,0.325,-115.5087096034406,-132.10677346468356,-75.4510476353496,-75.4510476353496
Yannick Hanfmann,1701.581139838079,1445.3894094977577,1653.5891162857993,1401.7291344289974,95.0,594.0,33.8,193.0,0,151,0.8,0.52,0.46,0.49,63.716802883372566,6.377712385904488,22.97401732013577,59.11534055230027
Gaston Gaudio,1615.9052869835832,1708.9030932774235,2036.5611121494967,1878.656535845642,174.0,285.0,46.1,175.0,0,594,0.2,0.28,0.36,0.47,-141.34493469195195,-252.13297652505048,-315.1524495987292,-510.37123317000896
Hao Sheng Koay,1400.0,1400.0,1400.0,1400.0,2000.0,0.0,26.5,185.67156964873536,0,0,0.0,0.0,0.0,0.0,0.0,0.0,0.0,0.0
Gabriel Flores Ruiz,1351.6822246379172,1351.6822246379172,1351.6822246379172,1351.6822246379172,2000.0,0.0,33.0,185.67156964873536,0,4,0.25,0.25,0.25,0.25,-48.317775362082784,-48.317775362082784,-48.317775362082784,-48.317775362082784
Denys Molchanov,1422.5850775144293,1451.5603557601144,1400.0,1422.5850775144293,227.0,202.0,38.3,188.0,0,3,0.6666666666666666,0.6666666666666666,0.6666666666666666,0.6666666666666666,22.58507751442926,22.58507751442926,22.58507751442926,22.58507751442926
Cheuk Wai Hui,1420.9168250769694,1420.9168250769694,1420.9168250769694,1420.9168250769694,2000.0,0.0,39.9,185.67156964873536,0,1,1.0,1.0,1.0,1.0,20.916825076969417,20.916825076969417,20.916825076969417,20.916825076969417
Dannio Yahya,1381.5384596315482,1381.5384596315482,1381.5384596315482,1381.5384596315482,2000.0,0.0,39.4,185.67156964873536,0,1,0.0,0.0,0.0,0.0,-18.46154036845178,-18.46154036845178,-18.46154036845178,-18.46154036845178
Caleb Chakravarthi,1400.0,1400.0,1400.0,1400.0,2000.0,0.0,26.0,185.67156964873536,0,0,0.0,0.0,0.0,0.0,0.0,0.0,0.0,0.0
Genaro Alberto Olivieri,1400.0,1400.0,1400.0,1400.0,231.0,257.0,26.8,175.0,0,0,0.0,0.0,0.0,0.0,0.0,0.0,0.0,0.0
Adam Walton,1358.42359741749,1359.3215485838982,1426.346199655755,1433.62020677535,94.0,604.0,26.4,183.0,0,13,0.2,0.2307692307692307,0.2307692307692307,0.2307692307692307,-67.92260223826497,-67.92260223826497,-67.92260223826497,-67.92260223826497
Dmitry Tursunov,1641.3524847910974,1670.644179900137,1531.7925138050364,1696.6392569099105,645.0,40.0,42.7,185.0,0,466,0.2,0.32,0.34,0.47,-193.75317404890689,-189.34649778886865,-250.00895333357653,-100.37410244205056
Christopher Eldon,1370.7137826425242,1395.3814724444464,1400.0,1370.7137826425242,2000.0,0.0,39.9,185.67156964873536,0,2,0.0,0.0,0.0,0.0,-29.286217357475834,-29.286217357475834,-29.286217357475834,-29.286217357475834
Juan Andres Gomez,1425.0,1400.0,1400.0,1425.0,1437.0,2.0,37.7,185.67156964873536,0,1,1.0,1.0,1.0,1.0,25.0,25.0,25.0,25.0
Kasparas Zemaitelis,1400.0,1400.0,1400.0,1400.0,2000.0,0.0,29.4,185.67156964873536,0,0,0.0,0.0,0.0,0.0,0.0,0.0,0.0,0.0
Rodrigo Vallejo,1400.0,1400.0,1400.0,1400.0,2000.0,0.0,51.0,185.67156964873536,0,0,0.0,0.0,0.0,0.0,0.0,0.0,0.0,0.0
Vladimir Obradovic,1400.0,1400.0,1400.0,1400.0,775.0,13.0,44.2,196.0,0,0,0.0,0.0,0.0,0.0,0.0,0.0,0.0,0.0
Kj Hippensteel,1622.2498723459046,1622.2498723459046,1622.2498723459046,1622.2498723459046,207.0,189.0,45.3,190.0,1,13,0.3333333333333333,0.3333333333333333,0.3333333333333333,0.3333333333333333,19.351528782184914,19.351528782184914,19.351528782184914,19.351528782184914
Radek Stepanek,1759.1819855360554,1782.09900645778,1733.4654226411951,1855.385770571325,102.0,595.0,46.1,185.0,0,731,0.6,0.48,0.44,0.48,33.50934388978635,16.635874412142584,-104.6148368754084,-138.1457340320817
Javier Sanchez,1765.388104028476,1765.388104028476,1765.388104028476,1765.388104028476,281.0,136.0,56.9,178.0,0,50,0.0,0.0,0.0,0.0,0.0,0.0,0.0,0.0
Adam Kennedy,1385.0245307675527,1390.4333200049373,1385.0245307675527,1400.0,431.0,58.0,42.4,185.67156964873536,0,2,0.0,0.0,0.0,0.0,-14.975469232447267,-14.975469232447267,-14.975469232447267,-14.975469232447267
Martin Antonio Vergara Del Puerto,1395.130769464976,1395.130769464976,1395.130769464976,1395.130769464976,2000.0,0.0,20.7,185.67156964873536,0,2,0.5,0.5,0.5,0.5,-4.869230535023917,-4.869230535023917,-4.869230535023917,-4.869230535023917
Daniel Elahi Galan,1516.9720693645718,1385.396524551898,1424.812276797788,1502.4587754384372,124.0,486.0,29.1,191.0,0,125,0.6,0.28,0.32,0.4,-2.2937527726485314,-41.22839028234444,-100.60276559769954,-87.46824830508172
Jhonnatan Medina Alvarez,1460.2431100964702,1410.9988124724302,1422.7987603623014,1460.2431100964702,2000.0,0.0,43.4,185.67156964873536,1,18,0.2,0.4444444444444444,0.4444444444444444,0.4444444444444444,60.24311009647022,60.24311009647022,60.24311009647022,60.24311009647022
Benjamin Hassan,1542.280544954314,1425.740218617785,1500.763760985729,1542.280544954314,245.0,227.0,30.6,183.0,0,22,0.6,0.6363636363636364,0.6363636363636364,0.6363636363636364,72.75586561096407,142.28054495431388,142.28054495431388,142.28054495431388
Dimitri Badra,1400.0,1400.0,1400.0,1400.0,2000.0,0.0,24.1,185.67156964873536,0,0,0.0,0.0,0.0,0.0,0.0,0.0,0.0,0.0
Jan Choinski,1389.3594925997968,1400.0,1414.0727748923284,1398.5339263457367,276.0,199.0,29.2,196.0,0,9,0.2,0.2222222222222222,0.2222222222222222,0.2222222222222222,-10.640507400203203,-10.640507400203203,-10.640507400203203,-10.640507400203203
Francesco Maestrelli,1419.1461167346251,1419.1461167346251,1419.1461167346251,1419.1461167346251,186.0,298.0,22.8,196.0,0,0,0.0,0.0,0.0,0.0,0.0,0.0,0.0,0.0
Maurice Ruah,1720.3628479710655,1720.3628479710655,1720.3628479710655,1720.3628479710655,387.0,70.0,53.9,178.0,0,50,0.0,0.0,0.0,0.0,0.0,0.0,0.0,0.0
Pablo Galdon,1400.0,1400.0,1400.0,1400.0,305.0,153.0,39.2,185.67156964873536,0,0,0.0,0.0,0.0,0.0,0.0,0.0,0.0,0.0
Chieh Fu Wang,1400.483855628811,1400.483855628811,1400.483855628811,1400.483855628811,1047.0,10.0,32.0,186.27336318231923,0,2,0.5,0.5,0.5,0.5,0.483855628810943,0.483855628810943,0.483855628810943,0.483855628810943
Alexander Shevchenko,1630.435836757143,1569.7312351361538,1552.5368158294837,1421.962882709726,64.0,840.0,24.9,185.0,0,85,0.6,0.44,0.44,0.4470588235294118,-58.28241208702434,-45.94904992489637,-32.58943490785987,189.2057324799132
Alex Witt,1693.474053399187,1693.474053399187,1693.474053399187,1693.474053399187,498.0,41.0,49.2,185.67156964873536,0,50,0.0,0.0,0.0,0.0,0.0,0.0,0.0,0.0
Ranjeet Virali Murugesan,1400.0,1400.0,1400.0,1400.0,511.0,63.0,39.3,185.67156964873536,0,0,0.0,0.0,0.0,0.0,0.0,0.0,0.0,0.0
Jerome Golmard,1862.908696274587,2059.81502987278,1949.6825619876952,1976.4878119151351,252.0,142.0,52.0,188.0,1,442,0.6,0.44,0.5,0.52,-68.25426413765035,-175.18923912705964,-171.3145963647139,-203.9041360135905
Jeff Salzenstein,1703.5327519889777,1641.0545086625837,1659.3236119998055,1662.483574239766,495.0,47.0,51.3,185.0,1,46,0.4,0.28,0.3055555555555556,0.3055555555555556,-5.439466445529433,42.32731380834389,79.09911115405953,79.09911115405953
Andrei Vasilevski,1377.1472506726986,1384.9239805040318,1400.0,1377.1472506726986,785.0,19.0,34.3,185.0,0,5,0.2,0.2,0.2,0.2,-22.852749327301357,-22.852749327301357,-22.852749327301357,-22.852749327301357
Sascha Kloer,1400.0,1400.0,1400.0,1400.0,495.0,100.0,39.7,185.67156964873536,0,0,0.0,0.0,0.0,0.0,0.0,0.0,0.0,0.0
Lado Chikhladze,1405.325902496089,1377.379843986165,1389.694634800851,1405.325902496089,1012.0,17.0,39.7,186.27336318231923,0,15,0.4,0.3333333333333333,0.3333333333333333,0.3333333333333333,5.325902496088929,5.325902496088929,5.325902496088929,5.325902496088929
Frederik Nielsen,1552.150233702073,1492.72319939178,1371.1386872819292,1361.2944837820842,2000.0,0.0,41.5,190.0,0,56,0.6,0.6,0.48,0.4464285714285714,61.57639892434213,152.81227348511356,159.10758569222455,152.1502337020729
Israel Matos Gil,1565.358508147914,1565.358508147914,1565.358508147914,1565.358508147914,512.0,45.0,42.3,185.67156964873536,0,11,0.0,0.0,0.0,0.0,-0.6590841127808744,-0.6590841127808744,-0.6590841127808744,-0.6590841127808744
Tao Mu,1400.0,1400.0,1400.0,1400.0,573.0,63.0,25.3,180.0,0,0,0.0,0.0,0.0,0.0,0.0,0.0,0.0,0.0
